route;date;hour;prediction
1;2025-11-01;0;2.0
1;2025-11-01;1;0.0
1;2025-11-01;2;0.0
1;2025-11-01;3;0.0
1;2025-11-01;4;2.85
1;2025-11-01;5;84.31
1;2025-11-01;6;327.26
1;2025-11-01;7;897.65
1;2025-11-01;8;1097.42
1;2025-11-01;9;1073.76
1;2025-11-01;10;1118.2
1;2025-11-01;11;1137.18
1;2025-11-01;12;1225.97
1;2025-11-01;13;1281.58
1;2025-11-01;14;1205.8
1;2025-11-01;15;1194.86
1;2025-11-01;16;1172.7
1;2025-11-01;17;1195.89
1;2025-11-01;18;1045.78
1;2025-11-01;19;850.61
1;2025-11-01;20;596.84
1;2025-11-01;21;403.79
1;2025-11-01;22;175.01
1;2025-11-01;23;44.74
1;2025-11-02;0;2.23
1;2025-11-02;1;0.0
1;2025-11-02;2;0.0
1;2025-11-02;3;0.0
1;2025-11-02;4;0.05
1;2025-11-02;5;20.82
1;2025-11-02;6;110.34
1;2025-11-02;7;230.16
1;2025-11-02;8;314.16
1;2025-11-02;9;514.34
1;2025-11-02;10;615.25
1;2025-11-02;11;578.19
1;2025-11-02;12;717.51
1;2025-11-02;13;742.66
1;2025-11-02;14;676.97
1;2025-11-02;15;594.55
1;2025-11-02;16;543.68
1;2025-11-02;17;500.0
1;2025-11-02;18;437.2
1;2025-11-02;19;365.16
1;2025-11-02;20;289.93
1;2025-11-02;21;220.89
1;2025-11-02;22;91.56
1;2025-11-02;23;24.21
1;2025-11-03;0;2.4
1;2025-11-03;1;0.0
1;2025-11-03;2;0.0
1;2025-11-03;3;0.0
1;2025-11-03;4;0.05
1;2025-11-03;5;22.36
1;2025-11-03;6;118.5
1;2025-11-03;7;247.19
1;2025-11-03;8;337.4
1;2025-11-03;9;552.38
1;2025-11-03;10;660.76
1;2025-11-03;11;620.96
1;2025-11-03;12;770.58
1;2025-11-03;13;797.58
1;2025-11-03;14;727.04
1;2025-11-03;15;638.52
1;2025-11-03;16;583.89
1;2025-11-03;17;536.98
1;2025-11-03;18;469.53
1;2025-11-03;19;392.17
1;2025-11-03;20;311.37
1;2025-11-03;21;237.23
1;2025-11-03;22;98.33
1;2025-11-03;23;26.0
1;2025-11-04;0;2.39
1;2025-11-04;1;0.0
1;2025-11-04;2;0.0
1;2025-11-04;3;0.0
1;2025-11-04;4;0.05
1;2025-11-04;5;22.28
1;2025-11-04;6;118.07
1;2025-11-04;7;246.3
1;2025-11-04;8;336.19
1;2025-11-04;9;550.39
1;2025-11-04;10;658.38
1;2025-11-04;11;618.72
1;2025-11-04;12;767.81
1;2025-11-04;13;794.72
1;2025-11-04;14;724.42
1;2025-11-04;15;636.23
1;2025-11-04;16;581.79
1;2025-11-04;17;535.05
1;2025-11-04;18;467.85
1;2025-11-04;19;390.76
1;2025-11-04;20;310.25
1;2025-11-04;21;236.38
1;2025-11-04;22;97.98
1;2025-11-04;23;25.91
1;2025-11-05;0;3.42
1;2025-11-05;1;0.03
1;2025-11-05;2;0.0
1;2025-11-05;3;0.0
1;2025-11-05;4;8.21
1;2025-11-05;5;128.15
1;2025-11-05;6;533.2
1;2025-11-05;7;1532.15
1;2025-11-05;8;1943.88
1;2025-11-05;9;1447.09
1;2025-11-05;10;1294.9
1;2025-11-05;11;1323.74
1;2025-11-05;12;1362.56
1;2025-11-05;13;1393.93
1;2025-11-05;14;1363.74
1;2025-11-05;15;1535.95
1;2025-11-05;16;1510.03
1;2025-11-05;17;1785.12
1;2025-11-05;18;1848.68
1;2025-11-05;19;1369.49
1;2025-11-05;20;891.35
1;2025-11-05;21;488.53
1;2025-11-05;22;216.55
1;2025-11-05;23;47.33
1;2025-11-06;0;3.43
1;2025-11-06;1;0.03
1;2025-11-06;2;0.0
1;2025-11-06;3;0.0
1;2025-11-06;4;8.22
1;2025-11-06;5;128.4
1;2025-11-06;6;534.22
1;2025-11-06;7;1535.09
1;2025-11-06;8;1947.62
1;2025-11-06;9;1449.87
1;2025-11-06;10;1297.39
1;2025-11-06;11;1326.29
1;2025-11-06;12;1365.18
1;2025-11-06;13;1396.61
1;2025-11-06;14;1366.37
1;2025-11-06;15;1538.9
1;2025-11-06;16;1512.94
1;2025-11-06;17;1788.56
1;2025-11-06;18;1852.24
1;2025-11-06;19;1372.12
1;2025-11-06;20;893.06
1;2025-11-06;21;489.47
1;2025-11-06;22;216.97
1;2025-11-06;23;47.42
1;2025-11-07;0;5.15
1;2025-11-07;1;0.0
1;2025-11-07;2;0.0
1;2025-11-07;3;0.0
1;2025-11-07;4;6.34
1;2025-11-07;5;144.82
1;2025-11-07;6;508.69
1;2025-11-07;7;1527.62
1;2025-11-07;8;1817.02
1;2025-11-07;9;1404.38
1;2025-11-07;10;1286.13
1;2025-11-07;11;1434.76
1;2025-11-07;12;1365.5
1;2025-11-07;13;1447.7
1;2025-11-07;14;1396.53
1;2025-11-07;15;1551.71
1;2025-11-07;16;1602.26
1;2025-11-07;17;1732.1
1;2025-11-07;18;1528.86
1;2025-11-07;19;1189.55
1;2025-11-07;20;793.79
1;2025-11-07;21;493.56
1;2025-11-07;22;218.88
1;2025-11-07;23;53.75
1;2025-11-08;0;6.46
1;2025-11-08;1;0.0
1;2025-11-08;2;0.0
1;2025-11-08;3;0.0
1;2025-11-08;4;0.0
1;2025-11-08;5;34.77
1;2025-11-08;6;178.75
1;2025-11-08;7;381.94
1;2025-11-08;8;508.37
1;2025-11-08;9;803.25
1;2025-11-08;10;980.93
1;2025-11-08;11;893.74
1;2025-11-08;12;1112.0
1;2025-11-08;13;1145.84
1;2025-11-08;14;1049.89
1;2025-11-08;15;902.91
1;2025-11-08;16;821.19
1;2025-11-08;17;757.04
1;2025-11-08;18;650.4
1;2025-11-08;19;573.23
1;2025-11-08;20;435.69
1;2025-11-08;21;330.36
1;2025-11-08;22;139.12
1;2025-11-08;23;37.38
1;2025-11-09;0;0.32
1;2025-11-09;1;0.0
1;2025-11-09;2;0.0
1;2025-11-09;3;0.0
1;2025-11-09;4;0.11
1;2025-11-09;5;21.79
1;2025-11-09;6;119.54
1;2025-11-09;7;242.68
1;2025-11-09;8;340.77
1;2025-11-09;9;579.23
1;2025-11-09;10;678.13
1;2025-11-09;11;657.93
1;2025-11-09;12;814.32
1;2025-11-09;13;846.63
1;2025-11-09;14;767.77
1;2025-11-09;15;688.38
1;2025-11-09;16;632.76
1;2025-11-09;17;580.59
1;2025-11-09;18;516.15
1;2025-11-09;19;409.07
1;2025-11-09;20;339.07
1;2025-11-09;21;259.5
1;2025-11-09;22;105.96
1;2025-11-09;23;27.59
1;2025-11-10;0;3.3
1;2025-11-10;1;0.02
1;2025-11-10;2;0.0
1;2025-11-10;3;0.0
1;2025-11-10;4;7.91
1;2025-11-10;5;123.57
1;2025-11-10;6;514.12
1;2025-11-10;7;1477.32
1;2025-11-10;8;1874.32
1;2025-11-10;9;1395.31
1;2025-11-10;10;1248.56
1;2025-11-10;11;1276.37
1;2025-11-10;12;1313.8
1;2025-11-10;13;1344.04
1;2025-11-10;14;1314.94
1;2025-11-10;15;1480.98
1;2025-11-10;16;1456.0
1;2025-11-10;17;1721.24
1;2025-11-10;18;1782.53
1;2025-11-10;19;1320.48
1;2025-11-10;20;859.45
1;2025-11-10;21;471.05
1;2025-11-10;22;208.8
1;2025-11-10;23;45.63
1;2025-11-11;0;3.41
1;2025-11-11;1;0.03
1;2025-11-11;2;0.0
1;2025-11-11;3;0.0
1;2025-11-11;4;8.19
1;2025-11-11;5;127.9
1;2025-11-11;6;532.14
1;2025-11-11;7;1529.1
1;2025-11-11;8;1940.02
1;2025-11-11;9;1444.21
1;2025-11-11;10;1292.32
1;2025-11-11;11;1321.11
1;2025-11-11;12;1359.86
1;2025-11-11;13;1391.15
1;2025-11-11;14;1361.03
1;2025-11-11;15;1532.89
1;2025-11-11;16;1507.03
1;2025-11-11;17;1781.57
1;2025-11-11;18;1845.01
1;2025-11-11;19;1366.77
1;2025-11-11;20;889.58
1;2025-11-11;21;487.56
1;2025-11-11;22;216.12
1;2025-11-11;23;47.23
1;2025-11-12;0;3.41
1;2025-11-12;1;0.03
1;2025-11-12;2;0.0
1;2025-11-12;3;0.0
1;2025-11-12;4;8.17
1;2025-11-12;5;127.64
1;2025-11-12;6;531.07
1;2025-11-12;7;1526.03
1;2025-11-12;8;1936.12
1;2025-11-12;9;1441.31
1;2025-11-12;10;1289.73
1;2025-11-12;11;1318.46
1;2025-11-12;12;1357.12
1;2025-11-12;13;1388.36
1;2025-11-12;14;1358.3
1;2025-11-12;15;1529.82
1;2025-11-12;16;1504.01
1;2025-11-12;17;1778.0
1;2025-11-12;18;1841.3
1;2025-11-12;19;1364.02
1;2025-11-12;20;887.79
1;2025-11-12;21;486.58
1;2025-11-12;22;215.68
1;2025-11-12;23;47.14
1;2025-11-13;0;3.45
1;2025-11-13;1;0.03
1;2025-11-13;2;0.0
1;2025-11-13;3;0.0
1;2025-11-13;4;8.27
1;2025-11-13;5;129.12
1;2025-11-13;6;537.22
1;2025-11-13;7;1543.71
1;2025-11-13;8;1958.56
1;2025-11-13;9;1458.02
1;2025-11-13;10;1304.67
1;2025-11-13;11;1333.74
1;2025-11-13;12;1372.85
1;2025-11-13;13;1404.45
1;2025-11-13;14;1374.04
1;2025-11-13;15;1547.54
1;2025-11-13;16;1521.43
1;2025-11-13;17;1798.6
1;2025-11-13;18;1862.64
1;2025-11-13;19;1379.83
1;2025-11-13;20;898.08
1;2025-11-13;21;492.22
1;2025-11-13;22;218.18
1;2025-11-13;23;47.69
1;2025-11-14;0;5.15
1;2025-11-14;1;0.0
1;2025-11-14;2;0.0
1;2025-11-14;3;0.0
1;2025-11-14;4;6.34
1;2025-11-14;5;144.88
1;2025-11-14;6;508.89
1;2025-11-14;7;1528.23
1;2025-11-14;8;1817.75
1;2025-11-14;9;1404.94
1;2025-11-14;10;1286.65
1;2025-11-14;11;1435.34
1;2025-11-14;12;1366.05
1;2025-11-14;13;1448.28
1;2025-11-14;14;1397.08
1;2025-11-14;15;1552.33
1;2025-11-14;16;1602.9
1;2025-11-14;17;1732.79
1;2025-11-14;18;1529.47
1;2025-11-14;19;1190.02
1;2025-11-14;20;794.1
1;2025-11-14;21;493.76
1;2025-11-14;22;218.97
1;2025-11-14;23;53.77
1;2025-11-15;0;6.3
1;2025-11-15;1;0.0
1;2025-11-15;2;0.0
1;2025-11-15;3;0.0
1;2025-11-15;4;0.0
1;2025-11-15;5;33.91
1;2025-11-15;6;174.3
1;2025-11-15;7;372.43
1;2025-11-15;8;495.72
1;2025-11-15;9;783.26
1;2025-11-15;10;956.52
1;2025-11-15;11;871.5
1;2025-11-15;12;1084.32
1;2025-11-15;13;1117.32
1;2025-11-15;14;1023.77
1;2025-11-15;15;880.44
1;2025-11-15;16;800.76
1;2025-11-15;17;738.2
1;2025-11-15;18;634.21
1;2025-11-15;19;558.97
1;2025-11-15;20;424.84
1;2025-11-15;21;322.14
1;2025-11-15;22;135.66
1;2025-11-15;23;36.45
1;2025-11-16;0;0.32
1;2025-11-16;1;0.0
1;2025-11-16;2;0.0
1;2025-11-16;3;0.0
1;2025-11-16;4;0.11
1;2025-11-16;5;21.79
1;2025-11-16;6;119.54
1;2025-11-16;7;242.68
1;2025-11-16;8;340.77
1;2025-11-16;9;579.23
1;2025-11-16;10;678.13
1;2025-11-16;11;657.93
1;2025-11-16;12;814.32
1;2025-11-16;13;846.63
1;2025-11-16;14;767.77
1;2025-11-16;15;688.38
1;2025-11-16;16;632.76
1;2025-11-16;17;580.59
1;2025-11-16;18;516.15
1;2025-11-16;19;409.07
1;2025-11-16;20;339.07
1;2025-11-16;21;259.5
1;2025-11-16;22;105.96
1;2025-11-16;23;27.59
1;2025-11-17;0;3.26
1;2025-11-17;1;0.02
1;2025-11-17;2;0.0
1;2025-11-17;3;0.0
1;2025-11-17;4;7.82
1;2025-11-17;5;122.14
1;2025-11-17;6;508.19
1;2025-11-17;7;1460.28
1;2025-11-17;8;1852.71
1;2025-11-17;9;1379.21
1;2025-11-17;10;1234.16
1;2025-11-17;11;1261.65
1;2025-11-17;12;1298.65
1;2025-11-17;13;1328.54
1;2025-11-17;14;1299.78
1;2025-11-17;15;1463.9
1;2025-11-17;16;1439.2
1;2025-11-17;17;1701.39
1;2025-11-17;18;1761.97
1;2025-11-17;19;1305.25
1;2025-11-17;20;849.54
1;2025-11-17;21;465.61
1;2025-11-17;22;206.39
1;2025-11-17;23;45.11
1;2025-11-18;0;3.35
1;2025-11-18;1;0.03
1;2025-11-18;2;0.0
1;2025-11-18;3;0.0
1;2025-11-18;4;8.04
1;2025-11-18;5;125.52
1;2025-11-18;6;522.23
1;2025-11-18;7;1500.62
1;2025-11-18;8;1903.89
1;2025-11-18;9;1417.32
1;2025-11-18;10;1268.25
1;2025-11-18;11;1296.51
1;2025-11-18;12;1334.53
1;2025-11-18;13;1365.24
1;2025-11-18;14;1335.68
1;2025-11-18;15;1504.35
1;2025-11-18;16;1478.96
1;2025-11-18;17;1748.39
1;2025-11-18;18;1810.64
1;2025-11-18;19;1341.31
1;2025-11-18;20;873.01
1;2025-11-18;21;478.48
1;2025-11-18;22;212.09
1;2025-11-18;23;46.35
1;2025-11-19;0;3.42
1;2025-11-19;1;0.03
1;2025-11-19;2;0.0
1;2025-11-19;3;0.0
1;2025-11-19;4;8.21
1;2025-11-19;5;128.15
1;2025-11-19;6;533.2
1;2025-11-19;7;1532.15
1;2025-11-19;8;1943.88
1;2025-11-19;9;1447.09
1;2025-11-19;10;1294.9
1;2025-11-19;11;1323.74
1;2025-11-19;12;1362.56
1;2025-11-19;13;1393.93
1;2025-11-19;14;1363.74
1;2025-11-19;15;1535.95
1;2025-11-19;16;1510.03
1;2025-11-19;17;1785.12
1;2025-11-19;18;1848.68
1;2025-11-19;19;1369.49
1;2025-11-19;20;891.35
1;2025-11-19;21;488.53
1;2025-11-19;22;216.55
1;2025-11-19;23;47.33
1;2025-11-20;0;3.45
1;2025-11-20;1;0.03
1;2025-11-20;2;0.0
1;2025-11-20;3;0.0
1;2025-11-20;4;8.27
1;2025-11-20;5;129.17
1;2025-11-20;6;537.44
1;2025-11-20;7;1544.33
1;2025-11-20;8;1959.34
1;2025-11-20;9;1458.6
1;2025-11-20;10;1305.19
1;2025-11-20;11;1334.27
1;2025-11-20;12;1373.4
1;2025-11-20;13;1405.01
1;2025-11-20;14;1374.59
1;2025-11-20;15;1548.16
1;2025-11-20;16;1522.04
1;2025-11-20;17;1799.32
1;2025-11-20;18;1863.38
1;2025-11-20;19;1380.38
1;2025-11-20;20;898.44
1;2025-11-20;21;492.41
1;2025-11-20;22;218.27
1;2025-11-20;23;47.7
1;2025-11-21;0;5.15
1;2025-11-21;1;0.0
1;2025-11-21;2;0.0
1;2025-11-21;3;0.0
1;2025-11-21;4;6.35
1;2025-11-21;5;144.93
1;2025-11-21;6;509.1
1;2025-11-21;7;1528.84
1;2025-11-21;8;1818.48
1;2025-11-21;9;1405.5
1;2025-11-21;10;1287.16
1;2025-11-21;11;1435.91
1;2025-11-21;12;1366.6
1;2025-11-21;13;1448.86
1;2025-11-21;14;1397.64
1;2025-11-21;15;1552.95
1;2025-11-21;16;1603.54
1;2025-11-21;17;1733.49
1;2025-11-21;18;1530.08
1;2025-11-21;19;1190.5
1;2025-11-21;20;794.42
1;2025-11-21;21;493.96
1;2025-11-21;22;219.05
1;2025-11-21;23;53.79
1;2025-11-22;0;6.42
1;2025-11-22;1;0.0
1;2025-11-22;2;0.0
1;2025-11-22;3;0.0
1;2025-11-22;4;0.0
1;2025-11-22;5;34.55
1;2025-11-22;6;177.61
1;2025-11-22;7;379.5
1;2025-11-22;8;505.12
1;2025-11-22;9;798.12
1;2025-11-22;10;974.67
1;2025-11-22;11;888.04
1;2025-11-22;12;1104.9
1;2025-11-22;13;1138.53
1;2025-11-22;14;1043.19
1;2025-11-22;15;897.14
1;2025-11-22;16;815.95
1;2025-11-22;17;752.21
1;2025-11-22;18;646.25
1;2025-11-22;19;569.58
1;2025-11-22;20;432.91
1;2025-11-22;21;328.25
1;2025-11-22;22;138.23
1;2025-11-22;23;37.14
1;2025-11-23;0;0.32
1;2025-11-23;1;0.0
1;2025-11-23;2;0.0
1;2025-11-23;3;0.0
1;2025-11-23;4;0.11
1;2025-11-23;5;21.79
1;2025-11-23;6;119.54
1;2025-11-23;7;242.68
1;2025-11-23;8;340.77
1;2025-11-23;9;579.23
1;2025-11-23;10;678.13
1;2025-11-23;11;657.93
1;2025-11-23;12;814.32
1;2025-11-23;13;846.63
1;2025-11-23;14;767.77
1;2025-11-23;15;688.38
1;2025-11-23;16;632.76
1;2025-11-23;17;580.59
1;2025-11-23;18;516.15
1;2025-11-23;19;409.07
1;2025-11-23;20;339.07
1;2025-11-23;21;259.5
1;2025-11-23;22;105.96
1;2025-11-23;23;27.59
1;2025-11-24;0;3.24
1;2025-11-24;1;0.02
1;2025-11-24;2;0.0
1;2025-11-24;3;0.0
1;2025-11-24;4;7.78
1;2025-11-24;5;121.51
1;2025-11-24;6;505.55
1;2025-11-24;7;1452.71
1;2025-11-24;8;1843.1
1;2025-11-24;9;1372.06
1;2025-11-24;10;1227.76
1;2025-11-24;11;1255.11
1;2025-11-24;12;1291.92
1;2025-11-24;13;1321.65
1;2025-11-24;14;1293.04
1;2025-11-24;15;1456.31
1;2025-11-24;16;1431.74
1;2025-11-24;17;1692.57
1;2025-11-24;18;1752.83
1;2025-11-24;19;1298.48
1;2025-11-24;20;845.13
1;2025-11-24;21;463.2
1;2025-11-24;22;205.32
1;2025-11-24;23;44.87
1;2025-11-25;0;3.41
1;2025-11-25;1;0.03
1;2025-11-25;2;0.0
1;2025-11-25;3;0.0
1;2025-11-25;4;8.19
1;2025-11-25;5;127.9
1;2025-11-25;6;532.14
1;2025-11-25;7;1529.1
1;2025-11-25;8;1940.02
1;2025-11-25;9;1444.21
1;2025-11-25;10;1292.32
1;2025-11-25;11;1321.11
1;2025-11-25;12;1359.86
1;2025-11-25;13;1391.15
1;2025-11-25;14;1361.03
1;2025-11-25;15;1532.89
1;2025-11-25;16;1507.03
1;2025-11-25;17;1781.57
1;2025-11-25;18;1845.01
1;2025-11-25;19;1366.77
1;2025-11-25;20;889.58
1;2025-11-25;21;487.56
1;2025-11-25;22;216.12
1;2025-11-25;23;47.23
1;2025-11-26;0;3.35
1;2025-11-26;1;0.03
1;2025-11-26;2;0.0
1;2025-11-26;3;0.0
1;2025-11-26;4;8.05
1;2025-11-26;5;125.72
1;2025-11-26;6;523.06
1;2025-11-26;7;1503.01
1;2025-11-26;8;1906.92
1;2025-11-26;9;1419.57
1;2025-11-26;10;1270.27
1;2025-11-26;11;1298.57
1;2025-11-26;12;1336.65
1;2025-11-26;13;1367.42
1;2025-11-26;14;1337.81
1;2025-11-26;15;1506.74
1;2025-11-26;16;1481.32
1;2025-11-26;17;1751.18
1;2025-11-26;18;1813.53
1;2025-11-26;19;1343.45
1;2025-11-26;20;874.4
1;2025-11-26;21;479.24
1;2025-11-26;22;212.43
1;2025-11-26;23;46.43
1;2025-11-27;0;3.38
1;2025-11-27;1;0.03
1;2025-11-27;2;0.0
1;2025-11-27;3;0.0
1;2025-11-27;4;8.12
1;2025-11-27;5;126.87
1;2025-11-27;6;527.85
1;2025-11-27;7;1516.78
1;2025-11-27;8;1924.39
1;2025-11-27;9;1432.58
1;2025-11-27;10;1281.91
1;2025-11-27;11;1310.47
1;2025-11-27;12;1348.9
1;2025-11-27;13;1379.95
1;2025-11-27;14;1350.07
1;2025-11-27;15;1520.55
1;2025-11-27;16;1494.89
1;2025-11-27;17;1767.22
1;2025-11-27;18;1830.14
1;2025-11-27;19;1355.75
1;2025-11-27;20;882.41
1;2025-11-27;21;483.63
1;2025-11-27;22;214.38
1;2025-11-27;23;46.85
1;2025-11-28;0;5.16
1;2025-11-28;1;0.0
1;2025-11-28;2;0.0
1;2025-11-28;3;0.0
1;2025-11-28;4;6.35
1;2025-11-28;5;145.11
1;2025-11-28;6;509.71
1;2025-11-28;7;1530.68
1;2025-11-28;8;1820.66
1;2025-11-28;9;1407.19
1;2025-11-28;10;1288.71
1;2025-11-28;11;1437.63
1;2025-11-28;12;1368.24
1;2025-11-28;13;1450.6
1;2025-11-28;14;1399.32
1;2025-11-28;15;1554.81
1;2025-11-28;16;1605.47
1;2025-11-28;17;1735.57
1;2025-11-28;18;1531.92
1;2025-11-28;19;1191.93
1;2025-11-28;20;795.37
1;2025-11-28;21;494.55
1;2025-11-28;22;219.32
1;2025-11-28;23;53.86
1;2025-11-29;0;6.46
1;2025-11-29;1;0.0
1;2025-11-29;2;0.0
1;2025-11-29;3;0.0
1;2025-11-29;4;0.0
1;2025-11-29;5;34.77
1;2025-11-29;6;178.75
1;2025-11-29;7;381.94
1;2025-11-29;8;508.37
1;2025-11-29;9;803.25
1;2025-11-29;10;980.93
1;2025-11-29;11;893.74
1;2025-11-29;12;1112.0
1;2025-11-29;13;1145.84
1;2025-11-29;14;1049.89
1;2025-11-29;15;902.91
1;2025-11-29;16;821.19
1;2025-11-29;17;757.04
1;2025-11-29;18;650.4
1;2025-11-29;19;573.23
1;2025-11-29;20;435.69
1;2025-11-29;21;330.36
1;2025-11-29;22;139.12
1;2025-11-29;23;37.38
1;2025-11-30;0;0.32
1;2025-11-30;1;0.0
1;2025-11-30;2;0.0
1;2025-11-30;3;0.0
1;2025-11-30;4;0.11
1;2025-11-30;5;21.79
1;2025-11-30;6;119.54
1;2025-11-30;7;242.68
1;2025-11-30;8;340.77
1;2025-11-30;9;579.23
1;2025-11-30;10;678.13
1;2025-11-30;11;657.93
1;2025-11-30;12;814.32
1;2025-11-30;13;846.63
1;2025-11-30;14;767.77
1;2025-11-30;15;688.38
1;2025-11-30;16;632.76
1;2025-11-30;17;580.59
1;2025-11-30;18;516.15
1;2025-11-30;19;409.07
1;2025-11-30;20;339.07
1;2025-11-30;21;259.5
1;2025-11-30;22;105.96
1;2025-11-30;23;27.59
1;2025-12-01;0;3.33
1;2025-12-01;1;0.03
1;2025-12-01;2;0.0
1;2025-12-01;3;0.0
1;2025-12-01;4;7.62
1;2025-12-01;5;124.26
1;2025-12-01;6;521.38
1;2025-12-01;7;1468.34
1;2025-12-01;8;1853.85
1;2025-12-01;9;1393.31
1;2025-12-01;10;1241.54
1;2025-12-01;11;1279.62
1;2025-12-01;12;1315.97
1;2025-12-01;13;1337.79
1;2025-12-01;14;1308.57
1;2025-12-01;15;1476.63
1;2025-12-01;16;1449.46
1;2025-12-01;17;1709.48
1;2025-12-01;18;1766.56
1;2025-12-01;19;1314.5
1;2025-12-01;20;855.07
1;2025-12-01;21;472.28
1;2025-12-01;22;213.53
1;2025-12-01;23;47.1
1;2025-12-02;0;3.45
1;2025-12-02;1;0.03
1;2025-12-02;2;0.0
1;2025-12-02;3;0.0
1;2025-12-02;4;7.88
1;2025-12-02;5;128.61
1;2025-12-02;6;539.66
1;2025-12-02;7;1519.81
1;2025-12-02;8;1918.83
1;2025-12-02;9;1442.15
1;2025-12-02;10;1285.06
1;2025-12-02;11;1324.47
1;2025-12-02;12;1362.1
1;2025-12-02;13;1384.68
1;2025-12-02;14;1354.43
1;2025-12-02;15;1528.39
1;2025-12-02;16;1500.27
1;2025-12-02;17;1769.4
1;2025-12-02;18;1828.49
1;2025-12-02;19;1360.57
1;2025-12-02;20;885.04
1;2025-12-02;21;488.83
1;2025-12-02;22;221.02
1;2025-12-02;23;48.75
1;2025-12-03;0;3.45
1;2025-12-03;1;0.03
1;2025-12-03;2;0.0
1;2025-12-03;3;0.0
1;2025-12-03;4;7.9
1;2025-12-03;5;128.87
1;2025-12-03;6;540.73
1;2025-12-03;7;1522.84
1;2025-12-03;8;1922.65
1;2025-12-03;9;1445.02
1;2025-12-03;10;1287.62
1;2025-12-03;11;1327.11
1;2025-12-03;12;1364.81
1;2025-12-03;13;1387.44
1;2025-12-03;14;1357.13
1;2025-12-03;15;1531.44
1;2025-12-03;16;1503.26
1;2025-12-03;17;1772.93
1;2025-12-03;18;1832.13
1;2025-12-03;19;1363.28
1;2025-12-03;20;886.8
1;2025-12-03;21;489.8
1;2025-12-03;22;221.46
1;2025-12-03;23;48.85
1;2025-12-04;0;3.48
1;2025-12-04;1;0.03
1;2025-12-04;2;0.0
1;2025-12-04;3;0.0
1;2025-12-04;4;7.96
1;2025-12-04;5;129.9
1;2025-12-04;6;545.03
1;2025-12-04;7;1534.95
1;2025-12-04;8;1937.94
1;2025-12-04;9;1456.52
1;2025-12-04;10;1297.86
1;2025-12-04;11;1337.67
1;2025-12-04;12;1375.66
1;2025-12-04;13;1398.47
1;2025-12-04;14;1367.92
1;2025-12-04;15;1543.61
1;2025-12-04;16;1515.21
1;2025-12-04;17;1787.03
1;2025-12-04;18;1846.7
1;2025-12-04;19;1374.12
1;2025-12-04;20;893.85
1;2025-12-04;21;493.7
1;2025-12-04;22;223.22
1;2025-12-04;23;49.24
1;2025-12-05;0;5.29
1;2025-12-05;1;0.0
1;2025-12-05;2;0.0
1;2025-12-05;3;0.0
1;2025-12-05;4;6.18
1;2025-12-05;5;142.83
1;2025-12-05;6;519.27
1;2025-12-05;7;1524.59
1;2025-12-05;8;1805.78
1;2025-12-05;9;1404.57
1;2025-12-05;10;1282.13
1;2025-12-05;11;1435.03
1;2025-12-05;12;1369.01
1;2025-12-05;13;1445.33
1;2025-12-05;14;1384.51
1;2025-12-05;15;1547.31
1;2025-12-05;16;1597.32
1;2025-12-05;17;1715.62
1;2025-12-05;18;1526.97
1;2025-12-05;19;1180.82
1;2025-12-05;20;793.82
1;2025-12-05;21;500.15
1;2025-12-05;22;226.59
1;2025-12-05;23;58.36
1;2025-12-06;0;7.2
1;2025-12-06;1;0.0
1;2025-12-06;2;0.0
1;2025-12-06;3;0.0
1;2025-12-06;4;0.0
1;2025-12-06;5;35.43
1;2025-12-06;6;178.4
1;2025-12-06;7;378.69
1;2025-12-06;8;504.07
1;2025-12-06;9;792.48
1;2025-12-06;10;965.2
1;2025-12-06;11;882.47
1;2025-12-06;12;1100.28
1;2025-12-06;13;1125.58
1;2025-12-06;14;1040.31
1;2025-12-06;15;890.26
1;2025-12-06;16;820.68
1;2025-12-06;17;757.97
1;2025-12-06;18;648.85
1;2025-12-06;19;576.39
1;2025-12-06;20;429.72
1;2025-12-06;21;327.13
1;2025-12-06;22;139.36
1;2025-12-06;23;38.33
1;2025-12-07;0;0.4
1;2025-12-07;1;0.0
1;2025-12-07;2;0.0
1;2025-12-07;3;0.0
1;2025-12-07;4;0.13
1;2025-12-07;5;22.07
1;2025-12-07;6;119.05
1;2025-12-07;7;238.54
1;2025-12-07;8;335.28
1;2025-12-07;9;569.77
1;2025-12-07;10;672.91
1;2025-12-07;11;650.25
1;2025-12-07;12;810.64
1;2025-12-07;13;843.32
1;2025-12-07;14;761.39
1;2025-12-07;15;682.65
1;2025-12-07;16;624.05
1;2025-12-07;17;579.7
1;2025-12-07;18;511.48
1;2025-12-07;19;405.9
1;2025-12-07;20;334.3
1;2025-12-07;21;255.99
1;2025-12-07;22;105.25
1;2025-12-07;23;28.49
1;2025-12-08;0;3.33
1;2025-12-08;1;0.03
1;2025-12-08;2;0.0
1;2025-12-08;3;0.0
1;2025-12-08;4;7.62
1;2025-12-08;5;124.26
1;2025-12-08;6;521.38
1;2025-12-08;7;1468.34
1;2025-12-08;8;1853.85
1;2025-12-08;9;1393.31
1;2025-12-08;10;1241.54
1;2025-12-08;11;1279.62
1;2025-12-08;12;1315.97
1;2025-12-08;13;1337.79
1;2025-12-08;14;1308.57
1;2025-12-08;15;1476.63
1;2025-12-08;16;1449.46
1;2025-12-08;17;1709.48
1;2025-12-08;18;1766.56
1;2025-12-08;19;1314.5
1;2025-12-08;20;855.07
1;2025-12-08;21;472.28
1;2025-12-08;22;213.53
1;2025-12-08;23;47.1
1;2025-12-09;0;3.44
1;2025-12-09;1;0.03
1;2025-12-09;2;0.0
1;2025-12-09;3;0.0
1;2025-12-09;4;7.88
1;2025-12-09;5;128.51
1;2025-12-09;6;539.23
1;2025-12-09;7;1518.59
1;2025-12-09;8;1917.3
1;2025-12-09;9;1441.0
1;2025-12-09;10;1284.03
1;2025-12-09;11;1323.42
1;2025-12-09;12;1361.01
1;2025-12-09;13;1383.57
1;2025-12-09;14;1353.35
1;2025-12-09;15;1527.17
1;2025-12-09;16;1499.07
1;2025-12-09;17;1767.99
1;2025-12-09;18;1827.02
1;2025-12-09;19;1359.48
1;2025-12-09;20;884.33
1;2025-12-09;21;488.44
1;2025-12-09;22;220.84
1;2025-12-09;23;48.71
1;2025-12-10;0;3.44
1;2025-12-10;1;0.03
1;2025-12-10;2;0.0
1;2025-12-10;3;0.0
1;2025-12-10;4;7.88
1;2025-12-10;5;128.46
1;2025-12-10;6;539.01
1;2025-12-10;7;1517.97
1;2025-12-10;8;1916.51
1;2025-12-10;9;1440.41
1;2025-12-10;10;1283.51
1;2025-12-10;11;1322.87
1;2025-12-10;12;1360.45
1;2025-12-10;13;1383.01
1;2025-12-10;14;1352.8
1;2025-12-10;15;1526.54
1;2025-12-10;16;1498.46
1;2025-12-10;17;1767.26
1;2025-12-10;18;1826.27
1;2025-12-10;19;1358.93
1;2025-12-10;20;883.97
1;2025-12-10;21;488.24
1;2025-12-10;22;220.75
1;2025-12-10;23;48.69
1;2025-12-11;0;3.42
1;2025-12-11;1;0.03
1;2025-12-11;2;0.0
1;2025-12-11;3;0.0
1;2025-12-11;4;7.83
1;2025-12-11;5;127.73
1;2025-12-11;6;535.95
1;2025-12-11;7;1509.38
1;2025-12-11;8;1905.66
1;2025-12-11;9;1432.25
1;2025-12-11;10;1276.24
1;2025-12-11;11;1315.38
1;2025-12-11;12;1352.75
1;2025-12-11;13;1375.17
1;2025-12-11;14;1345.13
1;2025-12-11;15;1517.9
1;2025-12-11;16;1489.97
1;2025-12-11;17;1757.25
1;2025-12-11;18;1815.93
1;2025-12-11;19;1351.23
1;2025-12-11;20;878.96
1;2025-12-11;21;485.47
1;2025-12-11;22;219.5
1;2025-12-11;23;48.42
1;2025-12-12;0;5.22
1;2025-12-12;1;0.0
1;2025-12-12;2;0.0
1;2025-12-12;3;0.0
1;2025-12-12;4;6.1
1;2025-12-12;5;140.84
1;2025-12-12;6;512.05
1;2025-12-12;7;1503.4
1;2025-12-12;8;1780.67
1;2025-12-12;9;1385.04
1;2025-12-12;10;1264.31
1;2025-12-12;11;1415.08
1;2025-12-12;12;1349.97
1;2025-12-12;13;1425.23
1;2025-12-12;14;1365.26
1;2025-12-12;15;1525.8
1;2025-12-12;16;1575.12
1;2025-12-12;17;1691.77
1;2025-12-12;18;1505.74
1;2025-12-12;19;1164.41
1;2025-12-12;20;782.79
1;2025-12-12;21;493.19
1;2025-12-12;22;223.44
1;2025-12-12;23;57.55
1;2025-12-13;0;7.19
1;2025-12-13;1;0.0
1;2025-12-13;2;0.0
1;2025-12-13;3;0.0
1;2025-12-13;4;0.0
1;2025-12-13;5;35.38
1;2025-12-13;6;178.11
1;2025-12-13;7;378.09
1;2025-12-13;8;503.27
1;2025-12-13;9;791.21
1;2025-12-13;10;963.65
1;2025-12-13;11;881.05
1;2025-12-13;12;1098.52
1;2025-12-13;13;1123.78
1;2025-12-13;14;1038.65
1;2025-12-13;15;888.84
1;2025-12-13;16;819.37
1;2025-12-13;17;756.76
1;2025-12-13;18;647.82
1;2025-12-13;19;575.47
1;2025-12-13;20;429.03
1;2025-12-13;21;326.61
1;2025-12-13;22;139.14
1;2025-12-13;23;38.26
1;2025-12-14;0;0.4
1;2025-12-14;1;0.0
1;2025-12-14;2;0.0
1;2025-12-14;3;0.0
1;2025-12-14;4;0.13
1;2025-12-14;5;22.06
1;2025-12-14;6;119.0
1;2025-12-14;7;238.44
1;2025-12-14;8;335.15
1;2025-12-14;9;569.55
1;2025-12-14;10;672.64
1;2025-12-14;11;649.99
1;2025-12-14;12;810.32
1;2025-12-14;13;842.98
1;2025-12-14;14;761.08
1;2025-12-14;15;682.37
1;2025-12-14;16;623.8
1;2025-12-14;17;579.47
1;2025-12-14;18;511.27
1;2025-12-14;19;405.74
1;2025-12-14;20;334.16
1;2025-12-14;21;255.89
1;2025-12-14;22;105.21
1;2025-12-14;23;28.48
1;2025-12-15;0;3.33
1;2025-12-15;1;0.03
1;2025-12-15;2;0.0
1;2025-12-15;3;0.0
1;2025-12-15;4;7.61
1;2025-12-15;5;124.21
1;2025-12-15;6;521.17
1;2025-12-15;7;1467.76
1;2025-12-15;8;1853.11
1;2025-12-15;9;1392.76
1;2025-12-15;10;1241.05
1;2025-12-15;11;1279.11
1;2025-12-15;12;1315.44
1;2025-12-15;13;1337.25
1;2025-12-15;14;1308.04
1;2025-12-15;15;1476.04
1;2025-12-15;16;1448.88
1;2025-12-15;17;1708.8
1;2025-12-15;18;1765.86
1;2025-12-15;19;1313.97
1;2025-12-15;20;854.72
1;2025-12-15;21;472.09
1;2025-12-15;22;213.45
1;2025-12-15;23;47.08
1;2025-12-16;0;3.43
1;2025-12-16;1;0.03
1;2025-12-16;2;0.0
1;2025-12-16;3;0.0
1;2025-12-16;4;7.84
1;2025-12-16;5;127.9
1;2025-12-16;6;536.65
1;2025-12-16;7;1511.32
1;2025-12-16;8;1908.12
1;2025-12-16;9;1434.1
1;2025-12-16;10;1277.88
1;2025-12-16;11;1317.08
1;2025-12-16;12;1354.49
1;2025-12-16;13;1376.95
1;2025-12-16;14;1346.87
1;2025-12-16;15;1519.86
1;2025-12-16;16;1491.89
1;2025-12-16;17;1759.52
1;2025-12-16;18;1818.27
1;2025-12-16;19;1352.97
1;2025-12-16;20;880.09
1;2025-12-16;21;486.1
1;2025-12-16;22;219.79
1;2025-12-16;23;48.48
1;2025-12-17;0;3.45
1;2025-12-17;1;0.03
1;2025-12-17;2;0.0
1;2025-12-17;3;0.0
1;2025-12-17;4;7.9
1;2025-12-17;5;128.87
1;2025-12-17;6;540.73
1;2025-12-17;7;1522.84
1;2025-12-17;8;1922.65
1;2025-12-17;9;1445.02
1;2025-12-17;10;1287.62
1;2025-12-17;11;1327.11
1;2025-12-17;12;1364.81
1;2025-12-17;13;1387.44
1;2025-12-17;14;1357.13
1;2025-12-17;15;1531.44
1;2025-12-17;16;1503.26
1;2025-12-17;17;1772.93
1;2025-12-17;18;1832.13
1;2025-12-17;19;1363.28
1;2025-12-17;20;886.8
1;2025-12-17;21;489.8
1;2025-12-17;22;221.46
1;2025-12-17;23;48.85
1;2025-12-18;0;3.48
1;2025-12-18;1;0.03
1;2025-12-18;2;0.0
1;2025-12-18;3;0.0
1;2025-12-18;4;7.96
1;2025-12-18;5;129.9
1;2025-12-18;6;545.03
1;2025-12-18;7;1534.95
1;2025-12-18;8;1937.94
1;2025-12-18;9;1456.52
1;2025-12-18;10;1297.86
1;2025-12-18;11;1337.67
1;2025-12-18;12;1375.66
1;2025-12-18;13;1398.47
1;2025-12-18;14;1367.92
1;2025-12-18;15;1543.61
1;2025-12-18;16;1515.21
1;2025-12-18;17;1787.03
1;2025-12-18;18;1846.7
1;2025-12-18;19;1374.12
1;2025-12-18;20;893.85
1;2025-12-18;21;493.7
1;2025-12-18;22;223.22
1;2025-12-18;23;49.24
1;2025-12-19;0;5.29
1;2025-12-19;1;0.0
1;2025-12-19;2;0.0
1;2025-12-19;3;0.0
1;2025-12-19;4;6.18
1;2025-12-19;5;142.71
1;2025-12-19;6;518.85
1;2025-12-19;7;1523.37
1;2025-12-19;8;1804.33
1;2025-12-19;9;1403.45
1;2025-12-19;10;1281.11
1;2025-12-19;11;1433.88
1;2025-12-19;12;1367.91
1;2025-12-19;13;1444.17
1;2025-12-19;14;1383.4
1;2025-12-19;15;1546.07
1;2025-12-19;16;1596.05
1;2025-12-19;17;1714.25
1;2025-12-19;18;1525.75
1;2025-12-19;19;1179.88
1;2025-12-19;20;793.19
1;2025-12-19;21;499.75
1;2025-12-19;22;226.41
1;2025-12-19;23;58.31
1;2025-12-20;0;7.2
1;2025-12-20;1;0.0
1;2025-12-20;2;0.0
1;2025-12-20;3;0.0
1;2025-12-20;4;0.0
1;2025-12-20;5;35.43
1;2025-12-20;6;178.4
1;2025-12-20;7;378.69
1;2025-12-20;8;504.07
1;2025-12-20;9;792.48
1;2025-12-20;10;965.2
1;2025-12-20;11;882.47
1;2025-12-20;12;1100.28
1;2025-12-20;13;1125.58
1;2025-12-20;14;1040.31
1;2025-12-20;15;890.26
1;2025-12-20;16;820.68
1;2025-12-20;17;757.97
1;2025-12-20;18;648.85
1;2025-12-20;19;576.39
1;2025-12-20;20;429.72
1;2025-12-20;21;327.13
1;2025-12-20;22;139.36
1;2025-12-20;23;38.33
1;2025-12-21;0;0.4
1;2025-12-21;1;0.0
1;2025-12-21;2;0.0
1;2025-12-21;3;0.0
1;2025-12-21;4;0.13
1;2025-12-21;5;22.03
1;2025-12-21;6;118.81
1;2025-12-21;7;238.06
1;2025-12-21;8;334.61
1;2025-12-21;9;568.64
1;2025-12-21;10;671.56
1;2025-12-21;11;648.95
1;2025-12-21;12;809.02
1;2025-12-21;13;841.63
1;2025-12-21;14;759.87
1;2025-12-21;15;681.28
1;2025-12-21;16;622.81
1;2025-12-21;17;578.54
1;2025-12-21;18;510.46
1;2025-12-21;19;405.09
1;2025-12-21;20;333.63
1;2025-12-21;21;255.48
1;2025-12-21;22;105.04
1;2025-12-21;23;28.44
1;2025-12-22;0;3.25
1;2025-12-22;1;0.03
1;2025-12-22;2;0.0
1;2025-12-22;3;0.0
1;2025-12-22;4;7.44
1;2025-12-22;5;121.34
1;2025-12-22;6;509.12
1;2025-12-22;7;1433.8
1;2025-12-22;8;1810.25
1;2025-12-22;9;1360.54
1;2025-12-22;10;1212.34
1;2025-12-22;11;1249.52
1;2025-12-22;12;1285.02
1;2025-12-22;13;1306.32
1;2025-12-22;14;1277.79
1;2025-12-22;15;1441.9
1;2025-12-22;16;1415.37
1;2025-12-22;17;1669.27
1;2025-12-22;18;1725.01
1;2025-12-22;19;1283.58
1;2025-12-22;20;834.95
1;2025-12-22;21;461.17
1;2025-12-22;22;208.51
1;2025-12-22;23;45.99
1;2025-12-23;0;3.38
1;2025-12-23;1;0.03
1;2025-12-23;2;0.0
1;2025-12-23;3;0.0
1;2025-12-23;4;7.73
1;2025-12-23;5;126.04
1;2025-12-23;6;528.87
1;2025-12-23;7;1489.41
1;2025-12-23;8;1880.46
1;2025-12-23;9;1413.31
1;2025-12-23;10;1259.36
1;2025-12-23;11;1297.99
1;2025-12-23;12;1334.86
1;2025-12-23;13;1356.99
1;2025-12-23;14;1327.34
1;2025-12-23;15;1497.82
1;2025-12-23;16;1470.26
1;2025-12-23;17;1734.01
1;2025-12-23;18;1791.92
1;2025-12-23;19;1333.36
1;2025-12-23;20;867.34
1;2025-12-23;21;479.05
1;2025-12-23;22;216.6
1;2025-12-23;23;47.78
1;2025-12-24;0;3.38
1;2025-12-24;1;0.03
1;2025-12-24;2;0.0
1;2025-12-24;3;0.0
1;2025-12-24;4;7.72
1;2025-12-24;5;125.99
1;2025-12-24;6;528.65
1;2025-12-24;7;1488.8
1;2025-12-24;8;1879.68
1;2025-12-24;9;1412.73
1;2025-12-24;10;1258.84
1;2025-12-24;11;1297.45
1;2025-12-24;12;1334.31
1;2025-12-24;13;1356.43
1;2025-12-24;14;1326.8
1;2025-12-24;15;1497.21
1;2025-12-24;16;1469.66
1;2025-12-24;17;1733.3
1;2025-12-24;18;1791.18
1;2025-12-24;19;1332.81
1;2025-12-24;20;866.98
1;2025-12-24;21;478.86
1;2025-12-24;22;216.51
1;2025-12-24;23;47.76
1;2025-12-25;0;3.38
1;2025-12-25;1;0.03
1;2025-12-25;2;0.0
1;2025-12-25;3;0.0
1;2025-12-25;4;7.74
1;2025-12-25;5;126.18
1;2025-12-25;6;529.45
1;2025-12-25;7;1491.07
1;2025-12-25;8;1882.55
1;2025-12-25;9;1414.88
1;2025-12-25;10;1260.76
1;2025-12-25;11;1299.43
1;2025-12-25;12;1336.34
1;2025-12-25;13;1358.5
1;2025-12-25;14;1328.82
1;2025-12-25;15;1499.49
1;2025-12-25;16;1471.9
1;2025-12-25;17;1735.94
1;2025-12-25;18;1793.91
1;2025-12-25;19;1334.84
1;2025-12-25;20;868.3
1;2025-12-25;21;479.59
1;2025-12-25;22;216.84
1;2025-12-25;23;47.83
1;2025-12-26;0;5.08
1;2025-12-26;1;0.0
1;2025-12-26;2;0.0
1;2025-12-26;3;0.0
1;2025-12-26;4;5.93
1;2025-12-26;5;137.09
1;2025-12-26;6;498.4
1;2025-12-26;7;1463.34
1;2025-12-26;8;1733.23
1;2025-12-26;9;1348.14
1;2025-12-26;10;1230.63
1;2025-12-26;11;1377.38
1;2025-12-26;12;1314.01
1;2025-12-26;13;1387.26
1;2025-12-26;14;1328.89
1;2025-12-26;15;1485.15
1;2025-12-26;16;1533.15
1;2025-12-26;17;1646.7
1;2025-12-26;18;1465.63
1;2025-12-26;19;1133.39
1;2025-12-26;20;761.93
1;2025-12-26;21;480.06
1;2025-12-26;22;217.49
1;2025-12-26;23;56.02
1;2025-12-27;0;7.19
1;2025-12-27;1;0.0
1;2025-12-27;2;0.0
1;2025-12-27;3;0.0
1;2025-12-27;4;0.0
1;2025-12-27;5;35.36
1;2025-12-27;6;178.04
1;2025-12-27;7;377.94
1;2025-12-27;8;503.07
1;2025-12-27;9;790.9
1;2025-12-27;10;963.27
1;2025-12-27;11;880.7
1;2025-12-27;12;1098.08
1;2025-12-27;13;1123.33
1;2025-12-27;14;1038.23
1;2025-12-27;15;888.48
1;2025-12-27;16;819.04
1;2025-12-27;17;756.45
1;2025-12-27;18;647.56
1;2025-12-27;19;575.24
1;2025-12-27;20;428.86
1;2025-12-27;21;326.48
1;2025-12-27;22;139.08
1;2025-12-27;23;38.25
1;2025-12-28;0;0.4
1;2025-12-28;1;0.0
1;2025-12-28;2;0.0
1;2025-12-28;3;0.0
1;2025-12-28;4;0.13
1;2025-12-28;5;21.9
1;2025-12-28;6;118.1
1;2025-12-28;7;236.64
1;2025-12-28;8;332.61
1;2025-12-28;9;565.23
1;2025-12-28;10;667.55
1;2025-12-28;11;645.07
1;2025-12-28;12;804.18
1;2025-12-28;13;836.6
1;2025-12-28;14;755.32
1;2025-12-28;15;677.21
1;2025-12-28;16;619.08
1;2025-12-28;17;575.08
1;2025-12-28;18;507.4
1;2025-12-28;19;402.67
1;2025-12-28;20;331.63
1;2025-12-28;21;253.95
1;2025-12-28;22;104.41
1;2025-12-28;23;28.26
1;2025-12-29;0;2.98
1;2025-12-29;1;0.03
1;2025-12-29;2;0.0
1;2025-12-29;3;0.0
1;2025-12-29;4;6.81
1;2025-12-29;5;111.08
1;2025-12-29;6;466.07
1;2025-12-29;7;1312.55
1;2025-12-29;8;1657.16
1;2025-12-29;9;1245.48
1;2025-12-29;10;1109.82
1;2025-12-29;11;1143.85
1;2025-12-29;12;1176.35
1;2025-12-29;13;1195.85
1;2025-12-29;14;1169.73
1;2025-12-29;15;1319.96
1;2025-12-29;16;1295.68
1;2025-12-29;17;1528.11
1;2025-12-29;18;1579.13
1;2025-12-29;19;1175.03
1;2025-12-29;20;764.34
1;2025-12-29;21;422.17
1;2025-12-29;22;190.88
1;2025-12-29;23;42.1
1;2025-12-30;0;2.89
1;2025-12-30;1;0.03
1;2025-12-30;2;0.0
1;2025-12-30;3;0.0
1;2025-12-30;4;6.61
1;2025-12-30;5;107.8
1;2025-12-30;6;452.33
1;2025-12-30;7;1273.88
1;2025-12-30;8;1608.33
1;2025-12-30;9;1208.79
1;2025-12-30;10;1077.12
1;2025-12-30;11;1110.15
1;2025-12-30;12;1141.69
1;2025-12-30;13;1160.62
1;2025-12-30;14;1135.26
1;2025-12-30;15;1281.07
1;2025-12-30;16;1257.5
1;2025-12-30;17;1483.08
1;2025-12-30;18;1532.61
1;2025-12-30;19;1140.41
1;2025-12-30;20;741.82
1;2025-12-30;21;409.73
1;2025-12-30;22;185.25
1;2025-12-30;23;40.86
1;2025-12-31;0;6.2
1;2025-12-31;1;0.0
1;2025-12-31;2;0.0
1;2025-12-31;3;0.0
1;2025-12-31;4;0.0
1;2025-12-31;5;30.53
1;2025-12-31;6;153.69
1;2025-12-31;7;326.24
1;2025-12-31;8;434.26
1;2025-12-31;9;682.72
1;2025-12-31;10;831.51
1;2025-12-31;11;760.24
1;2025-12-31;12;947.88
1;2025-12-31;13;969.67
1;2025-12-31;14;896.22
1;2025-12-31;15;766.95
1;2025-12-31;16;707.01
1;2025-12-31;17;652.98
1;2025-12-31;18;558.98
1;2025-12-31;19;496.55
1;2025-12-31;20;370.2
1;2025-12-31;21;169.09
1;2025-12-31;22;72.04
1;2025-12-31;23;19.81
5;2025-11-01;0;0.0
5;2025-11-01;1;0.0
5;2025-11-01;2;0.0
5;2025-11-01;3;0.0
5;2025-11-01;4;0.0
5;2025-11-01;5;0.0
5;2025-11-01;6;0.0
5;2025-11-01;7;0.0
5;2025-11-01;8;0.0
5;2025-11-01;9;0.0
5;2025-11-01;10;0.0
5;2025-11-01;11;0.0
5;2025-11-01;12;0.0
5;2025-11-01;13;0.0
5;2025-11-01;14;0.0
5;2025-11-01;15;0.0
5;2025-11-01;16;0.0
5;2025-11-01;17;0.0
5;2025-11-01;18;0.0
5;2025-11-01;19;0.0
5;2025-11-01;20;0.0
5;2025-11-01;21;0.0
5;2025-11-01;22;0.0
5;2025-11-01;23;0.0
5;2025-11-02;0;0.0
5;2025-11-02;1;0.0
5;2025-11-02;2;0.0
5;2025-11-02;3;0.0
5;2025-11-02;4;0.0
5;2025-11-02;5;0.0
5;2025-11-02;6;0.0
5;2025-11-02;7;0.0
5;2025-11-02;8;0.0
5;2025-11-02;9;0.0
5;2025-11-02;10;0.0
5;2025-11-02;11;0.0
5;2025-11-02;12;0.0
5;2025-11-02;13;0.0
5;2025-11-02;14;0.0
5;2025-11-02;15;0.0
5;2025-11-02;16;0.0
5;2025-11-02;17;0.0
5;2025-11-02;18;0.0
5;2025-11-02;19;0.0
5;2025-11-02;20;0.0
5;2025-11-02;21;0.0
5;2025-11-02;22;0.0
5;2025-11-02;23;0.0
5;2025-11-03;0;0.0
5;2025-11-03;1;0.0
5;2025-11-03;2;0.0
5;2025-11-03;3;0.0
5;2025-11-03;4;0.0
5;2025-11-03;5;0.0
5;2025-11-03;6;0.0
5;2025-11-03;7;0.0
5;2025-11-03;8;0.0
5;2025-11-03;9;0.0
5;2025-11-03;10;0.0
5;2025-11-03;11;0.0
5;2025-11-03;12;0.0
5;2025-11-03;13;0.0
5;2025-11-03;14;0.0
5;2025-11-03;15;0.0
5;2025-11-03;16;0.0
5;2025-11-03;17;0.0
5;2025-11-03;18;0.0
5;2025-11-03;19;0.0
5;2025-11-03;20;0.0
5;2025-11-03;21;0.0
5;2025-11-03;22;0.0
5;2025-11-03;23;0.0
5;2025-11-04;0;0.0
5;2025-11-04;1;0.0
5;2025-11-04;2;0.0
5;2025-11-04;3;0.0
5;2025-11-04;4;0.0
5;2025-11-04;5;0.0
5;2025-11-04;6;0.0
5;2025-11-04;7;0.0
5;2025-11-04;8;0.0
5;2025-11-04;9;0.0
5;2025-11-04;10;0.0
5;2025-11-04;11;0.0
5;2025-11-04;12;0.0
5;2025-11-04;13;0.0
5;2025-11-04;14;0.0
5;2025-11-04;15;0.0
5;2025-11-04;16;0.0
5;2025-11-04;17;0.0
5;2025-11-04;18;0.0
5;2025-11-04;19;0.0
5;2025-11-04;20;0.0
5;2025-11-04;21;0.0
5;2025-11-04;22;0.0
5;2025-11-04;23;0.0
5;2025-11-05;0;0.0
5;2025-11-05;1;0.0
5;2025-11-05;2;0.0
5;2025-11-05;3;0.0
5;2025-11-05;4;0.0
5;2025-11-05;5;0.0
5;2025-11-05;6;0.0
5;2025-11-05;7;0.0
5;2025-11-05;8;0.0
5;2025-11-05;9;0.0
5;2025-11-05;10;0.0
5;2025-11-05;11;0.0
5;2025-11-05;12;0.0
5;2025-11-05;13;0.0
5;2025-11-05;14;0.0
5;2025-11-05;15;0.0
5;2025-11-05;16;0.0
5;2025-11-05;17;0.0
5;2025-11-05;18;0.0
5;2025-11-05;19;0.0
5;2025-11-05;20;0.0
5;2025-11-05;21;0.0
5;2025-11-05;22;0.0
5;2025-11-05;23;0.0
5;2025-11-06;0;0.0
5;2025-11-06;1;0.0
5;2025-11-06;2;0.0
5;2025-11-06;3;0.0
5;2025-11-06;4;0.0
5;2025-11-06;5;0.0
5;2025-11-06;6;0.0
5;2025-11-06;7;0.0
5;2025-11-06;8;0.0
5;2025-11-06;9;0.0
5;2025-11-06;10;0.0
5;2025-11-06;11;0.0
5;2025-11-06;12;0.0
5;2025-11-06;13;0.0
5;2025-11-06;14;0.0
5;2025-11-06;15;0.0
5;2025-11-06;16;0.0
5;2025-11-06;17;0.0
5;2025-11-06;18;0.0
5;2025-11-06;19;0.0
5;2025-11-06;20;0.0
5;2025-11-06;21;0.0
5;2025-11-06;22;0.0
5;2025-11-06;23;0.0
5;2025-11-07;0;0.0
5;2025-11-07;1;0.0
5;2025-11-07;2;0.0
5;2025-11-07;3;0.0
5;2025-11-07;4;0.0
5;2025-11-07;5;0.0
5;2025-11-07;6;0.0
5;2025-11-07;7;0.0
5;2025-11-07;8;0.0
5;2025-11-07;9;0.0
5;2025-11-07;10;0.0
5;2025-11-07;11;0.0
5;2025-11-07;12;0.0
5;2025-11-07;13;0.0
5;2025-11-07;14;0.0
5;2025-11-07;15;0.0
5;2025-11-07;16;0.0
5;2025-11-07;17;0.0
5;2025-11-07;18;0.0
5;2025-11-07;19;0.0
5;2025-11-07;20;0.0
5;2025-11-07;21;0.0
5;2025-11-07;22;0.0
5;2025-11-07;23;0.0
5;2025-11-08;0;0.0
5;2025-11-08;1;0.0
5;2025-11-08;2;0.0
5;2025-11-08;3;0.0
5;2025-11-08;4;0.0
5;2025-11-08;5;0.0
5;2025-11-08;6;0.0
5;2025-11-08;7;0.0
5;2025-11-08;8;0.0
5;2025-11-08;9;0.0
5;2025-11-08;10;0.0
5;2025-11-08;11;0.0
5;2025-11-08;12;0.0
5;2025-11-08;13;0.0
5;2025-11-08;14;0.0
5;2025-11-08;15;0.0
5;2025-11-08;16;0.0
5;2025-11-08;17;0.0
5;2025-11-08;18;0.0
5;2025-11-08;19;0.0
5;2025-11-08;20;0.0
5;2025-11-08;21;0.0
5;2025-11-08;22;0.0
5;2025-11-08;23;0.0
5;2025-11-09;0;0.0
5;2025-11-09;1;0.0
5;2025-11-09;2;0.0
5;2025-11-09;3;0.0
5;2025-11-09;4;0.0
5;2025-11-09;5;0.0
5;2025-11-09;6;0.0
5;2025-11-09;7;0.0
5;2025-11-09;8;0.0
5;2025-11-09;9;0.0
5;2025-11-09;10;0.0
5;2025-11-09;11;0.0
5;2025-11-09;12;0.0
5;2025-11-09;13;0.0
5;2025-11-09;14;0.0
5;2025-11-09;15;0.0
5;2025-11-09;16;0.0
5;2025-11-09;17;0.0
5;2025-11-09;18;0.0
5;2025-11-09;19;0.0
5;2025-11-09;20;0.0
5;2025-11-09;21;0.0
5;2025-11-09;22;0.0
5;2025-11-09;23;0.0
5;2025-11-10;0;0.0
5;2025-11-10;1;0.0
5;2025-11-10;2;0.0
5;2025-11-10;3;0.0
5;2025-11-10;4;0.0
5;2025-11-10;5;0.0
5;2025-11-10;6;0.0
5;2025-11-10;7;0.0
5;2025-11-10;8;0.0
5;2025-11-10;9;0.0
5;2025-11-10;10;0.0
5;2025-11-10;11;0.0
5;2025-11-10;12;0.0
5;2025-11-10;13;0.0
5;2025-11-10;14;0.0
5;2025-11-10;15;0.0
5;2025-11-10;16;0.0
5;2025-11-10;17;0.0
5;2025-11-10;18;0.0
5;2025-11-10;19;0.0
5;2025-11-10;20;0.0
5;2025-11-10;21;0.0
5;2025-11-10;22;0.0
5;2025-11-10;23;0.0
5;2025-11-11;0;0.0
5;2025-11-11;1;0.0
5;2025-11-11;2;0.0
5;2025-11-11;3;0.0
5;2025-11-11;4;0.0
5;2025-11-11;5;0.0
5;2025-11-11;6;0.0
5;2025-11-11;7;0.0
5;2025-11-11;8;0.0
5;2025-11-11;9;0.0
5;2025-11-11;10;0.0
5;2025-11-11;11;0.0
5;2025-11-11;12;0.0
5;2025-11-11;13;0.0
5;2025-11-11;14;0.0
5;2025-11-11;15;0.0
5;2025-11-11;16;0.0
5;2025-11-11;17;0.0
5;2025-11-11;18;0.0
5;2025-11-11;19;0.0
5;2025-11-11;20;0.0
5;2025-11-11;21;0.0
5;2025-11-11;22;0.0
5;2025-11-11;23;0.0
5;2025-11-12;0;0.0
5;2025-11-12;1;0.0
5;2025-11-12;2;0.0
5;2025-11-12;3;0.0
5;2025-11-12;4;0.0
5;2025-11-12;5;0.0
5;2025-11-12;6;0.0
5;2025-11-12;7;0.0
5;2025-11-12;8;0.0
5;2025-11-12;9;0.0
5;2025-11-12;10;0.0
5;2025-11-12;11;0.0
5;2025-11-12;12;0.0
5;2025-11-12;13;0.0
5;2025-11-12;14;0.0
5;2025-11-12;15;0.0
5;2025-11-12;16;0.0
5;2025-11-12;17;0.0
5;2025-11-12;18;0.0
5;2025-11-12;19;0.0
5;2025-11-12;20;0.0
5;2025-11-12;21;0.0
5;2025-11-12;22;0.0
5;2025-11-12;23;0.0
5;2025-11-13;0;0.0
5;2025-11-13;1;0.0
5;2025-11-13;2;0.0
5;2025-11-13;3;0.0
5;2025-11-13;4;0.0
5;2025-11-13;5;0.0
5;2025-11-13;6;0.0
5;2025-11-13;7;0.0
5;2025-11-13;8;0.0
5;2025-11-13;9;0.0
5;2025-11-13;10;0.0
5;2025-11-13;11;0.0
5;2025-11-13;12;0.0
5;2025-11-13;13;0.0
5;2025-11-13;14;0.0
5;2025-11-13;15;0.0
5;2025-11-13;16;0.0
5;2025-11-13;17;0.0
5;2025-11-13;18;0.0
5;2025-11-13;19;0.0
5;2025-11-13;20;0.0
5;2025-11-13;21;0.0
5;2025-11-13;22;0.0
5;2025-11-13;23;0.0
5;2025-11-14;0;0.0
5;2025-11-14;1;0.0
5;2025-11-14;2;0.0
5;2025-11-14;3;0.0
5;2025-11-14;4;0.0
5;2025-11-14;5;0.0
5;2025-11-14;6;0.0
5;2025-11-14;7;0.0
5;2025-11-14;8;0.0
5;2025-11-14;9;0.0
5;2025-11-14;10;0.0
5;2025-11-14;11;0.0
5;2025-11-14;12;0.0
5;2025-11-14;13;0.0
5;2025-11-14;14;0.0
5;2025-11-14;15;0.0
5;2025-11-14;16;0.0
5;2025-11-14;17;0.0
5;2025-11-14;18;0.0
5;2025-11-14;19;0.0
5;2025-11-14;20;0.0
5;2025-11-14;21;0.0
5;2025-11-14;22;0.0
5;2025-11-14;23;0.0
5;2025-11-15;0;0.0
5;2025-11-15;1;0.0
5;2025-11-15;2;0.0
5;2025-11-15;3;0.0
5;2025-11-15;4;0.0
5;2025-11-15;5;0.0
5;2025-11-15;6;0.0
5;2025-11-15;7;0.0
5;2025-11-15;8;0.0
5;2025-11-15;9;0.0
5;2025-11-15;10;0.0
5;2025-11-15;11;0.0
5;2025-11-15;12;0.0
5;2025-11-15;13;0.0
5;2025-11-15;14;0.0
5;2025-11-15;15;0.0
5;2025-11-15;16;0.0
5;2025-11-15;17;0.0
5;2025-11-15;18;0.0
5;2025-11-15;19;0.0
5;2025-11-15;20;0.0
5;2025-11-15;21;0.0
5;2025-11-15;22;0.0
5;2025-11-15;23;0.0
5;2025-11-16;0;0.0
5;2025-11-16;1;0.0
5;2025-11-16;2;0.0
5;2025-11-16;3;0.0
5;2025-11-16;4;0.0
5;2025-11-16;5;0.0
5;2025-11-16;6;0.0
5;2025-11-16;7;0.0
5;2025-11-16;8;0.0
5;2025-11-16;9;0.0
5;2025-11-16;10;0.0
5;2025-11-16;11;0.0
5;2025-11-16;12;0.0
5;2025-11-16;13;0.0
5;2025-11-16;14;0.0
5;2025-11-16;15;0.0
5;2025-11-16;16;0.0
5;2025-11-16;17;0.0
5;2025-11-16;18;0.0
5;2025-11-16;19;0.0
5;2025-11-16;20;0.0
5;2025-11-16;21;0.0
5;2025-11-16;22;0.0
5;2025-11-16;23;0.0
5;2025-11-17;0;0.0
5;2025-11-17;1;0.0
5;2025-11-17;2;0.0
5;2025-11-17;3;0.0
5;2025-11-17;4;0.0
5;2025-11-17;5;0.0
5;2025-11-17;6;0.0
5;2025-11-17;7;0.0
5;2025-11-17;8;0.0
5;2025-11-17;9;0.0
5;2025-11-17;10;0.0
5;2025-11-17;11;0.0
5;2025-11-17;12;0.0
5;2025-11-17;13;0.0
5;2025-11-17;14;0.0
5;2025-11-17;15;0.0
5;2025-11-17;16;0.0
5;2025-11-17;17;0.0
5;2025-11-17;18;0.0
5;2025-11-17;19;0.0
5;2025-11-17;20;0.0
5;2025-11-17;21;0.0
5;2025-11-17;22;0.0
5;2025-11-17;23;0.0
5;2025-11-18;0;0.0
5;2025-11-18;1;0.0
5;2025-11-18;2;0.0
5;2025-11-18;3;0.0
5;2025-11-18;4;0.0
5;2025-11-18;5;0.0
5;2025-11-18;6;0.0
5;2025-11-18;7;0.0
5;2025-11-18;8;0.0
5;2025-11-18;9;0.0
5;2025-11-18;10;0.0
5;2025-11-18;11;0.0
5;2025-11-18;12;0.0
5;2025-11-18;13;0.0
5;2025-11-18;14;0.0
5;2025-11-18;15;0.0
5;2025-11-18;16;0.0
5;2025-11-18;17;0.0
5;2025-11-18;18;0.0
5;2025-11-18;19;0.0
5;2025-11-18;20;0.0
5;2025-11-18;21;0.0
5;2025-11-18;22;0.0
5;2025-11-18;23;0.0
5;2025-11-19;0;0.0
5;2025-11-19;1;0.0
5;2025-11-19;2;0.0
5;2025-11-19;3;0.0
5;2025-11-19;4;0.0
5;2025-11-19;5;0.0
5;2025-11-19;6;0.0
5;2025-11-19;7;0.0
5;2025-11-19;8;0.0
5;2025-11-19;9;0.0
5;2025-11-19;10;0.0
5;2025-11-19;11;0.0
5;2025-11-19;12;0.0
5;2025-11-19;13;0.0
5;2025-11-19;14;0.0
5;2025-11-19;15;0.0
5;2025-11-19;16;0.0
5;2025-11-19;17;0.0
5;2025-11-19;18;0.0
5;2025-11-19;19;0.0
5;2025-11-19;20;0.0
5;2025-11-19;21;0.0
5;2025-11-19;22;0.0
5;2025-11-19;23;0.0
5;2025-11-20;0;0.0
5;2025-11-20;1;0.0
5;2025-11-20;2;0.0
5;2025-11-20;3;0.0
5;2025-11-20;4;0.0
5;2025-11-20;5;0.0
5;2025-11-20;6;0.0
5;2025-11-20;7;0.0
5;2025-11-20;8;0.0
5;2025-11-20;9;0.0
5;2025-11-20;10;0.0
5;2025-11-20;11;0.0
5;2025-11-20;12;0.0
5;2025-11-20;13;0.0
5;2025-11-20;14;0.0
5;2025-11-20;15;0.0
5;2025-11-20;16;0.0
5;2025-11-20;17;0.0
5;2025-11-20;18;0.0
5;2025-11-20;19;0.0
5;2025-11-20;20;0.0
5;2025-11-20;21;0.0
5;2025-11-20;22;0.0
5;2025-11-20;23;0.0
5;2025-11-21;0;0.0
5;2025-11-21;1;0.0
5;2025-11-21;2;0.0
5;2025-11-21;3;0.0
5;2025-11-21;4;0.0
5;2025-11-21;5;0.0
5;2025-11-21;6;0.0
5;2025-11-21;7;0.0
5;2025-11-21;8;0.0
5;2025-11-21;9;0.0
5;2025-11-21;10;0.0
5;2025-11-21;11;0.0
5;2025-11-21;12;0.0
5;2025-11-21;13;0.0
5;2025-11-21;14;0.0
5;2025-11-21;15;0.0
5;2025-11-21;16;0.0
5;2025-11-21;17;0.0
5;2025-11-21;18;0.0
5;2025-11-21;19;0.0
5;2025-11-21;20;0.0
5;2025-11-21;21;0.0
5;2025-11-21;22;0.0
5;2025-11-21;23;0.0
5;2025-11-22;0;0.0
5;2025-11-22;1;0.0
5;2025-11-22;2;0.0
5;2025-11-22;3;0.0
5;2025-11-22;4;0.0
5;2025-11-22;5;0.0
5;2025-11-22;6;0.0
5;2025-11-22;7;0.0
5;2025-11-22;8;0.0
5;2025-11-22;9;0.0
5;2025-11-22;10;0.0
5;2025-11-22;11;0.0
5;2025-11-22;12;0.0
5;2025-11-22;13;0.0
5;2025-11-22;14;0.0
5;2025-11-22;15;0.0
5;2025-11-22;16;0.0
5;2025-11-22;17;0.0
5;2025-11-22;18;0.0
5;2025-11-22;19;0.0
5;2025-11-22;20;0.0
5;2025-11-22;21;0.0
5;2025-11-22;22;0.0
5;2025-11-22;23;0.0
5;2025-11-23;0;0.0
5;2025-11-23;1;0.0
5;2025-11-23;2;0.0
5;2025-11-23;3;0.0
5;2025-11-23;4;0.0
5;2025-11-23;5;0.0
5;2025-11-23;6;0.0
5;2025-11-23;7;0.0
5;2025-11-23;8;0.0
5;2025-11-23;9;0.0
5;2025-11-23;10;0.0
5;2025-11-23;11;0.0
5;2025-11-23;12;0.0
5;2025-11-23;13;0.0
5;2025-11-23;14;0.0
5;2025-11-23;15;0.0
5;2025-11-23;16;0.0
5;2025-11-23;17;0.0
5;2025-11-23;18;0.0
5;2025-11-23;19;0.0
5;2025-11-23;20;0.0
5;2025-11-23;21;0.0
5;2025-11-23;22;0.0
5;2025-11-23;23;0.0
5;2025-11-24;0;0.0
5;2025-11-24;1;0.0
5;2025-11-24;2;0.0
5;2025-11-24;3;0.0
5;2025-11-24;4;0.0
5;2025-11-24;5;0.0
5;2025-11-24;6;0.0
5;2025-11-24;7;0.0
5;2025-11-24;8;0.0
5;2025-11-24;9;0.0
5;2025-11-24;10;0.0
5;2025-11-24;11;0.0
5;2025-11-24;12;0.0
5;2025-11-24;13;0.0
5;2025-11-24;14;0.0
5;2025-11-24;15;0.0
5;2025-11-24;16;0.0
5;2025-11-24;17;0.0
5;2025-11-24;18;0.0
5;2025-11-24;19;0.0
5;2025-11-24;20;0.0
5;2025-11-24;21;0.0
5;2025-11-24;22;0.0
5;2025-11-24;23;0.0
5;2025-11-25;0;0.0
5;2025-11-25;1;0.0
5;2025-11-25;2;0.0
5;2025-11-25;3;0.0
5;2025-11-25;4;0.0
5;2025-11-25;5;0.0
5;2025-11-25;6;0.0
5;2025-11-25;7;0.0
5;2025-11-25;8;0.0
5;2025-11-25;9;0.0
5;2025-11-25;10;0.0
5;2025-11-25;11;0.0
5;2025-11-25;12;0.0
5;2025-11-25;13;0.0
5;2025-11-25;14;0.0
5;2025-11-25;15;0.0
5;2025-11-25;16;0.0
5;2025-11-25;17;0.0
5;2025-11-25;18;0.0
5;2025-11-25;19;0.0
5;2025-11-25;20;0.0
5;2025-11-25;21;0.0
5;2025-11-25;22;0.0
5;2025-11-25;23;0.0
5;2025-11-26;0;0.0
5;2025-11-26;1;0.0
5;2025-11-26;2;0.0
5;2025-11-26;3;0.0
5;2025-11-26;4;0.0
5;2025-11-26;5;0.0
5;2025-11-26;6;0.0
5;2025-11-26;7;0.0
5;2025-11-26;8;0.0
5;2025-11-26;9;0.0
5;2025-11-26;10;0.0
5;2025-11-26;11;0.0
5;2025-11-26;12;0.0
5;2025-11-26;13;0.0
5;2025-11-26;14;0.0
5;2025-11-26;15;0.0
5;2025-11-26;16;0.0
5;2025-11-26;17;0.0
5;2025-11-26;18;0.0
5;2025-11-26;19;0.0
5;2025-11-26;20;0.0
5;2025-11-26;21;0.0
5;2025-11-26;22;0.0
5;2025-11-26;23;0.0
5;2025-11-27;0;0.0
5;2025-11-27;1;0.0
5;2025-11-27;2;0.0
5;2025-11-27;3;0.0
5;2025-11-27;4;0.0
5;2025-11-27;5;0.0
5;2025-11-27;6;0.0
5;2025-11-27;7;0.0
5;2025-11-27;8;0.0
5;2025-11-27;9;0.0
5;2025-11-27;10;0.0
5;2025-11-27;11;0.0
5;2025-11-27;12;0.0
5;2025-11-27;13;0.0
5;2025-11-27;14;0.0
5;2025-11-27;15;0.0
5;2025-11-27;16;0.0
5;2025-11-27;17;0.0
5;2025-11-27;18;0.0
5;2025-11-27;19;0.0
5;2025-11-27;20;0.0
5;2025-11-27;21;0.0
5;2025-11-27;22;0.0
5;2025-11-27;23;0.0
5;2025-11-28;0;0.0
5;2025-11-28;1;0.0
5;2025-11-28;2;0.0
5;2025-11-28;3;0.0
5;2025-11-28;4;0.0
5;2025-11-28;5;0.0
5;2025-11-28;6;0.0
5;2025-11-28;7;0.0
5;2025-11-28;8;0.0
5;2025-11-28;9;0.0
5;2025-11-28;10;0.0
5;2025-11-28;11;0.0
5;2025-11-28;12;0.0
5;2025-11-28;13;0.0
5;2025-11-28;14;0.0
5;2025-11-28;15;0.0
5;2025-11-28;16;0.0
5;2025-11-28;17;0.0
5;2025-11-28;18;0.0
5;2025-11-28;19;0.0
5;2025-11-28;20;0.0
5;2025-11-28;21;0.0
5;2025-11-28;22;0.0
5;2025-11-28;23;0.0
5;2025-11-29;0;0.0
5;2025-11-29;1;0.0
5;2025-11-29;2;0.0
5;2025-11-29;3;0.0
5;2025-11-29;4;0.0
5;2025-11-29;5;0.0
5;2025-11-29;6;0.0
5;2025-11-29;7;0.0
5;2025-11-29;8;0.0
5;2025-11-29;9;0.0
5;2025-11-29;10;0.0
5;2025-11-29;11;0.0
5;2025-11-29;12;0.0
5;2025-11-29;13;0.0
5;2025-11-29;14;0.0
5;2025-11-29;15;0.0
5;2025-11-29;16;0.0
5;2025-11-29;17;0.0
5;2025-11-29;18;0.0
5;2025-11-29;19;0.0
5;2025-11-29;20;0.0
5;2025-11-29;21;0.0
5;2025-11-29;22;0.0
5;2025-11-29;23;0.0
5;2025-11-30;0;0.0
5;2025-11-30;1;0.0
5;2025-11-30;2;0.0
5;2025-11-30;3;0.0
5;2025-11-30;4;0.0
5;2025-11-30;5;0.0
5;2025-11-30;6;0.0
5;2025-11-30;7;0.0
5;2025-11-30;8;0.0
5;2025-11-30;9;0.0
5;2025-11-30;10;0.0
5;2025-11-30;11;0.0
5;2025-11-30;12;0.0
5;2025-11-30;13;0.0
5;2025-11-30;14;0.0
5;2025-11-30;15;0.0
5;2025-11-30;16;0.0
5;2025-11-30;17;0.0
5;2025-11-30;18;0.0
5;2025-11-30;19;0.0
5;2025-11-30;20;0.0
5;2025-11-30;21;0.0
5;2025-11-30;22;0.0
5;2025-11-30;23;0.0
5;2025-12-01;0;0.0
5;2025-12-01;1;0.0
5;2025-12-01;2;0.0
5;2025-12-01;3;0.0
5;2025-12-01;4;0.0
5;2025-12-01;5;0.0
5;2025-12-01;6;0.0
5;2025-12-01;7;0.0
5;2025-12-01;8;0.0
5;2025-12-01;9;0.0
5;2025-12-01;10;0.0
5;2025-12-01;11;0.0
5;2025-12-01;12;0.0
5;2025-12-01;13;0.0
5;2025-12-01;14;0.0
5;2025-12-01;15;0.0
5;2025-12-01;16;0.0
5;2025-12-01;17;0.0
5;2025-12-01;18;0.0
5;2025-12-01;19;0.0
5;2025-12-01;20;0.0
5;2025-12-01;21;0.0
5;2025-12-01;22;0.0
5;2025-12-01;23;0.0
5;2025-12-02;0;0.0
5;2025-12-02;1;0.0
5;2025-12-02;2;0.0
5;2025-12-02;3;0.0
5;2025-12-02;4;0.0
5;2025-12-02;5;0.0
5;2025-12-02;6;0.0
5;2025-12-02;7;0.0
5;2025-12-02;8;0.0
5;2025-12-02;9;0.0
5;2025-12-02;10;0.0
5;2025-12-02;11;0.0
5;2025-12-02;12;0.0
5;2025-12-02;13;0.0
5;2025-12-02;14;0.0
5;2025-12-02;15;0.0
5;2025-12-02;16;0.0
5;2025-12-02;17;0.0
5;2025-12-02;18;0.0
5;2025-12-02;19;0.0
5;2025-12-02;20;0.0
5;2025-12-02;21;0.0
5;2025-12-02;22;0.0
5;2025-12-02;23;0.0
5;2025-12-03;0;0.0
5;2025-12-03;1;0.0
5;2025-12-03;2;0.0
5;2025-12-03;3;0.0
5;2025-12-03;4;0.0
5;2025-12-03;5;0.0
5;2025-12-03;6;0.0
5;2025-12-03;7;0.0
5;2025-12-03;8;0.0
5;2025-12-03;9;0.0
5;2025-12-03;10;0.0
5;2025-12-03;11;0.0
5;2025-12-03;12;0.0
5;2025-12-03;13;0.0
5;2025-12-03;14;0.0
5;2025-12-03;15;0.0
5;2025-12-03;16;0.0
5;2025-12-03;17;0.0
5;2025-12-03;18;0.0
5;2025-12-03;19;0.0
5;2025-12-03;20;0.0
5;2025-12-03;21;0.0
5;2025-12-03;22;0.0
5;2025-12-03;23;0.0
5;2025-12-04;0;0.0
5;2025-12-04;1;0.0
5;2025-12-04;2;0.0
5;2025-12-04;3;0.0
5;2025-12-04;4;0.0
5;2025-12-04;5;0.0
5;2025-12-04;6;0.0
5;2025-12-04;7;0.0
5;2025-12-04;8;0.0
5;2025-12-04;9;0.0
5;2025-12-04;10;0.0
5;2025-12-04;11;0.0
5;2025-12-04;12;0.0
5;2025-12-04;13;0.0
5;2025-12-04;14;0.0
5;2025-12-04;15;0.0
5;2025-12-04;16;0.0
5;2025-12-04;17;0.0
5;2025-12-04;18;0.0
5;2025-12-04;19;0.0
5;2025-12-04;20;0.0
5;2025-12-04;21;0.0
5;2025-12-04;22;0.0
5;2025-12-04;23;0.0
5;2025-12-05;0;0.0
5;2025-12-05;1;0.0
5;2025-12-05;2;0.0
5;2025-12-05;3;0.0
5;2025-12-05;4;0.0
5;2025-12-05;5;0.0
5;2025-12-05;6;0.0
5;2025-12-05;7;0.0
5;2025-12-05;8;0.0
5;2025-12-05;9;0.0
5;2025-12-05;10;0.0
5;2025-12-05;11;0.0
5;2025-12-05;12;0.0
5;2025-12-05;13;0.0
5;2025-12-05;14;0.0
5;2025-12-05;15;0.0
5;2025-12-05;16;0.0
5;2025-12-05;17;0.0
5;2025-12-05;18;0.0
5;2025-12-05;19;0.0
5;2025-12-05;20;0.0
5;2025-12-05;21;0.0
5;2025-12-05;22;0.0
5;2025-12-05;23;0.0
5;2025-12-06;0;0.0
5;2025-12-06;1;0.0
5;2025-12-06;2;0.0
5;2025-12-06;3;0.0
5;2025-12-06;4;0.0
5;2025-12-06;5;0.0
5;2025-12-06;6;0.0
5;2025-12-06;7;0.0
5;2025-12-06;8;0.0
5;2025-12-06;9;0.0
5;2025-12-06;10;0.0
5;2025-12-06;11;0.0
5;2025-12-06;12;0.0
5;2025-12-06;13;0.0
5;2025-12-06;14;0.0
5;2025-12-06;15;0.0
5;2025-12-06;16;0.0
5;2025-12-06;17;0.0
5;2025-12-06;18;0.0
5;2025-12-06;19;0.0
5;2025-12-06;20;0.0
5;2025-12-06;21;0.0
5;2025-12-06;22;0.0
5;2025-12-06;23;0.0
5;2025-12-07;0;0.0
5;2025-12-07;1;0.0
5;2025-12-07;2;0.0
5;2025-12-07;3;0.0
5;2025-12-07;4;0.0
5;2025-12-07;5;0.0
5;2025-12-07;6;0.0
5;2025-12-07;7;0.0
5;2025-12-07;8;0.0
5;2025-12-07;9;0.0
5;2025-12-07;10;0.0
5;2025-12-07;11;0.0
5;2025-12-07;12;0.0
5;2025-12-07;13;0.0
5;2025-12-07;14;0.0
5;2025-12-07;15;0.0
5;2025-12-07;16;0.0
5;2025-12-07;17;0.0
5;2025-12-07;18;0.0
5;2025-12-07;19;0.0
5;2025-12-07;20;0.0
5;2025-12-07;21;0.0
5;2025-12-07;22;0.0
5;2025-12-07;23;0.0
5;2025-12-08;0;0.0
5;2025-12-08;1;0.0
5;2025-12-08;2;0.0
5;2025-12-08;3;0.0
5;2025-12-08;4;0.0
5;2025-12-08;5;0.0
5;2025-12-08;6;0.0
5;2025-12-08;7;0.0
5;2025-12-08;8;0.0
5;2025-12-08;9;0.0
5;2025-12-08;10;0.0
5;2025-12-08;11;0.0
5;2025-12-08;12;0.0
5;2025-12-08;13;0.0
5;2025-12-08;14;0.0
5;2025-12-08;15;0.0
5;2025-12-08;16;0.0
5;2025-12-08;17;0.0
5;2025-12-08;18;0.0
5;2025-12-08;19;0.0
5;2025-12-08;20;0.0
5;2025-12-08;21;0.0
5;2025-12-08;22;0.0
5;2025-12-08;23;0.0
5;2025-12-09;0;0.0
5;2025-12-09;1;0.0
5;2025-12-09;2;0.0
5;2025-12-09;3;0.0
5;2025-12-09;4;0.0
5;2025-12-09;5;0.0
5;2025-12-09;6;0.0
5;2025-12-09;7;0.0
5;2025-12-09;8;0.0
5;2025-12-09;9;0.0
5;2025-12-09;10;0.0
5;2025-12-09;11;0.0
5;2025-12-09;12;0.0
5;2025-12-09;13;0.0
5;2025-12-09;14;0.0
5;2025-12-09;15;0.0
5;2025-12-09;16;0.0
5;2025-12-09;17;0.0
5;2025-12-09;18;0.0
5;2025-12-09;19;0.0
5;2025-12-09;20;0.0
5;2025-12-09;21;0.0
5;2025-12-09;22;0.0
5;2025-12-09;23;0.0
5;2025-12-10;0;0.0
5;2025-12-10;1;0.0
5;2025-12-10;2;0.0
5;2025-12-10;3;0.0
5;2025-12-10;4;0.0
5;2025-12-10;5;0.0
5;2025-12-10;6;0.0
5;2025-12-10;7;0.0
5;2025-12-10;8;0.0
5;2025-12-10;9;0.0
5;2025-12-10;10;0.0
5;2025-12-10;11;0.0
5;2025-12-10;12;0.0
5;2025-12-10;13;0.0
5;2025-12-10;14;0.0
5;2025-12-10;15;0.0
5;2025-12-10;16;0.0
5;2025-12-10;17;0.0
5;2025-12-10;18;0.0
5;2025-12-10;19;0.0
5;2025-12-10;20;0.0
5;2025-12-10;21;0.0
5;2025-12-10;22;0.0
5;2025-12-10;23;0.0
5;2025-12-11;0;0.0
5;2025-12-11;1;0.0
5;2025-12-11;2;0.0
5;2025-12-11;3;0.0
5;2025-12-11;4;0.0
5;2025-12-11;5;0.0
5;2025-12-11;6;0.0
5;2025-12-11;7;0.0
5;2025-12-11;8;0.0
5;2025-12-11;9;0.0
5;2025-12-11;10;0.0
5;2025-12-11;11;0.0
5;2025-12-11;12;0.0
5;2025-12-11;13;0.0
5;2025-12-11;14;0.0
5;2025-12-11;15;0.0
5;2025-12-11;16;0.0
5;2025-12-11;17;0.0
5;2025-12-11;18;0.0
5;2025-12-11;19;0.0
5;2025-12-11;20;0.0
5;2025-12-11;21;0.0
5;2025-12-11;22;0.0
5;2025-12-11;23;0.0
5;2025-12-12;0;0.0
5;2025-12-12;1;0.0
5;2025-12-12;2;0.0
5;2025-12-12;3;0.0
5;2025-12-12;4;0.0
5;2025-12-12;5;0.0
5;2025-12-12;6;0.0
5;2025-12-12;7;0.0
5;2025-12-12;8;0.0
5;2025-12-12;9;0.0
5;2025-12-12;10;0.0
5;2025-12-12;11;0.0
5;2025-12-12;12;0.0
5;2025-12-12;13;0.0
5;2025-12-12;14;0.0
5;2025-12-12;15;0.0
5;2025-12-12;16;0.0
5;2025-12-12;17;0.0
5;2025-12-12;18;0.0
5;2025-12-12;19;0.0
5;2025-12-12;20;0.0
5;2025-12-12;21;0.0
5;2025-12-12;22;0.0
5;2025-12-12;23;0.0
5;2025-12-13;0;0.0
5;2025-12-13;1;0.0
5;2025-12-13;2;0.0
5;2025-12-13;3;0.0
5;2025-12-13;4;0.0
5;2025-12-13;5;0.0
5;2025-12-13;6;0.0
5;2025-12-13;7;0.0
5;2025-12-13;8;0.0
5;2025-12-13;9;0.0
5;2025-12-13;10;0.0
5;2025-12-13;11;0.0
5;2025-12-13;12;0.0
5;2025-12-13;13;0.0
5;2025-12-13;14;0.0
5;2025-12-13;15;0.0
5;2025-12-13;16;0.0
5;2025-12-13;17;0.0
5;2025-12-13;18;0.0
5;2025-12-13;19;0.0
5;2025-12-13;20;0.0
5;2025-12-13;21;0.0
5;2025-12-13;22;0.0
5;2025-12-13;23;0.0
5;2025-12-14;0;0.0
5;2025-12-14;1;0.0
5;2025-12-14;2;0.0
5;2025-12-14;3;0.0
5;2025-12-14;4;0.0
5;2025-12-14;5;0.0
5;2025-12-14;6;0.0
5;2025-12-14;7;0.0
5;2025-12-14;8;0.0
5;2025-12-14;9;0.0
5;2025-12-14;10;0.0
5;2025-12-14;11;0.0
5;2025-12-14;12;0.0
5;2025-12-14;13;0.0
5;2025-12-14;14;0.0
5;2025-12-14;15;0.0
5;2025-12-14;16;0.0
5;2025-12-14;17;0.0
5;2025-12-14;18;0.0
5;2025-12-14;19;0.0
5;2025-12-14;20;0.0
5;2025-12-14;21;0.0
5;2025-12-14;22;0.0
5;2025-12-14;23;0.0
5;2025-12-15;0;0.0
5;2025-12-15;1;0.0
5;2025-12-15;2;0.0
5;2025-12-15;3;0.0
5;2025-12-15;4;0.0
5;2025-12-15;5;0.0
5;2025-12-15;6;0.0
5;2025-12-15;7;0.0
5;2025-12-15;8;0.0
5;2025-12-15;9;0.0
5;2025-12-15;10;0.0
5;2025-12-15;11;0.0
5;2025-12-15;12;0.0
5;2025-12-15;13;0.0
5;2025-12-15;14;0.0
5;2025-12-15;15;0.0
5;2025-12-15;16;0.0
5;2025-12-15;17;0.0
5;2025-12-15;18;0.0
5;2025-12-15;19;0.0
5;2025-12-15;20;0.0
5;2025-12-15;21;0.0
5;2025-12-15;22;0.0
5;2025-12-15;23;0.0
5;2025-12-16;0;0.0
5;2025-12-16;1;0.0
5;2025-12-16;2;0.0
5;2025-12-16;3;0.0
5;2025-12-16;4;0.0
5;2025-12-16;5;0.0
5;2025-12-16;6;0.0
5;2025-12-16;7;0.0
5;2025-12-16;8;0.0
5;2025-12-16;9;0.0
5;2025-12-16;10;0.0
5;2025-12-16;11;0.0
5;2025-12-16;12;0.0
5;2025-12-16;13;0.0
5;2025-12-16;14;0.0
5;2025-12-16;15;0.0
5;2025-12-16;16;0.0
5;2025-12-16;17;0.0
5;2025-12-16;18;0.0
5;2025-12-16;19;0.0
5;2025-12-16;20;0.0
5;2025-12-16;21;0.0
5;2025-12-16;22;0.0
5;2025-12-16;23;0.0
5;2025-12-17;0;0.0
5;2025-12-17;1;0.0
5;2025-12-17;2;0.0
5;2025-12-17;3;0.0
5;2025-12-17;4;0.0
5;2025-12-17;5;0.0
5;2025-12-17;6;0.0
5;2025-12-17;7;0.0
5;2025-12-17;8;0.0
5;2025-12-17;9;0.0
5;2025-12-17;10;0.0
5;2025-12-17;11;0.0
5;2025-12-17;12;0.0
5;2025-12-17;13;0.0
5;2025-12-17;14;0.0
5;2025-12-17;15;0.0
5;2025-12-17;16;0.0
5;2025-12-17;17;0.0
5;2025-12-17;18;0.0
5;2025-12-17;19;0.0
5;2025-12-17;20;0.0
5;2025-12-17;21;0.0
5;2025-12-17;22;0.0
5;2025-12-17;23;0.0
5;2025-12-18;0;0.0
5;2025-12-18;1;0.0
5;2025-12-18;2;0.0
5;2025-12-18;3;0.0
5;2025-12-18;4;0.0
5;2025-12-18;5;0.0
5;2025-12-18;6;0.0
5;2025-12-18;7;0.0
5;2025-12-18;8;0.0
5;2025-12-18;9;0.0
5;2025-12-18;10;0.0
5;2025-12-18;11;0.0
5;2025-12-18;12;0.0
5;2025-12-18;13;0.0
5;2025-12-18;14;0.0
5;2025-12-18;15;0.0
5;2025-12-18;16;0.0
5;2025-12-18;17;0.0
5;2025-12-18;18;0.0
5;2025-12-18;19;0.0
5;2025-12-18;20;0.0
5;2025-12-18;21;0.0
5;2025-12-18;22;0.0
5;2025-12-18;23;0.0
5;2025-12-19;0;0.0
5;2025-12-19;1;0.0
5;2025-12-19;2;0.0
5;2025-12-19;3;0.0
5;2025-12-19;4;0.0
5;2025-12-19;5;0.0
5;2025-12-19;6;0.0
5;2025-12-19;7;0.0
5;2025-12-19;8;0.0
5;2025-12-19;9;0.0
5;2025-12-19;10;0.0
5;2025-12-19;11;0.0
5;2025-12-19;12;0.0
5;2025-12-19;13;0.0
5;2025-12-19;14;0.0
5;2025-12-19;15;0.0
5;2025-12-19;16;0.0
5;2025-12-19;17;0.0
5;2025-12-19;18;0.0
5;2025-12-19;19;0.0
5;2025-12-19;20;0.0
5;2025-12-19;21;0.0
5;2025-12-19;22;0.0
5;2025-12-19;23;0.0
5;2025-12-20;0;0.0
5;2025-12-20;1;0.0
5;2025-12-20;2;0.0
5;2025-12-20;3;0.0
5;2025-12-20;4;0.0
5;2025-12-20;5;0.0
5;2025-12-20;6;0.0
5;2025-12-20;7;0.0
5;2025-12-20;8;0.0
5;2025-12-20;9;0.0
5;2025-12-20;10;0.0
5;2025-12-20;11;0.0
5;2025-12-20;12;0.0
5;2025-12-20;13;0.0
5;2025-12-20;14;0.0
5;2025-12-20;15;0.0
5;2025-12-20;16;0.0
5;2025-12-20;17;0.0
5;2025-12-20;18;0.0
5;2025-12-20;19;0.0
5;2025-12-20;20;0.0
5;2025-12-20;21;0.0
5;2025-12-20;22;0.0
5;2025-12-20;23;0.0
5;2025-12-21;0;0.0
5;2025-12-21;1;0.0
5;2025-12-21;2;0.0
5;2025-12-21;3;0.0
5;2025-12-21;4;0.0
5;2025-12-21;5;0.0
5;2025-12-21;6;0.0
5;2025-12-21;7;0.0
5;2025-12-21;8;0.0
5;2025-12-21;9;0.0
5;2025-12-21;10;0.0
5;2025-12-21;11;0.0
5;2025-12-21;12;0.0
5;2025-12-21;13;0.0
5;2025-12-21;14;0.0
5;2025-12-21;15;0.0
5;2025-12-21;16;0.0
5;2025-12-21;17;0.0
5;2025-12-21;18;0.0
5;2025-12-21;19;0.0
5;2025-12-21;20;0.0
5;2025-12-21;21;0.0
5;2025-12-21;22;0.0
5;2025-12-21;23;0.0
5;2025-12-22;0;0.0
5;2025-12-22;1;0.0
5;2025-12-22;2;0.0
5;2025-12-22;3;0.0
5;2025-12-22;4;0.0
5;2025-12-22;5;0.0
5;2025-12-22;6;0.0
5;2025-12-22;7;0.0
5;2025-12-22;8;0.0
5;2025-12-22;9;0.0
5;2025-12-22;10;0.0
5;2025-12-22;11;0.0
5;2025-12-22;12;0.0
5;2025-12-22;13;0.0
5;2025-12-22;14;0.0
5;2025-12-22;15;0.0
5;2025-12-22;16;0.0
5;2025-12-22;17;0.0
5;2025-12-22;18;0.0
5;2025-12-22;19;0.0
5;2025-12-22;20;0.0
5;2025-12-22;21;0.0
5;2025-12-22;22;0.0
5;2025-12-22;23;0.0
5;2025-12-23;0;0.0
5;2025-12-23;1;0.0
5;2025-12-23;2;0.0
5;2025-12-23;3;0.0
5;2025-12-23;4;0.0
5;2025-12-23;5;0.0
5;2025-12-23;6;0.0
5;2025-12-23;7;0.0
5;2025-12-23;8;0.0
5;2025-12-23;9;0.0
5;2025-12-23;10;0.0
5;2025-12-23;11;0.0
5;2025-12-23;12;0.0
5;2025-12-23;13;0.0
5;2025-12-23;14;0.0
5;2025-12-23;15;0.0
5;2025-12-23;16;0.0
5;2025-12-23;17;0.0
5;2025-12-23;18;0.0
5;2025-12-23;19;0.0
5;2025-12-23;20;0.0
5;2025-12-23;21;0.0
5;2025-12-23;22;0.0
5;2025-12-23;23;0.0
5;2025-12-24;0;0.0
5;2025-12-24;1;0.0
5;2025-12-24;2;0.0
5;2025-12-24;3;0.0
5;2025-12-24;4;0.0
5;2025-12-24;5;0.0
5;2025-12-24;6;0.0
5;2025-12-24;7;0.0
5;2025-12-24;8;0.0
5;2025-12-24;9;0.0
5;2025-12-24;10;0.0
5;2025-12-24;11;0.0
5;2025-12-24;12;0.0
5;2025-12-24;13;0.0
5;2025-12-24;14;0.0
5;2025-12-24;15;0.0
5;2025-12-24;16;0.0
5;2025-12-24;17;0.0
5;2025-12-24;18;0.0
5;2025-12-24;19;0.0
5;2025-12-24;20;0.0
5;2025-12-24;21;0.0
5;2025-12-24;22;0.0
5;2025-12-24;23;0.0
5;2025-12-25;0;0.0
5;2025-12-25;1;0.0
5;2025-12-25;2;0.0
5;2025-12-25;3;0.0
5;2025-12-25;4;0.0
5;2025-12-25;5;0.0
5;2025-12-25;6;0.0
5;2025-12-25;7;0.0
5;2025-12-25;8;0.0
5;2025-12-25;9;0.0
5;2025-12-25;10;0.0
5;2025-12-25;11;0.0
5;2025-12-25;12;0.0
5;2025-12-25;13;0.0
5;2025-12-25;14;0.0
5;2025-12-25;15;0.0
5;2025-12-25;16;0.0
5;2025-12-25;17;0.0
5;2025-12-25;18;0.0
5;2025-12-25;19;0.0
5;2025-12-25;20;0.0
5;2025-12-25;21;0.0
5;2025-12-25;22;0.0
5;2025-12-25;23;0.0
5;2025-12-26;0;0.0
5;2025-12-26;1;0.0
5;2025-12-26;2;0.0
5;2025-12-26;3;0.0
5;2025-12-26;4;0.0
5;2025-12-26;5;0.0
5;2025-12-26;6;0.0
5;2025-12-26;7;0.0
5;2025-12-26;8;0.0
5;2025-12-26;9;0.0
5;2025-12-26;10;0.0
5;2025-12-26;11;0.0
5;2025-12-26;12;0.0
5;2025-12-26;13;0.0
5;2025-12-26;14;0.0
5;2025-12-26;15;0.0
5;2025-12-26;16;0.0
5;2025-12-26;17;0.0
5;2025-12-26;18;0.0
5;2025-12-26;19;0.0
5;2025-12-26;20;0.0
5;2025-12-26;21;0.0
5;2025-12-26;22;0.0
5;2025-12-26;23;0.0
5;2025-12-27;0;0.0
5;2025-12-27;1;0.0
5;2025-12-27;2;0.0
5;2025-12-27;3;0.0
5;2025-12-27;4;0.0
5;2025-12-27;5;0.0
5;2025-12-27;6;0.0
5;2025-12-27;7;0.0
5;2025-12-27;8;0.0
5;2025-12-27;9;0.0
5;2025-12-27;10;0.0
5;2025-12-27;11;0.0
5;2025-12-27;12;0.0
5;2025-12-27;13;0.0
5;2025-12-27;14;0.0
5;2025-12-27;15;0.0
5;2025-12-27;16;0.0
5;2025-12-27;17;0.0
5;2025-12-27;18;0.0
5;2025-12-27;19;0.0
5;2025-12-27;20;0.0
5;2025-12-27;21;0.0
5;2025-12-27;22;0.0
5;2025-12-27;23;0.0
5;2025-12-28;0;0.0
5;2025-12-28;1;0.0
5;2025-12-28;2;0.0
5;2025-12-28;3;0.0
5;2025-12-28;4;0.0
5;2025-12-28;5;0.0
5;2025-12-28;6;0.0
5;2025-12-28;7;0.0
5;2025-12-28;8;0.0
5;2025-12-28;9;0.0
5;2025-12-28;10;0.0
5;2025-12-28;11;0.0
5;2025-12-28;12;0.0
5;2025-12-28;13;0.0
5;2025-12-28;14;0.0
5;2025-12-28;15;0.0
5;2025-12-28;16;0.0
5;2025-12-28;17;0.0
5;2025-12-28;18;0.0
5;2025-12-28;19;0.0
5;2025-12-28;20;0.0
5;2025-12-28;21;0.0
5;2025-12-28;22;0.0
5;2025-12-28;23;0.0
5;2025-12-29;0;0.0
5;2025-12-29;1;0.0
5;2025-12-29;2;0.0
5;2025-12-29;3;0.0
5;2025-12-29;4;0.0
5;2025-12-29;5;0.0
5;2025-12-29;6;0.0
5;2025-12-29;7;0.0
5;2025-12-29;8;0.0
5;2025-12-29;9;0.0
5;2025-12-29;10;0.0
5;2025-12-29;11;0.0
5;2025-12-29;12;0.0
5;2025-12-29;13;0.0
5;2025-12-29;14;0.0
5;2025-12-29;15;0.0
5;2025-12-29;16;0.0
5;2025-12-29;17;0.0
5;2025-12-29;18;0.0
5;2025-12-29;19;0.0
5;2025-12-29;20;0.0
5;2025-12-29;21;0.0
5;2025-12-29;22;0.0
5;2025-12-29;23;0.0
5;2025-12-30;0;0.0
5;2025-12-30;1;0.0
5;2025-12-30;2;0.0
5;2025-12-30;3;0.0
5;2025-12-30;4;0.0
5;2025-12-30;5;0.0
5;2025-12-30;6;0.0
5;2025-12-30;7;0.0
5;2025-12-30;8;0.0
5;2025-12-30;9;0.0
5;2025-12-30;10;0.0
5;2025-12-30;11;0.0
5;2025-12-30;12;0.0
5;2025-12-30;13;0.0
5;2025-12-30;14;0.0
5;2025-12-30;15;0.0
5;2025-12-30;16;0.0
5;2025-12-30;17;0.0
5;2025-12-30;18;0.0
5;2025-12-30;19;0.0
5;2025-12-30;20;0.0
5;2025-12-30;21;0.0
5;2025-12-30;22;0.0
5;2025-12-30;23;0.0
5;2025-12-31;0;0.0
5;2025-12-31;1;0.0
5;2025-12-31;2;0.0
5;2025-12-31;3;0.0
5;2025-12-31;4;0.0
5;2025-12-31;5;0.0
5;2025-12-31;6;0.0
5;2025-12-31;7;0.0
5;2025-12-31;8;0.0
5;2025-12-31;9;0.0
5;2025-12-31;10;0.0
5;2025-12-31;11;0.0
5;2025-12-31;12;0.0
5;2025-12-31;13;0.0
5;2025-12-31;14;0.0
5;2025-12-31;15;0.0
5;2025-12-31;16;0.0
5;2025-12-31;17;0.0
5;2025-12-31;18;0.0
5;2025-12-31;19;0.0
5;2025-12-31;20;0.0
5;2025-12-31;21;0.0
5;2025-12-31;22;0.0
5;2025-12-31;23;0.0
7;2025-11-01;0;109.0
7;2025-11-01;1;25.0
7;2025-11-01;2;0.14
7;2025-11-01;3;0.0
7;2025-11-01;4;1.02
7;2025-11-01;5;114.84
7;2025-11-01;6;485.91
7;2025-11-01;7;1002.28
7;2025-11-01;8;1538.25
7;2025-11-01;9;1278.14
7;2025-11-01;10;1235.07
7;2025-11-01;11;1233.84
7;2025-11-01;12;1419.3
7;2025-11-01;13;1422.26
7;2025-11-01;14;1503.57
7;2025-11-01;15;1508.24
7;2025-11-01;16;1577.83
7;2025-11-01;17;1649.9
7;2025-11-01;18;1570.68
7;2025-11-01;19;1189.37
7;2025-11-01;20;847.03
7;2025-11-01;21;573.55
7;2025-11-01;22;317.18
7;2025-11-01;23;207.85
7;2025-11-02;0;66.35
7;2025-11-02;1;15.24
7;2025-11-02;2;0.03
7;2025-11-02;3;0.0
7;2025-11-02;4;0.43
7;2025-11-02;5;24.52
7;2025-11-02;6;137.33
7;2025-11-02;7;207.75
7;2025-11-02;8;354.64
7;2025-11-02;9;406.87
7;2025-11-02;10;404.77
7;2025-11-02;11;501.01
7;2025-11-02;12;594.72
7;2025-11-02;13;571.47
7;2025-11-02;14;614.07
7;2025-11-02;15;588.15
7;2025-11-02;16;549.08
7;2025-11-02;17;558.71
7;2025-11-02;18;542.39
7;2025-11-02;19;435.24
7;2025-11-02;20;348.14
7;2025-11-02;21;261.24
7;2025-11-02;22;142.73
7;2025-11-02;23;92.99
7;2025-11-03;0;68.21
7;2025-11-03;1;15.66
7;2025-11-03;2;0.03
7;2025-11-03;3;0.0
7;2025-11-03;4;0.44
7;2025-11-03;5;25.21
7;2025-11-03;6;141.18
7;2025-11-03;7;213.57
7;2025-11-03;8;364.58
7;2025-11-03;9;418.28
7;2025-11-03;10;416.12
7;2025-11-03;11;515.06
7;2025-11-03;12;611.4
7;2025-11-03;13;587.49
7;2025-11-03;14;631.29
7;2025-11-03;15;604.64
7;2025-11-03;16;564.48
7;2025-11-03;17;574.37
7;2025-11-03;18;557.6
7;2025-11-03;19;447.44
7;2025-11-03;20;357.91
7;2025-11-03;21;268.56
7;2025-11-03;22;146.73
7;2025-11-03;23;95.6
7;2025-11-04;0;67.97
7;2025-11-04;1;15.61
7;2025-11-04;2;0.03
7;2025-11-04;3;0.0
7;2025-11-04;4;0.44
7;2025-11-04;5;25.12
7;2025-11-04;6;140.68
7;2025-11-04;7;212.8
7;2025-11-04;8;363.27
7;2025-11-04;9;416.78
7;2025-11-04;10;414.62
7;2025-11-04;11;513.21
7;2025-11-04;12;609.2
7;2025-11-04;13;585.38
7;2025-11-04;14;629.02
7;2025-11-04;15;602.47
7;2025-11-04;16;562.45
7;2025-11-04;17;572.31
7;2025-11-04;18;555.59
7;2025-11-04;19;445.83
7;2025-11-04;20;356.62
7;2025-11-04;21;267.6
7;2025-11-04;22;146.2
7;2025-11-04;23;95.26
7;2025-11-05;0;59.45
7;2025-11-05;1;11.5
7;2025-11-05;2;0.07
7;2025-11-05;3;0.0
7;2025-11-05;4;1.28
7;2025-11-05;5;190.15
7;2025-11-05;6;711.25
7;2025-11-05;7;1675.31
7;2025-11-05;8;2559.66
7;2025-11-05;9;1883.71
7;2025-11-05;10;1614.88
7;2025-11-05;11;1439.19
7;2025-11-05;12;1539.89
7;2025-11-05;13;1503.66
7;2025-11-05;14;1634.66
7;2025-11-05;15;1764.04
7;2025-11-05;16;1858.07
7;2025-11-05;17;2361.19
7;2025-11-05;18;2644.38
7;2025-11-05;19;1775.7
7;2025-11-05;20;1063.19
7;2025-11-05;21;639.38
7;2025-11-05;22;321.07
7;2025-11-05;23;184.75
7;2025-11-06;0;59.57
7;2025-11-06;1;11.52
7;2025-11-06;2;0.07
7;2025-11-06;3;0.0
7;2025-11-06;4;1.28
7;2025-11-06;5;190.52
7;2025-11-06;6;712.62
7;2025-11-06;7;1678.53
7;2025-11-06;8;2564.58
7;2025-11-06;9;1887.33
7;2025-11-06;10;1617.99
7;2025-11-06;11;1441.96
7;2025-11-06;12;1542.85
7;2025-11-06;13;1506.55
7;2025-11-06;14;1637.81
7;2025-11-06;15;1767.44
7;2025-11-06;16;1861.64
7;2025-11-06;17;2365.73
7;2025-11-06;18;2649.47
7;2025-11-06;19;1779.11
7;2025-11-06;20;1065.23
7;2025-11-06;21;640.61
7;2025-11-06;22;321.68
7;2025-11-06;23;185.1
7;2025-11-07;0;63.94
7;2025-11-07;1;14.57
7;2025-11-07;2;0.3
7;2025-11-07;3;0.0
7;2025-11-07;4;1.22
7;2025-11-07;5;180.9
7;2025-11-07;6;650.25
7;2025-11-07;7;1571.58
7;2025-11-07;8;2284.9
7;2025-11-07;9;1727.14
7;2025-11-07;10;1605.8
7;2025-11-07;11;1489.45
7;2025-11-07;12;1578.31
7;2025-11-07;13;1660.58
7;2025-11-07;14;1772.99
7;2025-11-07;15;1869.92
7;2025-11-07;16;2096.67
7;2025-11-07;17;2236.12
7;2025-11-07;18;2085.84
7;2025-11-07;19;1471.85
7;2025-11-07;20;1000.11
7;2025-11-07;21;605.43
7;2025-11-07;22;347.44
7;2025-11-07;23;218.51
7;2025-11-08;0;97.34
7;2025-11-08;1;21.87
7;2025-11-08;2;0.0
7;2025-11-08;3;0.0
7;2025-11-08;4;0.62
7;2025-11-08;5;42.15
7;2025-11-08;6;255.04
7;2025-11-08;7;372.69
7;2025-11-08;8;656.6
7;2025-11-08;9;659.71
7;2025-11-08;10;679.53
7;2025-11-08;11;755.27
7;2025-11-08;12;958.7
7;2025-11-08;13;908.11
7;2025-11-08;14;948.4
7;2025-11-08;15;890.46
7;2025-11-08;16;837.99
7;2025-11-08;17;847.19
7;2025-11-08;18;835.08
7;2025-11-08;19;704.02
7;2025-11-08;20;533.4
7;2025-11-08;21;408.98
7;2025-11-08;22;217.77
7;2025-11-08;23;148.8
7;2025-11-09;0;81.17
7;2025-11-09;1;18.99
7;2025-11-09;2;0.06
7;2025-11-09;3;0.0
7;2025-11-09;4;0.53
7;2025-11-09;5;25.58
7;2025-11-09;6;129.67
7;2025-11-09;7;205.54
7;2025-11-09;8;336.28
7;2025-11-09;9;452.81
7;2025-11-09;10;433.85
7;2025-11-09;11;598.44
7;2025-11-09;12;665.87
7;2025-11-09;13;649.22
7;2025-11-09;14;717.24
7;2025-11-09;15;699.79
7;2025-11-09;16;648.52
7;2025-11-09;17;663.82
7;2025-11-09;18;635.39
7;2025-11-09;19;485.58
7;2025-11-09;20;409.71
7;2025-11-09;21;301.18
7;2025-11-09;22;168.62
7;2025-11-09;23;104.9
7;2025-11-10;0;57.33
7;2025-11-10;1;11.09
7;2025-11-10;2;0.07
7;2025-11-10;3;0.0
7;2025-11-10;4;1.24
7;2025-11-10;5;183.35
7;2025-11-10;6;685.8
7;2025-11-10;7;1615.36
7;2025-11-10;8;2468.06
7;2025-11-10;9;1816.3
7;2025-11-10;10;1557.09
7;2025-11-10;11;1387.69
7;2025-11-10;12;1484.78
7;2025-11-10;13;1449.85
7;2025-11-10;14;1576.17
7;2025-11-10;15;1700.92
7;2025-11-10;16;1791.58
7;2025-11-10;17;2276.69
7;2025-11-10;18;2549.75
7;2025-11-10;19;1712.16
7;2025-11-10;20;1025.14
7;2025-11-10;21;616.5
7;2025-11-10;22;309.58
7;2025-11-10;23;178.14
7;2025-11-11;0;59.34
7;2025-11-11;1;11.48
7;2025-11-11;2;0.07
7;2025-11-11;3;0.0
7;2025-11-11;4;1.28
7;2025-11-11;5;189.77
7;2025-11-11;6;709.84
7;2025-11-11;7;1671.98
7;2025-11-11;8;2554.57
7;2025-11-11;9;1879.96
7;2025-11-11;10;1611.67
7;2025-11-11;11;1436.33
7;2025-11-11;12;1536.83
7;2025-11-11;13;1500.67
7;2025-11-11;14;1631.42
7;2025-11-11;15;1760.54
7;2025-11-11;16;1854.37
7;2025-11-11;17;2356.49
7;2025-11-11;18;2639.13
7;2025-11-11;19;1772.17
7;2025-11-11;20;1061.08
7;2025-11-11;21;638.11
7;2025-11-11;22;320.43
7;2025-11-11;23;184.38
7;2025-11-12;0;59.22
7;2025-11-12;1;11.45
7;2025-11-12;2;0.07
7;2025-11-12;3;0.0
7;2025-11-12;4;1.28
7;2025-11-12;5;189.39
7;2025-11-12;6;708.41
7;2025-11-12;7;1668.63
7;2025-11-12;8;2549.44
7;2025-11-12;9;1876.19
7;2025-11-12;10;1608.44
7;2025-11-12;11;1433.45
7;2025-11-12;12;1533.74
7;2025-11-12;13;1497.65
7;2025-11-12;14;1628.14
7;2025-11-12;15;1757.0
7;2025-11-12;16;1850.65
7;2025-11-12;17;2351.76
7;2025-11-12;18;2633.83
7;2025-11-12;19;1768.61
7;2025-11-12;20;1058.94
7;2025-11-12;21;636.82
7;2025-11-12;22;319.79
7;2025-11-12;23;184.01
7;2025-11-13;0;59.9
7;2025-11-13;1;11.59
7;2025-11-13;2;0.08
7;2025-11-13;3;0.0
7;2025-11-13;4;1.29
7;2025-11-13;5;191.59
7;2025-11-13;6;716.62
7;2025-11-13;7;1687.96
7;2025-11-13;8;2578.98
7;2025-11-13;9;1897.93
7;2025-11-13;10;1627.07
7;2025-11-13;11;1450.06
7;2025-11-13;12;1551.52
7;2025-11-13;13;1515.01
7;2025-11-13;14;1647.01
7;2025-11-13;15;1777.36
7;2025-11-13;16;1872.09
7;2025-11-13;17;2379.01
7;2025-11-13;18;2664.35
7;2025-11-13;19;1789.1
7;2025-11-13;20;1071.22
7;2025-11-13;21;644.2
7;2025-11-13;22;323.49
7;2025-11-13;23;186.14
7;2025-11-14;0;63.97
7;2025-11-14;1;14.58
7;2025-11-14;2;0.3
7;2025-11-14;3;0.0
7;2025-11-14;4;1.22
7;2025-11-14;5;180.97
7;2025-11-14;6;650.51
7;2025-11-14;7;1572.21
7;2025-11-14;8;2285.81
7;2025-11-14;9;1727.83
7;2025-11-14;10;1606.44
7;2025-11-14;11;1490.04
7;2025-11-14;12;1578.94
7;2025-11-14;13;1661.25
7;2025-11-14;14;1773.7
7;2025-11-14;15;1870.66
7;2025-11-14;16;2097.5
7;2025-11-14;17;2237.01
7;2025-11-14;18;2086.67
7;2025-11-14;19;1472.44
7;2025-11-14;20;1000.51
7;2025-11-14;21;605.67
7;2025-11-14;22;347.58
7;2025-11-14;23;218.6
7;2025-11-15;0;94.92
7;2025-11-15;1;21.32
7;2025-11-15;2;0.0
7;2025-11-15;3;0.0
7;2025-11-15;4;0.61
7;2025-11-15;5;41.1
7;2025-11-15;6;248.69
7;2025-11-15;7;363.41
7;2025-11-15;8;640.26
7;2025-11-15;9;643.3
7;2025-11-15;10;662.62
7;2025-11-15;11;736.48
7;2025-11-15;12;934.84
7;2025-11-15;13;885.51
7;2025-11-15;14;924.8
7;2025-11-15;15;868.3
7;2025-11-15;16;817.14
7;2025-11-15;17;826.11
7;2025-11-15;18;814.3
7;2025-11-15;19;686.5
7;2025-11-15;20;520.12
7;2025-11-15;21;398.8
7;2025-11-15;22;212.35
7;2025-11-15;23;145.1
7;2025-11-16;0;81.17
7;2025-11-16;1;18.99
7;2025-11-16;2;0.06
7;2025-11-16;3;0.0
7;2025-11-16;4;0.53
7;2025-11-16;5;25.58
7;2025-11-16;6;129.67
7;2025-11-16;7;205.54
7;2025-11-16;8;336.28
7;2025-11-16;9;452.81
7;2025-11-16;10;433.85
7;2025-11-16;11;598.44
7;2025-11-16;12;665.87
7;2025-11-16;13;649.22
7;2025-11-16;14;717.24
7;2025-11-16;15;699.79
7;2025-11-16;16;648.52
7;2025-11-16;17;663.82
7;2025-11-16;18;635.39
7;2025-11-16;19;485.58
7;2025-11-16;20;409.71
7;2025-11-16;21;301.18
7;2025-11-16;22;168.62
7;2025-11-16;23;104.9
7;2025-11-17;0;56.67
7;2025-11-17;1;10.96
7;2025-11-17;2;0.07
7;2025-11-17;3;0.0
7;2025-11-17;4;1.22
7;2025-11-17;5;181.23
7;2025-11-17;6;677.89
7;2025-11-17;7;1596.73
7;2025-11-17;8;2439.59
7;2025-11-17;9;1795.35
7;2025-11-17;10;1539.14
7;2025-11-17;11;1371.69
7;2025-11-17;12;1467.66
7;2025-11-17;13;1433.13
7;2025-11-17;14;1557.99
7;2025-11-17;15;1681.3
7;2025-11-17;16;1770.91
7;2025-11-17;17;2250.43
7;2025-11-17;18;2520.35
7;2025-11-17;19;1692.41
7;2025-11-17;20;1013.32
7;2025-11-17;21;609.39
7;2025-11-17;22;306.01
7;2025-11-17;23;176.08
7;2025-11-18;0;58.23
7;2025-11-18;1;11.26
7;2025-11-18;2;0.07
7;2025-11-18;3;0.0
7;2025-11-18;4;1.26
7;2025-11-18;5;186.24
7;2025-11-18;6;696.61
7;2025-11-18;7;1640.84
7;2025-11-18;8;2506.99
7;2025-11-18;9;1844.95
7;2025-11-18;10;1581.66
7;2025-11-18;11;1409.58
7;2025-11-18;12;1508.21
7;2025-11-18;13;1472.72
7;2025-11-18;14;1601.03
7;2025-11-18;15;1727.75
7;2025-11-18;16;1819.84
7;2025-11-18;17;2312.6
7;2025-11-18;18;2589.97
7;2025-11-18;19;1739.16
7;2025-11-18;20;1041.31
7;2025-11-18;21;626.22
7;2025-11-18;22;314.46
7;2025-11-18;23;180.95
7;2025-11-19;0;59.45
7;2025-11-19;1;11.5
7;2025-11-19;2;0.07
7;2025-11-19;3;0.0
7;2025-11-19;4;1.28
7;2025-11-19;5;190.15
7;2025-11-19;6;711.25
7;2025-11-19;7;1675.31
7;2025-11-19;8;2559.66
7;2025-11-19;9;1883.71
7;2025-11-19;10;1614.88
7;2025-11-19;11;1439.19
7;2025-11-19;12;1539.89
7;2025-11-19;13;1503.66
7;2025-11-19;14;1634.66
7;2025-11-19;15;1764.04
7;2025-11-19;16;1858.07
7;2025-11-19;17;2361.19
7;2025-11-19;18;2644.38
7;2025-11-19;19;1775.7
7;2025-11-19;20;1063.19
7;2025-11-19;21;639.38
7;2025-11-19;22;321.07
7;2025-11-19;23;184.75
7;2025-11-20;0;59.93
7;2025-11-20;1;11.59
7;2025-11-20;2;0.08
7;2025-11-20;3;0.0
7;2025-11-20;4;1.29
7;2025-11-20;5;191.66
7;2025-11-20;6;716.91
7;2025-11-20;7;1688.64
7;2025-11-20;8;2580.01
7;2025-11-20;9;1898.69
7;2025-11-20;10;1627.72
7;2025-11-20;11;1450.64
7;2025-11-20;12;1552.14
7;2025-11-20;13;1515.61
7;2025-11-20;14;1647.66
7;2025-11-20;15;1778.07
7;2025-11-20;16;1872.84
7;2025-11-20;17;2379.96
7;2025-11-20;18;2665.41
7;2025-11-20;19;1789.82
7;2025-11-20;20;1071.64
7;2025-11-20;21;644.46
7;2025-11-20;22;323.62
7;2025-11-20;23;186.22
7;2025-11-21;0;63.99
7;2025-11-21;1;14.58
7;2025-11-21;2;0.3
7;2025-11-21;3;0.0
7;2025-11-21;4;1.22
7;2025-11-21;5;181.05
7;2025-11-21;6;650.77
7;2025-11-21;7;1572.84
7;2025-11-21;8;2286.73
7;2025-11-21;9;1728.52
7;2025-11-21;10;1607.08
7;2025-11-21;11;1490.64
7;2025-11-21;12;1579.57
7;2025-11-21;13;1661.91
7;2025-11-21;14;1774.41
7;2025-11-21;15;1871.41
7;2025-11-21;16;2098.34
7;2025-11-21;17;2237.91
7;2025-11-21;18;2087.51
7;2025-11-21;19;1473.03
7;2025-11-21;20;1000.91
7;2025-11-21;21;605.91
7;2025-11-21;22;347.72
7;2025-11-21;23;218.69
7;2025-11-22;0;96.72
7;2025-11-22;1;21.73
7;2025-11-22;2;0.0
7;2025-11-22;3;0.0
7;2025-11-22;4;0.62
7;2025-11-22;5;41.88
7;2025-11-22;6;253.41
7;2025-11-22;7;370.31
7;2025-11-22;8;652.41
7;2025-11-22;9;655.5
7;2025-11-22;10;675.19
7;2025-11-22;11;750.45
7;2025-11-22;12;952.59
7;2025-11-22;13;902.32
7;2025-11-22;14;942.35
7;2025-11-22;15;884.78
7;2025-11-22;16;832.65
7;2025-11-22;17;841.78
7;2025-11-22;18;829.76
7;2025-11-22;19;699.53
7;2025-11-22;20;529.99
7;2025-11-22;21;406.37
7;2025-11-22;22;216.38
7;2025-11-22;23;147.85
7;2025-11-23;0;81.17
7;2025-11-23;1;18.99
7;2025-11-23;2;0.06
7;2025-11-23;3;0.0
7;2025-11-23;4;0.53
7;2025-11-23;5;25.58
7;2025-11-23;6;129.67
7;2025-11-23;7;205.54
7;2025-11-23;8;336.28
7;2025-11-23;9;452.81
7;2025-11-23;10;433.85
7;2025-11-23;11;598.44
7;2025-11-23;12;665.87
7;2025-11-23;13;649.22
7;2025-11-23;14;717.24
7;2025-11-23;15;699.79
7;2025-11-23;16;648.52
7;2025-11-23;17;663.82
7;2025-11-23;18;635.39
7;2025-11-23;19;485.58
7;2025-11-23;20;409.71
7;2025-11-23;21;301.18
7;2025-11-23;22;168.62
7;2025-11-23;23;104.9
7;2025-11-24;0;56.37
7;2025-11-24;1;10.9
7;2025-11-24;2;0.07
7;2025-11-24;3;0.0
7;2025-11-24;4;1.22
7;2025-11-24;5;180.29
7;2025-11-24;6;674.37
7;2025-11-24;7;1588.45
7;2025-11-24;8;2426.94
7;2025-11-24;9;1786.04
7;2025-11-24;10;1531.15
7;2025-11-24;11;1364.57
7;2025-11-24;12;1460.05
7;2025-11-24;13;1425.69
7;2025-11-24;14;1549.91
7;2025-11-24;15;1672.58
7;2025-11-24;16;1761.73
7;2025-11-24;17;2238.76
7;2025-11-24;18;2507.28
7;2025-11-24;19;1683.63
7;2025-11-24;20;1008.06
7;2025-11-24;21;606.23
7;2025-11-24;22;304.42
7;2025-11-24;23;175.17
7;2025-11-25;0;59.34
7;2025-11-25;1;11.48
7;2025-11-25;2;0.07
7;2025-11-25;3;0.0
7;2025-11-25;4;1.28
7;2025-11-25;5;189.77
7;2025-11-25;6;709.84
7;2025-11-25;7;1671.98
7;2025-11-25;8;2554.57
7;2025-11-25;9;1879.96
7;2025-11-25;10;1611.67
7;2025-11-25;11;1436.33
7;2025-11-25;12;1536.83
7;2025-11-25;13;1500.67
7;2025-11-25;14;1631.42
7;2025-11-25;15;1760.54
7;2025-11-25;16;1854.37
7;2025-11-25;17;2356.49
7;2025-11-25;18;2639.13
7;2025-11-25;19;1772.17
7;2025-11-25;20;1061.08
7;2025-11-25;21;638.11
7;2025-11-25;22;320.43
7;2025-11-25;23;184.38
7;2025-11-26;0;58.32
7;2025-11-26;1;11.28
7;2025-11-26;2;0.07
7;2025-11-26;3;0.0
7;2025-11-26;4;1.26
7;2025-11-26;5;186.54
7;2025-11-26;6;697.72
7;2025-11-26;7;1643.45
7;2025-11-26;8;2510.98
7;2025-11-26;9;1847.88
7;2025-11-26;10;1584.17
7;2025-11-26;11;1411.82
7;2025-11-26;12;1510.61
7;2025-11-26;13;1475.06
7;2025-11-26;14;1603.58
7;2025-11-26;15;1730.5
7;2025-11-26;16;1822.73
7;2025-11-26;17;2316.28
7;2025-11-26;18;2594.1
7;2025-11-26;19;1741.93
7;2025-11-26;20;1042.97
7;2025-11-26;21;627.22
7;2025-11-26;22;314.96
7;2025-11-26;23;181.23
7;2025-11-27;0;58.86
7;2025-11-27;1;11.38
7;2025-11-27;2;0.07
7;2025-11-27;3;0.0
7;2025-11-27;4;1.27
7;2025-11-27;5;188.25
7;2025-11-27;6;704.12
7;2025-11-27;7;1658.51
7;2025-11-27;8;2533.99
7;2025-11-27;9;1864.82
7;2025-11-27;10;1598.69
7;2025-11-27;11;1424.76
7;2025-11-27;12;1524.45
7;2025-11-27;13;1488.58
7;2025-11-27;14;1618.27
7;2025-11-27;15;1746.35
7;2025-11-27;16;1839.43
7;2025-11-27;17;2337.51
7;2025-11-27;18;2617.86
7;2025-11-27;19;1757.89
7;2025-11-27;20;1052.53
7;2025-11-27;21;632.96
7;2025-11-27;22;317.85
7;2025-11-27;23;182.89
7;2025-11-28;0;64.07
7;2025-11-28;1;14.6
7;2025-11-28;2;0.3
7;2025-11-28;3;0.0
7;2025-11-28;4;1.22
7;2025-11-28;5;181.26
7;2025-11-28;6;651.55
7;2025-11-28;7;1574.73
7;2025-11-28;8;2289.47
7;2025-11-28;9;1730.6
7;2025-11-28;10;1609.01
7;2025-11-28;11;1492.43
7;2025-11-28;12;1581.47
7;2025-11-28;13;1663.91
7;2025-11-28;14;1776.54
7;2025-11-28;15;1873.66
7;2025-11-28;16;2100.86
7;2025-11-28;17;2240.59
7;2025-11-28;18;2090.02
7;2025-11-28;19;1474.8
7;2025-11-28;20;1002.12
7;2025-11-28;21;606.64
7;2025-11-28;22;348.14
7;2025-11-28;23;218.95
7;2025-11-29;0;97.34
7;2025-11-29;1;21.87
7;2025-11-29;2;0.0
7;2025-11-29;3;0.0
7;2025-11-29;4;0.62
7;2025-11-29;5;42.15
7;2025-11-29;6;255.04
7;2025-11-29;7;372.69
7;2025-11-29;8;656.6
7;2025-11-29;9;659.71
7;2025-11-29;10;679.53
7;2025-11-29;11;755.27
7;2025-11-29;12;958.7
7;2025-11-29;13;908.11
7;2025-11-29;14;948.4
7;2025-11-29;15;890.46
7;2025-11-29;16;837.99
7;2025-11-29;17;847.19
7;2025-11-29;18;835.08
7;2025-11-29;19;704.02
7;2025-11-29;20;533.4
7;2025-11-29;21;408.98
7;2025-11-29;22;217.77
7;2025-11-29;23;148.8
7;2025-11-30;0;81.17
7;2025-11-30;1;18.99
7;2025-11-30;2;0.06
7;2025-11-30;3;0.0
7;2025-11-30;4;0.53
7;2025-11-30;5;25.58
7;2025-11-30;6;129.67
7;2025-11-30;7;205.54
7;2025-11-30;8;336.28
7;2025-11-30;9;452.81
7;2025-11-30;10;433.85
7;2025-11-30;11;598.44
7;2025-11-30;12;665.87
7;2025-11-30;13;649.22
7;2025-11-30;14;717.24
7;2025-11-30;15;699.79
7;2025-11-30;16;648.52
7;2025-11-30;17;663.82
7;2025-11-30;18;635.39
7;2025-11-30;19;485.58
7;2025-11-30;20;409.71
7;2025-11-30;21;301.18
7;2025-11-30;22;168.62
7;2025-11-30;23;104.9
7;2025-12-01;0;56.76
7;2025-12-01;1;10.91
7;2025-12-01;2;0.07
7;2025-12-01;3;0.0
7;2025-12-01;4;1.2
7;2025-12-01;5;184.99
7;2025-12-01;6;708.88
7;2025-12-01;7;1615.77
7;2025-12-01;8;2455.57
7;2025-12-01;9;1826.8
7;2025-12-01;10;1551.21
7;2025-12-01;11;1366.61
7;2025-12-01;12;1458.25
7;2025-12-01;13;1433.41
7;2025-12-01;14;1562.06
7;2025-12-01;15;1689.24
7;2025-12-01;16;1787.6
7;2025-12-01;17;2270.81
7;2025-12-01;18;2545.21
7;2025-12-01;19;1722.0
7;2025-12-01;20;1022.06
7;2025-12-01;21;614.02
7;2025-12-01;22;305.56
7;2025-12-01;23;174.88
7;2025-12-02;0;58.75
7;2025-12-02;1;11.3
7;2025-12-02;2;0.08
7;2025-12-02;3;0.0
7;2025-12-02;4;1.24
7;2025-12-02;5;191.48
7;2025-12-02;6;733.73
7;2025-12-02;7;1672.4
7;2025-12-02;8;2541.64
7;2025-12-02;9;1890.83
7;2025-12-02;10;1605.58
7;2025-12-02;11;1414.51
7;2025-12-02;12;1509.36
7;2025-12-02;13;1483.65
7;2025-12-02;14;1616.81
7;2025-12-02;15;1748.45
7;2025-12-02;16;1850.26
7;2025-12-02;17;2350.4
7;2025-12-02;18;2634.43
7;2025-12-02;19;1782.35
7;2025-12-02;20;1057.89
7;2025-12-02;21;635.54
7;2025-12-02;22;316.27
7;2025-12-02;23;181.01
7;2025-12-03;0;58.87
7;2025-12-03;1;11.32
7;2025-12-03;2;0.08
7;2025-12-03;3;0.0
7;2025-12-03;4;1.24
7;2025-12-03;5;191.86
7;2025-12-03;6;735.19
7;2025-12-03;7;1675.74
7;2025-12-03;8;2546.7
7;2025-12-03;9;1894.59
7;2025-12-03;10;1608.78
7;2025-12-03;11;1417.33
7;2025-12-03;12;1512.37
7;2025-12-03;13;1486.61
7;2025-12-03;14;1620.03
7;2025-12-03;15;1751.93
7;2025-12-03;16;1853.94
7;2025-12-03;17;2355.09
7;2025-12-03;18;2639.68
7;2025-12-03;19;1785.91
7;2025-12-03;20;1059.99
7;2025-12-03;21;636.81
7;2025-12-03;22;316.9
7;2025-12-03;23;181.37
7;2025-12-04;0;59.34
7;2025-12-04;1;11.41
7;2025-12-04;2;0.08
7;2025-12-04;3;0.0
7;2025-12-04;4;1.25
7;2025-12-04;5;193.38
7;2025-12-04;6;741.04
7;2025-12-04;7;1689.06
7;2025-12-04;8;2566.96
7;2025-12-04;9;1909.66
7;2025-12-04;10;1621.57
7;2025-12-04;11;1428.6
7;2025-12-04;12;1524.4
7;2025-12-04;13;1498.43
7;2025-12-04;14;1632.91
7;2025-12-04;15;1765.86
7;2025-12-04;16;1868.69
7;2025-12-04;17;2373.81
7;2025-12-04;18;2660.67
7;2025-12-04;19;1800.11
7;2025-12-04;20;1068.42
7;2025-12-04;21;641.87
7;2025-12-04;22;319.42
7;2025-12-04;23;182.81
7;2025-12-05;0;62.67
7;2025-12-05;1;13.95
7;2025-12-05;2;0.25
7;2025-12-05;3;0.0
7;2025-12-05;4;1.15
7;2025-12-05;5;180.61
7;2025-12-05;6;665.98
7;2025-12-05;7;1572.43
7;2025-12-05;8;2278.74
7;2025-12-05;9;1745.72
7;2025-12-05;10;1588.21
7;2025-12-05;11;1484.36
7;2025-12-05;12;1556.39
7;2025-12-05;13;1650.42
7;2025-12-05;14;1766.67
7;2025-12-05;15;1856.37
7;2025-12-05;16;2099.82
7;2025-12-05;17;2225.02
7;2025-12-05;18;2083.19
7;2025-12-05;19;1496.56
7;2025-12-05;20;999.6
7;2025-12-05;21;607.36
7;2025-12-05;22;347.67
7;2025-12-05;23;212.6
7;2025-12-06;0;88.68
7;2025-12-06;1;28.67
7;2025-12-06;2;0.0
7;2025-12-06;3;0.0
7;2025-12-06;4;0.53
7;2025-12-06;5;50.28
7;2025-12-06;6;328.5
7;2025-12-06;7;485.64
7;2025-12-06;8;761.29
7;2025-12-06;9;881.1
7;2025-12-06;10;907.52
7;2025-12-06;11;1170.66
7;2025-12-06;12;1352.93
7;2025-12-06;13;1353.25
7;2025-12-06;14;1471.88
7;2025-12-06;15;1313.25
7;2025-12-06;16;1275.38
7;2025-12-06;17;1259.34
7;2025-12-06;18;1168.52
7;2025-12-06;19;1096.0
7;2025-12-06;20;844.19
7;2025-12-06;21;655.5
7;2025-12-06;22;339.52
7;2025-12-06;23;203.03
7;2025-12-07;0;104.51
7;2025-12-07;1;20.32
7;2025-12-07;2;0.21
7;2025-12-07;3;0.0
7;2025-12-07;4;0.21
7;2025-12-07;5;43.75
7;2025-12-07;6;227.95
7;2025-12-07;7;320.05
7;2025-12-07;8;510.02
7;2025-12-07;9;660.64
7;2025-12-07;10;791.89
7;2025-12-07;11;1000.05
7;2025-12-07;12;1115.79
7;2025-12-07;13;1181.57
7;2025-12-07;14;1294.53
7;2025-12-07;15;1177.72
7;2025-12-07;16;1127.77
7;2025-12-07;17;1187.88
7;2025-12-07;18;990.2
7;2025-12-07;19;825.47
7;2025-12-07;20;699.36
7;2025-12-07;21;557.09
7;2025-12-07;22;299.83
7;2025-12-07;23;162.38
7;2025-12-08;0;56.76
7;2025-12-08;1;10.91
7;2025-12-08;2;0.07
7;2025-12-08;3;0.0
7;2025-12-08;4;1.2
7;2025-12-08;5;184.99
7;2025-12-08;6;708.88
7;2025-12-08;7;1615.77
7;2025-12-08;8;2455.57
7;2025-12-08;9;1826.8
7;2025-12-08;10;1551.21
7;2025-12-08;11;1366.61
7;2025-12-08;12;1458.25
7;2025-12-08;13;1433.41
7;2025-12-08;14;1562.06
7;2025-12-08;15;1689.24
7;2025-12-08;16;1787.6
7;2025-12-08;17;2270.81
7;2025-12-08;18;2545.21
7;2025-12-08;19;1722.0
7;2025-12-08;20;1022.06
7;2025-12-08;21;614.02
7;2025-12-08;22;305.56
7;2025-12-08;23;174.88
7;2025-12-09;0;58.71
7;2025-12-09;1;11.29
7;2025-12-09;2;0.08
7;2025-12-09;3;0.0
7;2025-12-09;4;1.24
7;2025-12-09;5;191.32
7;2025-12-09;6;733.14
7;2025-12-09;7;1671.07
7;2025-12-09;8;2539.61
7;2025-12-09;9;1889.32
7;2025-12-09;10;1604.3
7;2025-12-09;11;1413.38
7;2025-12-09;12;1508.16
7;2025-12-09;13;1482.47
7;2025-12-09;14;1615.52
7;2025-12-09;15;1747.05
7;2025-12-09;16;1848.78
7;2025-12-09;17;2348.52
7;2025-12-09;18;2632.32
7;2025-12-09;19;1780.93
7;2025-12-09;20;1057.04
7;2025-12-09;21;635.03
7;2025-12-09;22;316.01
7;2025-12-09;23;180.87
7;2025-12-10;0;58.68
7;2025-12-10;1;11.28
7;2025-12-10;2;0.08
7;2025-12-10;3;0.0
7;2025-12-10;4;1.24
7;2025-12-10;5;191.24
7;2025-12-10;6;732.84
7;2025-12-10;7;1670.38
7;2025-12-10;8;2538.57
7;2025-12-10;9;1888.54
7;2025-12-10;10;1603.64
7;2025-12-10;11;1412.8
7;2025-12-10;12;1507.54
7;2025-12-10;13;1481.86
7;2025-12-10;14;1614.85
7;2025-12-10;15;1746.33
7;2025-12-10;16;1848.02
7;2025-12-10;17;2347.56
7;2025-12-10;18;2631.24
7;2025-12-10;19;1780.2
7;2025-12-10;20;1056.61
7;2025-12-10;21;634.77
7;2025-12-10;22;315.89
7;2025-12-10;23;180.79
7;2025-12-11;0;58.35
7;2025-12-11;1;11.22
7;2025-12-11;2;0.08
7;2025-12-11;3;0.0
7;2025-12-11;4;1.23
7;2025-12-11;5;190.16
7;2025-12-11;6;728.69
7;2025-12-11;7;1660.92
7;2025-12-11;8;2524.19
7;2025-12-11;9;1877.85
7;2025-12-11;10;1594.56
7;2025-12-11;11;1404.8
7;2025-12-11;12;1499.0
7;2025-12-11;13;1473.47
7;2025-12-11;14;1605.71
7;2025-12-11;15;1736.44
7;2025-12-11;16;1837.55
7;2025-12-11;17;2334.27
7;2025-12-11;18;2616.34
7;2025-12-11;19;1770.12
7;2025-12-11;20;1050.62
7;2025-12-11;21;631.18
7;2025-12-11;22;314.1
7;2025-12-11;23;179.77
7;2025-12-12;0;61.8
7;2025-12-12;1;13.75
7;2025-12-12;2;0.25
7;2025-12-12;3;0.0
7;2025-12-12;4;1.14
7;2025-12-12;5;178.1
7;2025-12-12;6;656.72
7;2025-12-12;7;1550.57
7;2025-12-12;8;2247.06
7;2025-12-12;9;1721.45
7;2025-12-12;10;1566.13
7;2025-12-12;11;1463.73
7;2025-12-12;12;1534.75
7;2025-12-12;13;1627.48
7;2025-12-12;14;1742.1
7;2025-12-12;15;1830.56
7;2025-12-12;16;2070.63
7;2025-12-12;17;2194.08
7;2025-12-12;18;2054.23
7;2025-12-12;19;1475.76
7;2025-12-12;20;985.7
7;2025-12-12;21;598.92
7;2025-12-12;22;342.83
7;2025-12-12;23;209.65
7;2025-12-13;0;88.53
7;2025-12-13;1;28.62
7;2025-12-13;2;0.0
7;2025-12-13;3;0.0
7;2025-12-13;4;0.53
7;2025-12-13;5;50.19
7;2025-12-13;6;327.97
7;2025-12-13;7;484.86
7;2025-12-13;8;760.08
7;2025-12-13;9;879.69
7;2025-12-13;10;906.07
7;2025-12-13;11;1168.79
7;2025-12-13;12;1350.77
7;2025-12-13;13;1351.09
7;2025-12-13;14;1469.53
7;2025-12-13;15;1311.15
7;2025-12-13;16;1273.34
7;2025-12-13;17;1257.32
7;2025-12-13;18;1166.65
7;2025-12-13;19;1094.24
7;2025-12-13;20;842.84
7;2025-12-13;21;654.45
7;2025-12-13;22;338.97
7;2025-12-13;23;202.7
7;2025-12-14;0;104.47
7;2025-12-14;1;20.32
7;2025-12-14;2;0.21
7;2025-12-14;3;0.0
7;2025-12-14;4;0.21
7;2025-12-14;5;43.73
7;2025-12-14;6;227.86
7;2025-12-14;7;319.92
7;2025-12-14;8;509.82
7;2025-12-14;9;660.37
7;2025-12-14;10;791.57
7;2025-12-14;11;999.65
7;2025-12-14;12;1115.34
7;2025-12-14;13;1181.1
7;2025-12-14;14;1294.01
7;2025-12-14;15;1177.25
7;2025-12-14;16;1127.31
7;2025-12-14;17;1187.41
7;2025-12-14;18;989.81
7;2025-12-14;19;825.14
7;2025-12-14;20;699.08
7;2025-12-14;21;556.87
7;2025-12-14;22;299.71
7;2025-12-14;23;162.31
7;2025-12-15;0;56.74
7;2025-12-15;1;10.91
7;2025-12-15;2;0.07
7;2025-12-15;3;0.0
7;2025-12-15;4;1.2
7;2025-12-15;5;184.92
7;2025-12-15;6;708.6
7;2025-12-15;7;1615.12
7;2025-12-15;8;2454.59
7;2025-12-15;9;1826.07
7;2025-12-15;10;1550.59
7;2025-12-15;11;1366.06
7;2025-12-15;12;1457.67
7;2025-12-15;13;1432.84
7;2025-12-15;14;1561.43
7;2025-12-15;15;1688.56
7;2025-12-15;16;1786.88
7;2025-12-15;17;2269.9
7;2025-12-15;18;2544.2
7;2025-12-15;19;1721.31
7;2025-12-15;20;1021.65
7;2025-12-15;21;613.77
7;2025-12-15;22;305.44
7;2025-12-15;23;174.81
7;2025-12-16;0;58.43
7;2025-12-16;1;11.23
7;2025-12-16;2;0.08
7;2025-12-16;3;0.0
7;2025-12-16;4;1.23
7;2025-12-16;5;190.41
7;2025-12-16;6;729.63
7;2025-12-16;7;1663.07
7;2025-12-16;8;2527.45
7;2025-12-16;9;1880.27
7;2025-12-16;10;1596.62
7;2025-12-16;11;1406.61
7;2025-12-16;12;1500.93
7;2025-12-16;13;1475.37
7;2025-12-16;14;1607.78
7;2025-12-16;15;1738.68
7;2025-12-16;16;1839.93
7;2025-12-16;17;2337.28
7;2025-12-16;18;2619.72
7;2025-12-16;19;1772.4
7;2025-12-16;20;1051.98
7;2025-12-16;21;631.99
7;2025-12-16;22;314.5
7;2025-12-16;23;180.0
7;2025-12-17;0;58.87
7;2025-12-17;1;11.32
7;2025-12-17;2;0.08
7;2025-12-17;3;0.0
7;2025-12-17;4;1.24
7;2025-12-17;5;191.86
7;2025-12-17;6;735.19
7;2025-12-17;7;1675.74
7;2025-12-17;8;2546.7
7;2025-12-17;9;1894.59
7;2025-12-17;10;1608.78
7;2025-12-17;11;1417.33
7;2025-12-17;12;1512.37
7;2025-12-17;13;1486.61
7;2025-12-17;14;1620.03
7;2025-12-17;15;1751.93
7;2025-12-17;16;1853.94
7;2025-12-17;17;2355.09
7;2025-12-17;18;2639.68
7;2025-12-17;19;1785.91
7;2025-12-17;20;1059.99
7;2025-12-17;21;636.81
7;2025-12-17;22;316.9
7;2025-12-17;23;181.37
7;2025-12-18;0;59.34
7;2025-12-18;1;11.41
7;2025-12-18;2;0.08
7;2025-12-18;3;0.0
7;2025-12-18;4;1.25
7;2025-12-18;5;193.38
7;2025-12-18;6;741.04
7;2025-12-18;7;1689.06
7;2025-12-18;8;2566.96
7;2025-12-18;9;1909.66
7;2025-12-18;10;1621.57
7;2025-12-18;11;1428.6
7;2025-12-18;12;1524.4
7;2025-12-18;13;1498.43
7;2025-12-18;14;1632.91
7;2025-12-18;15;1765.86
7;2025-12-18;16;1868.69
7;2025-12-18;17;2373.81
7;2025-12-18;18;2660.67
7;2025-12-18;19;1800.11
7;2025-12-18;20;1068.42
7;2025-12-18;21;641.87
7;2025-12-18;22;319.42
7;2025-12-18;23;182.81
7;2025-12-19;0;62.62
7;2025-12-19;1;13.94
7;2025-12-19;2;0.25
7;2025-12-19;3;0.0
7;2025-12-19;4;1.15
7;2025-12-19;5;180.47
7;2025-12-19;6;665.45
7;2025-12-19;7;1571.17
7;2025-12-19;8;2276.92
7;2025-12-19;9;1744.32
7;2025-12-19;10;1586.94
7;2025-12-19;11;1483.18
7;2025-12-19;12;1555.14
7;2025-12-19;13;1649.1
7;2025-12-19;14;1765.25
7;2025-12-19;15;1854.88
7;2025-12-19;16;2098.14
7;2025-12-19;17;2223.24
7;2025-12-19;18;2081.52
7;2025-12-19;19;1495.36
7;2025-12-19;20;998.8
7;2025-12-19;21;606.88
7;2025-12-19;22;347.39
7;2025-12-19;23;212.43
7;2025-12-20;0;88.68
7;2025-12-20;1;28.67
7;2025-12-20;2;0.0
7;2025-12-20;3;0.0
7;2025-12-20;4;0.53
7;2025-12-20;5;50.28
7;2025-12-20;6;328.5
7;2025-12-20;7;485.64
7;2025-12-20;8;761.29
7;2025-12-20;9;881.1
7;2025-12-20;10;907.52
7;2025-12-20;11;1170.66
7;2025-12-20;12;1352.93
7;2025-12-20;13;1353.25
7;2025-12-20;14;1471.88
7;2025-12-20;15;1313.25
7;2025-12-20;16;1275.38
7;2025-12-20;17;1259.34
7;2025-12-20;18;1168.52
7;2025-12-20;19;1096.0
7;2025-12-20;20;844.19
7;2025-12-20;21;655.5
7;2025-12-20;22;339.52
7;2025-12-20;23;203.03
7;2025-12-21;0;104.3
7;2025-12-21;1;20.28
7;2025-12-21;2;0.21
7;2025-12-21;3;0.0
7;2025-12-21;4;0.21
7;2025-12-21;5;43.66
7;2025-12-21;6;227.49
7;2025-12-21;7;319.41
7;2025-12-21;8;509.01
7;2025-12-21;9;659.32
7;2025-12-21;10;790.3
7;2025-12-21;11;998.05
7;2025-12-21;12;1113.56
7;2025-12-21;13;1179.21
7;2025-12-21;14;1291.94
7;2025-12-21;15;1175.37
7;2025-12-21;16;1125.51
7;2025-12-21;17;1185.51
7;2025-12-21;18;988.23
7;2025-12-21;19;823.82
7;2025-12-21;20;697.96
7;2025-12-21;21;555.98
7;2025-12-21;22;299.23
7;2025-12-21;23;162.05
7;2025-12-22;0;55.43
7;2025-12-22;1;10.66
7;2025-12-22;2;0.07
7;2025-12-22;3;0.0
7;2025-12-22;4;1.17
7;2025-12-22;5;180.64
7;2025-12-22;6;692.21
7;2025-12-22;7;1577.76
7;2025-12-22;8;2397.81
7;2025-12-22;9;1783.83
7;2025-12-22;10;1514.72
7;2025-12-22;11;1334.47
7;2025-12-22;12;1423.95
7;2025-12-22;13;1399.7
7;2025-12-22;14;1525.31
7;2025-12-22;15;1649.5
7;2025-12-22;16;1745.55
7;2025-12-22;17;2217.4
7;2025-12-22;18;2485.35
7;2025-12-22;19;1681.49
7;2025-12-22;20;998.02
7;2025-12-22;21;599.58
7;2025-12-22;22;298.37
7;2025-12-22;23;170.77
7;2025-12-23;0;57.58
7;2025-12-23;1;11.07
7;2025-12-23;2;0.08
7;2025-12-23;3;0.0
7;2025-12-23;4;1.21
7;2025-12-23;5;187.65
7;2025-12-23;6;719.06
7;2025-12-23;7;1638.96
7;2025-12-23;8;2490.81
7;2025-12-23;9;1853.01
7;2025-12-23;10;1573.47
7;2025-12-23;11;1386.22
7;2025-12-23;12;1479.18
7;2025-12-23;13;1453.98
7;2025-12-23;14;1584.47
7;2025-12-23;15;1713.48
7;2025-12-23;16;1813.25
7;2025-12-23;17;2303.4
7;2025-12-23;18;2581.74
7;2025-12-23;19;1746.71
7;2025-12-23;20;1036.73
7;2025-12-23;21;622.83
7;2025-12-23;22;309.94
7;2025-12-23;23;177.39
7;2025-12-24;0;57.56
7;2025-12-24;1;11.07
7;2025-12-24;2;0.08
7;2025-12-24;3;0.0
7;2025-12-24;4;1.21
7;2025-12-24;5;187.57
7;2025-12-24;6;718.76
7;2025-12-24;7;1638.28
7;2025-12-24;8;2489.79
7;2025-12-24;9;1852.25
7;2025-12-24;10;1572.83
7;2025-12-24;11;1385.65
7;2025-12-24;12;1478.57
7;2025-12-24;13;1453.39
7;2025-12-24;14;1583.82
7;2025-12-24;15;1712.78
7;2025-12-24;16;1812.51
7;2025-12-24;17;2302.45
7;2025-12-24;18;2580.68
7;2025-12-24;19;1745.99
7;2025-12-24;20;1036.3
7;2025-12-24;21;622.58
7;2025-12-24;22;309.82
7;2025-12-24;23;177.32
7;2025-12-25;0;57.64
7;2025-12-25;1;11.08
7;2025-12-25;2;0.08
7;2025-12-25;3;0.0
7;2025-12-25;4;1.21
7;2025-12-25;5;187.85
7;2025-12-25;6;719.86
7;2025-12-25;7;1640.78
7;2025-12-25;8;2493.58
7;2025-12-25;9;1855.07
7;2025-12-25;10;1575.22
7;2025-12-25;11;1387.76
7;2025-12-25;12;1480.82
7;2025-12-25;13;1455.6
7;2025-12-25;14;1586.23
7;2025-12-25;15;1715.38
7;2025-12-25;16;1815.27
7;2025-12-25;17;2305.96
7;2025-12-25;18;2584.61
7;2025-12-25;19;1748.65
7;2025-12-25;20;1037.88
7;2025-12-25;21;623.52
7;2025-12-25;22;310.29
7;2025-12-25;23;177.59
7;2025-12-26;0;60.15
7;2025-12-26;1;13.39
7;2025-12-26;2;0.24
7;2025-12-26;3;0.0
7;2025-12-26;4;1.1
7;2025-12-26;5;173.36
7;2025-12-26;6;639.23
7;2025-12-26;7;1509.26
7;2025-12-26;8;2187.2
7;2025-12-26;9;1675.58
7;2025-12-26;10;1524.41
7;2025-12-26;11;1424.73
7;2025-12-26;12;1493.86
7;2025-12-26;13;1584.12
7;2025-12-26;14;1695.69
7;2025-12-26;15;1781.79
7;2025-12-26;16;2015.46
7;2025-12-26;17;2135.63
7;2025-12-26;18;1999.5
7;2025-12-26;19;1436.44
7;2025-12-26;20;959.44
7;2025-12-26;21;582.96
7;2025-12-26;22;333.7
7;2025-12-26;23;204.06
7;2025-12-27;0;88.5
7;2025-12-27;1;28.61
7;2025-12-27;2;0.0
7;2025-12-27;3;0.0
7;2025-12-27;4;0.53
7;2025-12-27;5;50.17
7;2025-12-27;6;327.84
7;2025-12-27;7;484.67
7;2025-12-27;8;759.77
7;2025-12-27;9;879.34
7;2025-12-27;10;905.71
7;2025-12-27;11;1168.32
7;2025-12-27;12;1350.23
7;2025-12-27;13;1350.55
7;2025-12-27;14;1468.94
7;2025-12-27;15;1310.62
7;2025-12-27;16;1272.83
7;2025-12-27;17;1256.82
7;2025-12-27;18;1166.19
7;2025-12-27;19;1093.81
7;2025-12-27;20;842.51
7;2025-12-27;21;654.19
7;2025-12-27;22;338.84
7;2025-12-27;23;202.62
7;2025-12-28;0;103.68
7;2025-12-28;1;20.16
7;2025-12-28;2;0.21
7;2025-12-28;3;0.0
7;2025-12-28;4;0.21
7;2025-12-28;5;43.4
7;2025-12-28;6;226.13
7;2025-12-28;7;317.5
7;2025-12-28;8;505.96
7;2025-12-28;9;655.37
7;2025-12-28;10;785.58
7;2025-12-28;11;992.08
7;2025-12-28;12;1106.89
7;2025-12-28;13;1172.16
7;2025-12-28;14;1284.21
7;2025-12-28;15;1168.34
7;2025-12-28;16;1118.78
7;2025-12-28;17;1178.42
7;2025-12-28;18;982.31
7;2025-12-28;19;818.9
7;2025-12-28;20;693.79
7;2025-12-28;21;552.65
7;2025-12-28;22;297.44
7;2025-12-28;23;161.08
7;2025-12-29;0;50.74
7;2025-12-29;1;9.76
7;2025-12-29;2;0.07
7;2025-12-29;3;0.0
7;2025-12-29;4;1.07
7;2025-12-29;5;165.36
7;2025-12-29;6;633.67
7;2025-12-29;7;1444.34
7;2025-12-29;8;2195.03
7;2025-12-29;9;1632.97
7;2025-12-29;10;1386.63
7;2025-12-29;11;1221.61
7;2025-12-29;12;1303.53
7;2025-12-29;13;1281.33
7;2025-12-29;14;1396.32
7;2025-12-29;15;1510.01
7;2025-12-29;16;1597.94
7;2025-12-29;17;2029.88
7;2025-12-29;18;2275.17
7;2025-12-29;19;1539.29
7;2025-12-29;20;913.62
7;2025-12-29;21;548.87
7;2025-12-29;22;273.14
7;2025-12-29;23;156.33
7;2025-12-30;0;49.25
7;2025-12-30;1;9.47
7;2025-12-30;2;0.06
7;2025-12-30;3;0.0
7;2025-12-30;4;1.04
7;2025-12-30;5;160.49
7;2025-12-30;6;615.0
7;2025-12-30;7;1401.78
7;2025-12-30;8;2130.36
7;2025-12-30;9;1584.86
7;2025-12-30;10;1345.77
7;2025-12-30;11;1185.62
7;2025-12-30;12;1265.12
7;2025-12-30;13;1243.57
7;2025-12-30;14;1355.18
7;2025-12-30;15;1465.52
7;2025-12-30;16;1550.85
7;2025-12-30;17;1970.07
7;2025-12-30;18;2208.13
7;2025-12-30;19;1493.94
7;2025-12-30;20;886.7
7;2025-12-30;21;532.7
7;2025-12-30;22;265.09
7;2025-12-30;23;151.72
7;2025-12-31;0;76.57
7;2025-12-31;1;24.75
7;2025-12-31;2;0.0
7;2025-12-31;3;0.0
7;2025-12-31;4;0.46
7;2025-12-31;5;43.41
7;2025-12-31;6;283.65
7;2025-12-31;7;419.34
7;2025-12-31;8;657.36
7;2025-12-31;9;760.81
7;2025-12-31;10;783.63
7;2025-12-31;11;1010.84
7;2025-12-31;12;1168.23
7;2025-12-31;13;1168.51
7;2025-12-31;14;1270.94
7;2025-12-31;15;1133.97
7;2025-12-31;16;1101.27
7;2025-12-31;17;1087.42
7;2025-12-31;18;1009.0
7;2025-12-31;19;946.37
7;2025-12-31;20;728.95
7;2025-12-31;21;339.61
7;2025-12-31;22;175.9
7;2025-12-31;23;105.19
11;2025-11-01;0;108.0
11;2025-11-01;1;3.43
11;2025-11-01;2;0.0
11;2025-11-01;3;0.0
11;2025-11-01;4;1.93
11;2025-11-01;5;218.24
11;2025-11-01;6;969.75
11;2025-11-01;7;1438.74
11;2025-11-01;8;1897.1
11;2025-11-01;9;1596.73
11;2025-11-01;10;1465.25
11;2025-11-01;11;1585.92
11;2025-11-01;12;1732.97
11;2025-11-01;13;1735.82
11;2025-11-01;14;1807.23
11;2025-11-01;15;1799.51
11;2025-11-01;16;1913.87
11;2025-11-01;17;2172.22
11;2025-11-01;18;1842.39
11;2025-11-01;19;1508.17
11;2025-11-01;20;1071.62
11;2025-11-01;21;717.71
11;2025-11-01;22;386.17
11;2025-11-01;23;265.61
11;2025-11-02;0;80.46
11;2025-11-02;1;7.29
11;2025-11-02;2;0.0
11;2025-11-02;3;0.0
11;2025-11-02;4;1.23
11;2025-11-02;5;115.28
11;2025-11-02;6;483.12
11;2025-11-02;7;478.62
11;2025-11-02;8;666.56
11;2025-11-02;9;797.9
11;2025-11-02;10;898.12
11;2025-11-02;11;1208.68
11;2025-11-02;12;1337.85
11;2025-11-02;13;1310.08
11;2025-11-02;14;1360.41
11;2025-11-02;15;1313.33
11;2025-11-02;16;1288.98
11;2025-11-02;17;1335.88
11;2025-11-02;18;1071.6
11;2025-11-02;19;937.93
11;2025-11-02;20;695.68
11;2025-11-02;21;503.09
11;2025-11-02;22;297.26
11;2025-11-02;23;197.79
11;2025-11-03;0;86.05
11;2025-11-03;1;7.8
11;2025-11-03;2;0.0
11;2025-11-03;3;0.0
11;2025-11-03;4;1.32
11;2025-11-03;5;123.29
11;2025-11-03;6;516.69
11;2025-11-03;7;511.88
11;2025-11-03;8;712.87
11;2025-11-03;9;853.34
11;2025-11-03;10;960.52
11;2025-11-03;11;1292.67
11;2025-11-03;12;1430.81
11;2025-11-03;13;1401.11
11;2025-11-03;14;1454.94
11;2025-11-03;15;1404.58
11;2025-11-03;16;1378.55
11;2025-11-03;17;1428.7
11;2025-11-03;18;1146.06
11;2025-11-03;19;1003.1
11;2025-11-03;20;744.02
11;2025-11-03;21;538.05
11;2025-11-03;22;317.91
11;2025-11-03;23;211.53
11;2025-11-04;0;85.75
11;2025-11-04;1;7.77
11;2025-11-04;2;0.0
11;2025-11-04;3;0.0
11;2025-11-04;4;1.31
11;2025-11-04;5;122.85
11;2025-11-04;6;514.83
11;2025-11-04;7;510.04
11;2025-11-04;8;710.31
11;2025-11-04;9;850.27
11;2025-11-04;10;957.07
11;2025-11-04;11;1288.02
11;2025-11-04;12;1425.67
11;2025-11-04;13;1396.08
11;2025-11-04;14;1449.71
11;2025-11-04;15;1399.54
11;2025-11-04;16;1373.59
11;2025-11-04;17;1423.57
11;2025-11-04;18;1141.94
11;2025-11-04;19;999.5
11;2025-11-04;20;741.35
11;2025-11-04;21;536.11
11;2025-11-04;22;316.77
11;2025-11-04;23;210.77
11;2025-11-05;0;63.92
11;2025-11-05;1;2.51
11;2025-11-05;2;0.02
11;2025-11-05;3;0.0
11;2025-11-05;4;2.6
11;2025-11-05;5;290.57
11;2025-11-05;6;1348.32
11;2025-11-05;7;2506.65
11;2025-11-05;8;3224.82
11;2025-11-05;9;2476.21
11;2025-11-05;10;1978.29
11;2025-11-05;11;1885.85
11;2025-11-05;12;1927.98
11;2025-11-05;13;2098.57
11;2025-11-05;14;2048.49
11;2025-11-05;15;2115.81
11;2025-11-05;16;2310.23
11;2025-11-05;17;2871.62
11;2025-11-05;18;3177.7
11;2025-11-05;19;2267.26
11;2025-11-05;20;1438.91
11;2025-11-05;21;854.54
11;2025-11-05;22;425.49
11;2025-11-05;23;230.71
11;2025-11-06;0;64.04
11;2025-11-06;1;2.51
11;2025-11-06;2;0.02
11;2025-11-06;3;0.0
11;2025-11-06;4;2.6
11;2025-11-06;5;291.13
11;2025-11-06;6;1350.91
11;2025-11-06;7;2511.47
11;2025-11-06;8;3231.02
11;2025-11-06;9;2480.97
11;2025-11-06;10;1982.09
11;2025-11-06;11;1889.48
11;2025-11-06;12;1931.69
11;2025-11-06;13;2102.61
11;2025-11-06;14;2052.43
11;2025-11-06;15;2119.88
11;2025-11-06;16;2314.67
11;2025-11-06;17;2877.14
11;2025-11-06;18;3183.8
11;2025-11-06;19;2271.62
11;2025-11-06;20;1441.68
11;2025-11-06;21;856.19
11;2025-11-06;22;426.3
11;2025-11-06;23;231.16
11;2025-11-07;0;73.65
11;2025-11-07;1;4.66
11;2025-11-07;2;0.0
11;2025-11-07;3;0.0
11;2025-11-07;4;2.14
11;2025-11-07;5;295.86
11;2025-11-07;6;1347.46
11;2025-11-07;7;2438.53
11;2025-11-07;8;3156.39
11;2025-11-07;9;2374.15
11;2025-11-07;10;1915.05
11;2025-11-07;11;1840.28
11;2025-11-07;12;1964.01
11;2025-11-07;13;2008.35
11;2025-11-07;14;2128.45
11;2025-11-07;15;2243.04
11;2025-11-07;16;2445.63
11;2025-11-07;17;3002.96
11;2025-11-07;18;2589.83
11;2025-11-07;19;1934.16
11;2025-11-07;20;1384.29
11;2025-11-07;21;882.91
11;2025-11-07;22;440.91
11;2025-11-07;23;312.58
11;2025-11-08;0;96.84
11;2025-11-08;1;2.87
11;2025-11-08;2;0.0
11;2025-11-08;3;0.0
11;2025-11-08;4;2.09
11;2025-11-08;5;183.54
11;2025-11-08;6;783.27
11;2025-11-08;7;730.63
11;2025-11-08;8;1021.36
11;2025-11-08;9;1137.01
11;2025-11-08;10;1302.2
11;2025-11-08;11;1637.72
11;2025-11-08;12;1835.64
11;2025-11-08;13;1798.3
11;2025-11-08;14;1835.46
11;2025-11-08;15;1706.17
11;2025-11-08;16;1755.66
11;2025-11-08;17;1769.58
11;2025-11-08;18;1458.82
11;2025-11-08;19;1376.68
11;2025-11-08;20;968.37
11;2025-11-08;21;691.97
11;2025-11-08;22;405.85
11;2025-11-08;23;269.99
11;2025-11-09;0;103.72
11;2025-11-09;1;14.23
11;2025-11-09;2;0.0
11;2025-11-09;3;0.0
11;2025-11-09;4;1.09
11;2025-11-09;5;111.95
11;2025-11-09;6;457.61
11;2025-11-09;7;490.45
11;2025-11-09;8;679.88
11;2025-11-09;9;883.89
11;2025-11-09;10;976.6
11;2025-11-09;11;1408.21
11;2025-11-09;12;1539.97
11;2025-11-09;13;1507.37
11;2025-11-09;14;1591.4
11;2025-11-09;15;1590.13
11;2025-11-09;16;1494.29
11;2025-11-09;17;1589.52
11;2025-11-09;18;1242.9
11;2025-11-09;19;1006.19
11;2025-11-09;20;789.46
11;2025-11-09;21;577.71
11;2025-11-09;22;343.82
11;2025-11-09;23;228.8
11;2025-11-10;0;61.63
11;2025-11-10;1;2.42
11;2025-11-10;2;0.02
11;2025-11-10;3;0.0
11;2025-11-10;4;2.51
11;2025-11-10;5;280.18
11;2025-11-10;6;1300.07
11;2025-11-10;7;2416.95
11;2025-11-10;8;3109.42
11;2025-11-10;9;2387.6
11;2025-11-10;10;1907.5
11;2025-11-10;11;1818.37
11;2025-11-10;12;1858.99
11;2025-11-10;13;2023.48
11;2025-11-10;14;1975.19
11;2025-11-10;15;2040.1
11;2025-11-10;16;2227.56
11;2025-11-10;17;2768.86
11;2025-11-10;18;3063.98
11;2025-11-10;19;2186.13
11;2025-11-10;20;1387.42
11;2025-11-10;21;823.96
11;2025-11-10;22;410.26
11;2025-11-10;23;222.46
11;2025-11-11;0;63.79
11;2025-11-11;1;2.5
11;2025-11-11;2;0.02
11;2025-11-11;3;0.0
11;2025-11-11;4;2.59
11;2025-11-11;5;290.0
11;2025-11-11;6;1345.64
11;2025-11-11;7;2501.66
11;2025-11-11;8;3218.41
11;2025-11-11;9;2471.28
11;2025-11-11;10;1974.36
11;2025-11-11;11;1882.11
11;2025-11-11;12;1924.15
11;2025-11-11;13;2094.4
11;2025-11-11;14;2044.42
11;2025-11-11;15;2111.61
11;2025-11-11;16;2305.64
11;2025-11-11;17;2865.91
11;2025-11-11;18;3171.38
11;2025-11-11;19;2262.76
11;2025-11-11;20;1436.05
11;2025-11-11;21;852.85
11;2025-11-11;22;424.64
11;2025-11-11;23;230.25
11;2025-11-12;0;63.66
11;2025-11-12;1;2.5
11;2025-11-12;2;0.02
11;2025-11-12;3;0.0
11;2025-11-12;4;2.59
11;2025-11-12;5;289.41
11;2025-11-12;6;1342.94
11;2025-11-12;7;2496.64
11;2025-11-12;8;3211.95
11;2025-11-12;9;2466.32
11;2025-11-12;10;1970.39
11;2025-11-12;11;1878.33
11;2025-11-12;12;1920.28
11;2025-11-12;13;2090.2
11;2025-11-12;14;2040.32
11;2025-11-12;15;2107.37
11;2025-11-12;16;2301.01
11;2025-11-12;17;2860.16
11;2025-11-12;18;3165.01
11;2025-11-12;19;2258.21
11;2025-11-12;20;1433.17
11;2025-11-12;21;851.13
11;2025-11-12;22;423.79
11;2025-11-12;23;229.79
11;2025-11-13;0;64.4
11;2025-11-13;1;2.53
11;2025-11-13;2;0.02
11;2025-11-13;3;0.0
11;2025-11-13;4;2.62
11;2025-11-13;5;292.77
11;2025-11-13;6;1358.5
11;2025-11-13;7;2525.57
11;2025-11-13;8;3249.16
11;2025-11-13;9;2494.9
11;2025-11-13;10;1993.22
11;2025-11-13;11;1900.09
11;2025-11-13;12;1942.54
11;2025-11-13;13;2114.42
11;2025-11-13;14;2063.96
11;2025-11-13;15;2131.78
11;2025-11-13;16;2327.67
11;2025-11-13;17;2893.3
11;2025-11-13;18;3201.68
11;2025-11-13;19;2284.38
11;2025-11-13;20;1449.77
11;2025-11-13;21;861.0
11;2025-11-13;22;428.7
11;2025-11-13;23;232.45
11;2025-11-14;0;73.68
11;2025-11-14;1;4.66
11;2025-11-14;2;0.0
11;2025-11-14;3;0.0
11;2025-11-14;4;2.14
11;2025-11-14;5;295.97
11;2025-11-14;6;1348.0
11;2025-11-14;7;2439.5
11;2025-11-14;8;3157.65
11;2025-11-14;9;2375.1
11;2025-11-14;10;1915.82
11;2025-11-14;11;1841.02
11;2025-11-14;12;1964.79
11;2025-11-14;13;2009.15
11;2025-11-14;14;2129.3
11;2025-11-14;15;2243.94
11;2025-11-14;16;2446.61
11;2025-11-14;17;3004.16
11;2025-11-14;18;2590.87
11;2025-11-14;19;1934.94
11;2025-11-14;20;1384.84
11;2025-11-14;21;883.26
11;2025-11-14;22;441.09
11;2025-11-14;23;312.71
11;2025-11-15;0;94.43
11;2025-11-15;1;2.8
11;2025-11-15;2;0.0
11;2025-11-15;3;0.0
11;2025-11-15;4;2.03
11;2025-11-15;5;178.97
11;2025-11-15;6;763.77
11;2025-11-15;7;712.45
11;2025-11-15;8;995.94
11;2025-11-15;9;1108.71
11;2025-11-15;10;1269.8
11;2025-11-15;11;1596.97
11;2025-11-15;12;1789.96
11;2025-11-15;13;1753.55
11;2025-11-15;14;1789.78
11;2025-11-15;15;1663.72
11;2025-11-15;16;1711.97
11;2025-11-15;17;1725.54
11;2025-11-15;18;1422.51
11;2025-11-15;19;1342.42
11;2025-11-15;20;944.27
11;2025-11-15;21;674.75
11;2025-11-15;22;395.75
11;2025-11-15;23;263.27
11;2025-11-16;0;103.72
11;2025-11-16;1;14.23
11;2025-11-16;2;0.0
11;2025-11-16;3;0.0
11;2025-11-16;4;1.09
11;2025-11-16;5;111.95
11;2025-11-16;6;457.61
11;2025-11-16;7;490.45
11;2025-11-16;8;679.88
11;2025-11-16;9;883.89
11;2025-11-16;10;976.6
11;2025-11-16;11;1408.21
11;2025-11-16;12;1539.97
11;2025-11-16;13;1507.37
11;2025-11-16;14;1591.4
11;2025-11-16;15;1590.13
11;2025-11-16;16;1494.29
11;2025-11-16;17;1589.52
11;2025-11-16;18;1242.9
11;2025-11-16;19;1006.19
11;2025-11-16;20;789.46
11;2025-11-16;21;577.71
11;2025-11-16;22;343.82
11;2025-11-16;23;228.8
11;2025-11-17;0;60.92
11;2025-11-17;1;2.39
11;2025-11-17;2;0.02
11;2025-11-17;3;0.0
11;2025-11-17;4;2.48
11;2025-11-17;5;276.94
11;2025-11-17;6;1285.08
11;2025-11-17;7;2389.07
11;2025-11-17;8;3073.56
11;2025-11-17;9;2360.06
11;2025-11-17;10;1885.5
11;2025-11-17;11;1797.4
11;2025-11-17;12;1837.55
11;2025-11-17;13;2000.14
11;2025-11-17;14;1952.41
11;2025-11-17;15;2016.57
11;2025-11-17;16;2201.87
11;2025-11-17;17;2736.92
11;2025-11-17;18;3028.64
11;2025-11-17;19;2160.92
11;2025-11-17;20;1371.42
11;2025-11-17;21;814.46
11;2025-11-17;22;405.53
11;2025-11-17;23;219.89
11;2025-11-18;0;62.6
11;2025-11-18;1;2.46
11;2025-11-18;2;0.02
11;2025-11-18;3;0.0
11;2025-11-18;4;2.55
11;2025-11-18;5;284.6
11;2025-11-18;6;1320.58
11;2025-11-18;7;2455.07
11;2025-11-18;8;3158.47
11;2025-11-18;9;2425.26
11;2025-11-18;10;1937.59
11;2025-11-18;11;1847.05
11;2025-11-18;12;1888.31
11;2025-11-18;13;2055.39
11;2025-11-18;14;2006.34
11;2025-11-18;15;2072.28
11;2025-11-18;16;2262.7
11;2025-11-18;17;2812.53
11;2025-11-18;18;3112.31
11;2025-11-18;19;2220.61
11;2025-11-18;20;1409.3
11;2025-11-18;21;836.96
11;2025-11-18;22;416.73
11;2025-11-18;23;225.97
11;2025-11-19;0;63.92
11;2025-11-19;1;2.51
11;2025-11-19;2;0.02
11;2025-11-19;3;0.0
11;2025-11-19;4;2.6
11;2025-11-19;5;290.57
11;2025-11-19;6;1348.32
11;2025-11-19;7;2506.65
11;2025-11-19;8;3224.82
11;2025-11-19;9;2476.21
11;2025-11-19;10;1978.29
11;2025-11-19;11;1885.85
11;2025-11-19;12;1927.98
11;2025-11-19;13;2098.57
11;2025-11-19;14;2048.49
11;2025-11-19;15;2115.81
11;2025-11-19;16;2310.23
11;2025-11-19;17;2871.62
11;2025-11-19;18;3177.7
11;2025-11-19;19;2267.26
11;2025-11-19;20;1438.91
11;2025-11-19;21;854.54
11;2025-11-19;22;425.49
11;2025-11-19;23;230.71
11;2025-11-20;0;64.42
11;2025-11-20;1;2.53
11;2025-11-20;2;0.02
11;2025-11-20;3;0.0
11;2025-11-20;4;2.62
11;2025-11-20;5;292.88
11;2025-11-20;6;1359.04
11;2025-11-20;7;2526.58
11;2025-11-20;8;3250.46
11;2025-11-20;9;2495.9
11;2025-11-20;10;1994.02
11;2025-11-20;11;1900.85
11;2025-11-20;12;1943.31
11;2025-11-20;13;2115.26
11;2025-11-20;14;2064.78
11;2025-11-20;15;2132.64
11;2025-11-20;16;2328.6
11;2025-11-20;17;2894.46
11;2025-11-20;18;3202.97
11;2025-11-20;19;2285.29
11;2025-11-20;20;1450.35
11;2025-11-20;21;861.34
11;2025-11-20;22;428.87
11;2025-11-20;23;232.55
11;2025-11-21;0;73.71
11;2025-11-21;1;4.66
11;2025-11-21;2;0.0
11;2025-11-21;3;0.0
11;2025-11-21;4;2.14
11;2025-11-21;5;296.09
11;2025-11-21;6;1348.54
11;2025-11-21;7;2440.48
11;2025-11-21;8;3158.91
11;2025-11-21;9;2376.05
11;2025-11-21;10;1916.59
11;2025-11-21;11;1841.76
11;2025-11-21;12;1965.58
11;2025-11-21;13;2009.95
11;2025-11-21;14;2130.15
11;2025-11-21;15;2244.84
11;2025-11-21;16;2447.59
11;2025-11-21;17;3005.36
11;2025-11-21;18;2591.9
11;2025-11-21;19;1935.71
11;2025-11-21;20;1385.4
11;2025-11-21;21;883.61
11;2025-11-21;22;441.26
11;2025-11-21;23;312.83
11;2025-11-22;0;96.22
11;2025-11-22;1;2.85
11;2025-11-22;2;0.0
11;2025-11-22;3;0.0
11;2025-11-22;4;2.07
11;2025-11-22;5;182.37
11;2025-11-22;6;778.27
11;2025-11-22;7;725.97
11;2025-11-22;8;1014.84
11;2025-11-22;9;1129.75
11;2025-11-22;10;1293.9
11;2025-11-22;11;1627.27
11;2025-11-22;12;1823.93
11;2025-11-22;13;1786.82
11;2025-11-22;14;1823.75
11;2025-11-22;15;1695.29
11;2025-11-22;16;1744.46
11;2025-11-22;17;1758.29
11;2025-11-22;18;1449.51
11;2025-11-22;19;1367.89
11;2025-11-22;20;962.19
11;2025-11-22;21;687.56
11;2025-11-22;22;403.26
11;2025-11-22;23;268.27
11;2025-11-23;0;103.72
11;2025-11-23;1;14.23
11;2025-11-23;2;0.0
11;2025-11-23;3;0.0
11;2025-11-23;4;1.09
11;2025-11-23;5;111.95
11;2025-11-23;6;457.61
11;2025-11-23;7;490.45
11;2025-11-23;8;679.88
11;2025-11-23;9;883.89
11;2025-11-23;10;976.6
11;2025-11-23;11;1408.21
11;2025-11-23;12;1539.97
11;2025-11-23;13;1507.37
11;2025-11-23;14;1591.4
11;2025-11-23;15;1590.13
11;2025-11-23;16;1494.29
11;2025-11-23;17;1589.52
11;2025-11-23;18;1242.9
11;2025-11-23;19;1006.19
11;2025-11-23;20;789.46
11;2025-11-23;21;577.71
11;2025-11-23;22;343.82
11;2025-11-23;23;228.8
11;2025-11-24;0;60.6
11;2025-11-24;1;2.38
11;2025-11-24;2;0.02
11;2025-11-24;3;0.0
11;2025-11-24;4;2.46
11;2025-11-24;5;275.51
11;2025-11-24;6;1278.41
11;2025-11-24;7;2376.68
11;2025-11-24;8;3057.62
11;2025-11-24;9;2347.82
11;2025-11-24;10;1875.72
11;2025-11-24;11;1788.08
11;2025-11-24;12;1828.02
11;2025-11-24;13;1989.77
11;2025-11-24;14;1942.28
11;2025-11-24;15;2006.11
11;2025-11-24;16;2190.45
11;2025-11-24;17;2722.73
11;2025-11-24;18;3012.94
11;2025-11-24;19;2149.71
11;2025-11-24;20;1364.31
11;2025-11-24;21;810.24
11;2025-11-24;22;403.43
11;2025-11-24;23;218.75
11;2025-11-25;0;63.79
11;2025-11-25;1;2.5
11;2025-11-25;2;0.02
11;2025-11-25;3;0.0
11;2025-11-25;4;2.59
11;2025-11-25;5;290.0
11;2025-11-25;6;1345.64
11;2025-11-25;7;2501.66
11;2025-11-25;8;3218.41
11;2025-11-25;9;2471.28
11;2025-11-25;10;1974.36
11;2025-11-25;11;1882.11
11;2025-11-25;12;1924.15
11;2025-11-25;13;2094.4
11;2025-11-25;14;2044.42
11;2025-11-25;15;2111.61
11;2025-11-25;16;2305.64
11;2025-11-25;17;2865.91
11;2025-11-25;18;3171.38
11;2025-11-25;19;2262.76
11;2025-11-25;20;1436.05
11;2025-11-25;21;852.85
11;2025-11-25;22;424.64
11;2025-11-25;23;230.25
11;2025-11-26;0;62.7
11;2025-11-26;1;2.46
11;2025-11-26;2;0.02
11;2025-11-26;3;0.0
11;2025-11-26;4;2.55
11;2025-11-26;5;285.05
11;2025-11-26;6;1322.68
11;2025-11-26;7;2458.98
11;2025-11-26;8;3163.49
11;2025-11-26;9;2429.12
11;2025-11-26;10;1940.67
11;2025-11-26;11;1849.99
11;2025-11-26;12;1891.32
11;2025-11-26;13;2058.67
11;2025-11-26;14;2009.54
11;2025-11-26;15;2075.58
11;2025-11-26;16;2266.3
11;2025-11-26;17;2817.01
11;2025-11-26;18;3117.27
11;2025-11-26;19;2224.15
11;2025-11-26;20;1411.55
11;2025-11-26;21;838.29
11;2025-11-26;22;417.4
11;2025-11-26;23;226.33
11;2025-11-27;0;63.28
11;2025-11-27;1;2.48
11;2025-11-27;2;0.02
11;2025-11-27;3;0.0
11;2025-11-27;4;2.57
11;2025-11-27;5;287.66
11;2025-11-27;6;1334.8
11;2025-11-27;7;2481.51
11;2025-11-27;8;3192.48
11;2025-11-27;9;2451.37
11;2025-11-27;10;1958.45
11;2025-11-27;11;1866.94
11;2025-11-27;12;1908.65
11;2025-11-27;13;2077.53
11;2025-11-27;14;2027.95
11;2025-11-27;15;2094.59
11;2025-11-27;16;2287.06
11;2025-11-27;17;2842.82
11;2025-11-27;18;3145.83
11;2025-11-27;19;2244.53
11;2025-11-27;20;1424.48
11;2025-11-27;21;845.97
11;2025-11-27;22;421.22
11;2025-11-27;23;228.4
11;2025-11-28;0;73.79
11;2025-11-28;1;4.67
11;2025-11-28;2;0.0
11;2025-11-28;3;0.0
11;2025-11-28;4;2.14
11;2025-11-28;5;296.45
11;2025-11-28;6;1350.16
11;2025-11-28;7;2443.41
11;2025-11-28;8;3162.71
11;2025-11-28;9;2378.9
11;2025-11-28;10;1918.89
11;2025-11-28;11;1843.97
11;2025-11-28;12;1967.94
11;2025-11-28;13;2012.37
11;2025-11-28;14;2132.71
11;2025-11-28;15;2247.53
11;2025-11-28;16;2450.53
11;2025-11-28;17;3008.97
11;2025-11-28;18;2595.01
11;2025-11-28;19;1938.03
11;2025-11-28;20;1387.06
11;2025-11-28;21;884.67
11;2025-11-28;22;441.79
11;2025-11-28;23;313.21
11;2025-11-29;0;96.84
11;2025-11-29;1;2.87
11;2025-11-29;2;0.0
11;2025-11-29;3;0.0
11;2025-11-29;4;2.09
11;2025-11-29;5;183.54
11;2025-11-29;6;783.27
11;2025-11-29;7;730.63
11;2025-11-29;8;1021.36
11;2025-11-29;9;1137.01
11;2025-11-29;10;1302.2
11;2025-11-29;11;1637.72
11;2025-11-29;12;1835.64
11;2025-11-29;13;1798.3
11;2025-11-29;14;1835.46
11;2025-11-29;15;1706.17
11;2025-11-29;16;1755.66
11;2025-11-29;17;1769.58
11;2025-11-29;18;1458.82
11;2025-11-29;19;1376.68
11;2025-11-29;20;968.37
11;2025-11-29;21;691.97
11;2025-11-29;22;405.85
11;2025-11-29;23;269.99
11;2025-11-30;0;103.72
11;2025-11-30;1;14.23
11;2025-11-30;2;0.0
11;2025-11-30;3;0.0
11;2025-11-30;4;1.09
11;2025-11-30;5;111.95
11;2025-11-30;6;457.61
11;2025-11-30;7;490.45
11;2025-11-30;8;679.88
11;2025-11-30;9;883.89
11;2025-11-30;10;976.6
11;2025-11-30;11;1408.21
11;2025-11-30;12;1539.97
11;2025-11-30;13;1507.37
11;2025-11-30;14;1591.4
11;2025-11-30;15;1590.13
11;2025-11-30;16;1494.29
11;2025-11-30;17;1589.52
11;2025-11-30;18;1242.9
11;2025-11-30;19;1006.19
11;2025-11-30;20;789.46
11;2025-11-30;21;577.71
11;2025-11-30;22;343.82
11;2025-11-30;23;228.8
11;2025-12-01;0;62.63
11;2025-12-01;1;2.4
11;2025-12-01;2;0.03
11;2025-12-01;3;0.0
11;2025-12-01;4;3.11
11;2025-12-01;5;287.75
11;2025-12-01;6;1297.82
11;2025-12-01;7;2403.56
11;2025-12-01;8;3099.67
11;2025-12-01;9;2394.74
11;2025-12-01;10;1888.17
11;2025-12-01;11;1813.07
11;2025-12-01;12;1845.06
11;2025-12-01;13;2022.88
11;2025-12-01;14;1972.03
11;2025-12-01;15;2060.12
11;2025-12-01;16;2243.4
11;2025-12-01;17;2784.47
11;2025-12-01;18;3077.76
11;2025-12-01;19;2199.83
11;2025-12-01;20;1399.23
11;2025-12-01;21;840.46
11;2025-12-01;22;418.79
11;2025-12-01;23;219.85
11;2025-12-02;0;64.83
11;2025-12-02;1;2.48
11;2025-12-02;2;0.03
11;2025-12-02;3;0.0
11;2025-12-02;4;3.22
11;2025-12-02;5;297.84
11;2025-12-02;6;1343.31
11;2025-12-02;7;2487.8
11;2025-12-02;8;3208.32
11;2025-12-02;9;2478.68
11;2025-12-02;10;1954.35
11;2025-12-02;11;1876.62
11;2025-12-02;12;1909.73
11;2025-12-02;13;2093.78
11;2025-12-02;14;2041.15
11;2025-12-02;15;2132.33
11;2025-12-02;16;2322.03
11;2025-12-02;17;2882.07
11;2025-12-02;18;3185.64
11;2025-12-02;19;2276.94
11;2025-12-02;20;1448.28
11;2025-12-02;21;869.92
11;2025-12-02;22;433.47
11;2025-12-02;23;227.56
11;2025-12-03;0;64.96
11;2025-12-03;1;2.49
11;2025-12-03;2;0.03
11;2025-12-03;3;0.0
11;2025-12-03;4;3.22
11;2025-12-03;5;298.43
11;2025-12-03;6;1345.99
11;2025-12-03;7;2492.76
11;2025-12-03;8;3214.71
11;2025-12-03;9;2483.62
11;2025-12-03;10;1958.25
11;2025-12-03;11;1880.36
11;2025-12-03;12;1913.54
11;2025-12-03;13;2097.96
11;2025-12-03;14;2045.22
11;2025-12-03;15;2136.58
11;2025-12-03;16;2326.66
11;2025-12-03;17;2887.81
11;2025-12-03;18;3191.98
11;2025-12-03;19;2281.47
11;2025-12-03;20;1451.16
11;2025-12-03;21;871.65
11;2025-12-03;22;434.33
11;2025-12-03;23;228.01
11;2025-12-04;0;65.47
11;2025-12-04;1;2.51
11;2025-12-04;2;0.03
11;2025-12-04;3;0.0
11;2025-12-04;4;3.25
11;2025-12-04;5;300.8
11;2025-12-04;6;1356.69
11;2025-12-04;7;2512.58
11;2025-12-04;8;3240.27
11;2025-12-04;9;2503.37
11;2025-12-04;10;1973.82
11;2025-12-04;11;1895.31
11;2025-12-04;12;1928.75
11;2025-12-04;13;2114.64
11;2025-12-04;14;2061.48
11;2025-12-04;15;2153.57
11;2025-12-04;16;2345.16
11;2025-12-04;17;2910.77
11;2025-12-04;18;3217.37
11;2025-12-04;19;2299.62
11;2025-12-04;20;1462.7
11;2025-12-04;21;878.58
11;2025-12-04;22;437.78
11;2025-12-04;23;229.82
11;2025-12-05;0;75.87
11;2025-12-05;1;4.62
11;2025-12-05;2;0.0
11;2025-12-05;3;0.0
11;2025-12-05;4;2.69
11;2025-12-05;5;301.19
11;2025-12-05;6;1352.55
11;2025-12-05;7;2421.76
11;2025-12-05;8;3125.5
11;2025-12-05;9;2397.33
11;2025-12-05;10;1921.94
11;2025-12-05;11;1854.36
11;2025-12-05;12;1960.95
11;2025-12-05;13;2027.63
11;2025-12-05;14;2121.6
11;2025-12-05;15;2265.32
11;2025-12-05;16;2475.84
11;2025-12-05;17;3002.89
11;2025-12-05;18;2596.81
11;2025-12-05;19;1967.31
11;2025-12-05;20;1395.4
11;2025-12-05;21;887.69
11;2025-12-05;22;452.76
11;2025-12-05;23;305.76
11;2025-12-06;0;97.26
11;2025-12-06;1;3.21
11;2025-12-06;2;0.0
11;2025-12-06;3;0.0
11;2025-12-06;4;2.59
11;2025-12-06;5;184.36
11;2025-12-06;6;763.46
11;2025-12-06;7;722.89
11;2025-12-06;8;999.19
11;2025-12-06;9;1124.48
11;2025-12-06;10;1275.8
11;2025-12-06;11;1629.45
11;2025-12-06;12;1819.94
11;2025-12-06;13;1778.04
11;2025-12-06;14;1811.12
11;2025-12-06;15;1699.94
11;2025-12-06;16;1751.02
11;2025-12-06;17;1768.21
11;2025-12-06;18;1461.43
11;2025-12-06;19;1356.34
11;2025-12-06;20;966.42
11;2025-12-06;21;690.43
11;2025-12-06;22;401.86
11;2025-12-06;23;270.36
11;2025-12-07;0;100.99
11;2025-12-07;1;13.05
11;2025-12-07;2;0.0
11;2025-12-07;3;0.0
11;2025-12-07;4;1.36
11;2025-12-07;5;113.14
11;2025-12-07;6;454.93
11;2025-12-07;7;488.35
11;2025-12-07;8;661.7
11;2025-12-07;9;871.26
11;2025-12-07;10;964.99
11;2025-12-07;11;1388.61
11;2025-12-07;12;1529.75
11;2025-12-07;13;1494.46
11;2025-12-07;14;1573.29
11;2025-12-07;15;1576.82
11;2025-12-07;16;1493.0
11;2025-12-07;17;1572.8
11;2025-12-07;18;1236.02
11;2025-12-07;19;1005.22
11;2025-12-07;20;783.9
11;2025-12-07;21;579.96
11;2025-12-07;22;339.9
11;2025-12-07;23;228.47
11;2025-12-08;0;62.63
11;2025-12-08;1;2.4
11;2025-12-08;2;0.03
11;2025-12-08;3;0.0
11;2025-12-08;4;3.11
11;2025-12-08;5;287.75
11;2025-12-08;6;1297.82
11;2025-12-08;7;2403.56
11;2025-12-08;8;3099.67
11;2025-12-08;9;2394.74
11;2025-12-08;10;1888.17
11;2025-12-08;11;1813.07
11;2025-12-08;12;1845.06
11;2025-12-08;13;2022.88
11;2025-12-08;14;1972.03
11;2025-12-08;15;2060.12
11;2025-12-08;16;2243.4
11;2025-12-08;17;2784.47
11;2025-12-08;18;3077.76
11;2025-12-08;19;2199.83
11;2025-12-08;20;1399.23
11;2025-12-08;21;840.46
11;2025-12-08;22;418.79
11;2025-12-08;23;219.85
11;2025-12-09;0;64.78
11;2025-12-09;1;2.48
11;2025-12-09;2;0.03
11;2025-12-09;3;0.0
11;2025-12-09;4;3.21
11;2025-12-09;5;297.6
11;2025-12-09;6;1342.24
11;2025-12-09;7;2485.81
11;2025-12-09;8;3205.75
11;2025-12-09;9;2476.7
11;2025-12-09;10;1952.79
11;2025-12-09;11;1875.12
11;2025-12-09;12;1908.2
11;2025-12-09;13;2092.11
11;2025-12-09;14;2039.52
11;2025-12-09;15;2130.62
11;2025-12-09;16;2320.17
11;2025-12-09;17;2879.76
11;2025-12-09;18;3183.09
11;2025-12-09;19;2275.12
11;2025-12-09;20;1447.12
11;2025-12-09;21;869.22
11;2025-12-09;22;433.12
11;2025-12-09;23;227.37
11;2025-12-10;0;64.75
11;2025-12-10;1;2.48
11;2025-12-10;2;0.03
11;2025-12-10;3;0.0
11;2025-12-10;4;3.21
11;2025-12-10;5;297.48
11;2025-12-10;6;1341.69
11;2025-12-10;7;2484.8
11;2025-12-10;8;3204.44
11;2025-12-10;9;2475.69
11;2025-12-10;10;1951.99
11;2025-12-10;11;1874.35
11;2025-12-10;12;1907.42
11;2025-12-10;13;2091.25
11;2025-12-10;14;2038.68
11;2025-12-10;15;2129.75
11;2025-12-10;16;2319.22
11;2025-12-10;17;2878.58
11;2025-12-10;18;3181.78
11;2025-12-10;19;2274.18
11;2025-12-10;20;1446.53
11;2025-12-10;21;868.87
11;2025-12-10;22;432.94
11;2025-12-10;23;227.28
11;2025-12-11;0;64.38
11;2025-12-11;1;2.47
11;2025-12-11;2;0.03
11;2025-12-11;3;0.0
11;2025-12-11;4;3.19
11;2025-12-11;5;295.79
11;2025-12-11;6;1334.09
11;2025-12-11;7;2470.72
11;2025-12-11;8;3186.29
11;2025-12-11;9;2461.67
11;2025-12-11;10;1940.94
11;2025-12-11;11;1863.74
11;2025-12-11;12;1896.62
11;2025-12-11;13;2079.41
11;2025-12-11;14;2027.14
11;2025-12-11;15;2117.69
11;2025-12-11;16;2306.09
11;2025-12-11;17;2862.28
11;2025-12-11;18;3163.77
11;2025-12-11;19;2261.31
11;2025-12-11;20;1438.34
11;2025-12-11;21;863.95
11;2025-12-11;22;430.49
11;2025-12-11;23;225.99
11;2025-12-12;0;74.81
11;2025-12-12;1;4.55
11;2025-12-12;2;0.0
11;2025-12-12;3;0.0
11;2025-12-12;4;2.65
11;2025-12-12;5;297.0
11;2025-12-12;6;1333.74
11;2025-12-12;7;2388.09
11;2025-12-12;8;3082.04
11;2025-12-12;9;2364.0
11;2025-12-12;10;1895.22
11;2025-12-12;11;1828.58
11;2025-12-12;12;1933.69
11;2025-12-12;13;1999.44
11;2025-12-12;14;2092.1
11;2025-12-12;15;2233.83
11;2025-12-12;16;2441.42
11;2025-12-12;17;2961.14
11;2025-12-12;18;2560.71
11;2025-12-12;19;1939.96
11;2025-12-12;20;1376.0
11;2025-12-12;21;875.35
11;2025-12-12;22;446.47
11;2025-12-12;23;301.51
11;2025-12-13;0;97.1
11;2025-12-13;1;3.2
11;2025-12-13;2;0.0
11;2025-12-13;3;0.0
11;2025-12-13;4;2.58
11;2025-12-13;5;184.07
11;2025-12-13;6;762.24
11;2025-12-13;7;721.74
11;2025-12-13;8;997.59
11;2025-12-13;9;1122.69
11;2025-12-13;10;1273.76
11;2025-12-13;11;1626.85
11;2025-12-13;12;1817.03
11;2025-12-13;13;1775.19
11;2025-12-13;14;1808.23
11;2025-12-13;15;1697.22
11;2025-12-13;16;1748.22
11;2025-12-13;17;1765.39
11;2025-12-13;18;1459.1
11;2025-12-13;19;1354.17
11;2025-12-13;20;964.88
11;2025-12-13;21;689.32
11;2025-12-13;22;401.22
11;2025-12-13;23;269.93
11;2025-12-14;0;100.95
11;2025-12-14;1;13.04
11;2025-12-14;2;0.0
11;2025-12-14;3;0.0
11;2025-12-14;4;1.35
11;2025-12-14;5;113.1
11;2025-12-14;6;454.75
11;2025-12-14;7;488.15
11;2025-12-14;8;661.43
11;2025-12-14;9;870.91
11;2025-12-14;10;964.6
11;2025-12-14;11;1388.05
11;2025-12-14;12;1529.14
11;2025-12-14;13;1493.86
11;2025-12-14;14;1572.66
11;2025-12-14;15;1576.19
11;2025-12-14;16;1492.4
11;2025-12-14;17;1572.17
11;2025-12-14;18;1235.53
11;2025-12-14;19;1004.82
11;2025-12-14;20;783.59
11;2025-12-14;21;579.73
11;2025-12-14;22;339.76
11;2025-12-14;23;228.38
11;2025-12-15;0;62.61
11;2025-12-15;1;2.4
11;2025-12-15;2;0.03
11;2025-12-15;3;0.0
11;2025-12-15;4;3.11
11;2025-12-15;5;287.64
11;2025-12-15;6;1297.3
11;2025-12-15;7;2402.59
11;2025-12-15;8;3098.43
11;2025-12-15;9;2393.79
11;2025-12-15;10;1887.42
11;2025-12-15;11;1812.34
11;2025-12-15;12;1844.32
11;2025-12-15;13;2022.07
11;2025-12-15;14;1971.24
11;2025-12-15;15;2059.3
11;2025-12-15;16;2242.5
11;2025-12-15;17;2783.35
11;2025-12-15;18;3076.53
11;2025-12-15;19;2198.95
11;2025-12-15;20;1398.67
11;2025-12-15;21;840.12
11;2025-12-15;22;418.62
11;2025-12-15;23;219.76
11;2025-12-16;0;64.47
11;2025-12-16;1;2.47
11;2025-12-16;2;0.03
11;2025-12-16;3;0.0
11;2025-12-16;4;3.2
11;2025-12-16;5;296.17
11;2025-12-16;6;1335.81
11;2025-12-16;7;2473.91
11;2025-12-16;8;3190.4
11;2025-12-16;9;2464.84
11;2025-12-16;10;1943.44
11;2025-12-16;11;1866.14
11;2025-12-16;12;1899.07
11;2025-12-16;13;2082.09
11;2025-12-16;14;2029.75
11;2025-12-16;15;2120.42
11;2025-12-16;16;2309.06
11;2025-12-16;17;2865.97
11;2025-12-16;18;3167.85
11;2025-12-16;19;2264.22
11;2025-12-16;20;1440.19
11;2025-12-16;21;865.06
11;2025-12-16;22;431.05
11;2025-12-16;23;226.29
11;2025-12-17;0;64.96
11;2025-12-17;1;2.49
11;2025-12-17;2;0.03
11;2025-12-17;3;0.0
11;2025-12-17;4;3.22
11;2025-12-17;5;298.43
11;2025-12-17;6;1345.99
11;2025-12-17;7;2492.76
11;2025-12-17;8;3214.71
11;2025-12-17;9;2483.62
11;2025-12-17;10;1958.25
11;2025-12-17;11;1880.36
11;2025-12-17;12;1913.54
11;2025-12-17;13;2097.96
11;2025-12-17;14;2045.22
11;2025-12-17;15;2136.58
11;2025-12-17;16;2326.66
11;2025-12-17;17;2887.81
11;2025-12-17;18;3191.98
11;2025-12-17;19;2281.47
11;2025-12-17;20;1451.16
11;2025-12-17;21;871.65
11;2025-12-17;22;434.33
11;2025-12-17;23;228.01
11;2025-12-18;0;65.47
11;2025-12-18;1;2.51
11;2025-12-18;2;0.03
11;2025-12-18;3;0.0
11;2025-12-18;4;3.25
11;2025-12-18;5;300.8
11;2025-12-18;6;1356.69
11;2025-12-18;7;2512.58
11;2025-12-18;8;3240.27
11;2025-12-18;9;2503.37
11;2025-12-18;10;1973.82
11;2025-12-18;11;1895.31
11;2025-12-18;12;1928.75
11;2025-12-18;13;2114.64
11;2025-12-18;14;2061.48
11;2025-12-18;15;2153.57
11;2025-12-18;16;2345.16
11;2025-12-18;17;2910.77
11;2025-12-18;18;3217.37
11;2025-12-18;19;2299.62
11;2025-12-18;20;1462.7
11;2025-12-18;21;878.58
11;2025-12-18;22;437.78
11;2025-12-18;23;229.82
11;2025-12-19;0;75.81
11;2025-12-19;1;4.61
11;2025-12-19;2;0.0
11;2025-12-19;3;0.0
11;2025-12-19;4;2.68
11;2025-12-19;5;300.95
11;2025-12-19;6;1351.47
11;2025-12-19;7;2419.83
11;2025-12-19;8;3123.0
11;2025-12-19;9;2395.41
11;2025-12-19;10;1920.41
11;2025-12-19;11;1852.87
11;2025-12-19;12;1959.38
11;2025-12-19;13;2026.01
11;2025-12-19;14;2119.9
11;2025-12-19;15;2263.51
11;2025-12-19;16;2473.86
11;2025-12-19;17;3000.49
11;2025-12-19;18;2594.74
11;2025-12-19;19;1965.73
11;2025-12-19;20;1394.28
11;2025-12-19;21;886.98
11;2025-12-19;22;452.4
11;2025-12-19;23;305.52
11;2025-12-20;0;97.26
11;2025-12-20;1;3.21
11;2025-12-20;2;0.0
11;2025-12-20;3;0.0
11;2025-12-20;4;2.59
11;2025-12-20;5;184.36
11;2025-12-20;6;763.46
11;2025-12-20;7;722.89
11;2025-12-20;8;999.19
11;2025-12-20;9;1124.48
11;2025-12-20;10;1275.8
11;2025-12-20;11;1629.45
11;2025-12-20;12;1819.94
11;2025-12-20;13;1778.04
11;2025-12-20;14;1811.12
11;2025-12-20;15;1699.94
11;2025-12-20;16;1751.02
11;2025-12-20;17;1768.21
11;2025-12-20;18;1461.43
11;2025-12-20;19;1356.34
11;2025-12-20;20;966.42
11;2025-12-20;21;690.43
11;2025-12-20;22;401.86
11;2025-12-20;23;270.36
11;2025-12-21;0;100.79
11;2025-12-21;1;13.02
11;2025-12-21;2;0.0
11;2025-12-21;3;0.0
11;2025-12-21;4;1.35
11;2025-12-21;5;112.92
11;2025-12-21;6;454.02
11;2025-12-21;7;487.37
11;2025-12-21;8;660.38
11;2025-12-21;9;869.51
11;2025-12-21;10;963.06
11;2025-12-21;11;1385.83
11;2025-12-21;12;1526.69
11;2025-12-21;13;1491.48
11;2025-12-21;14;1570.15
11;2025-12-21;15;1573.67
11;2025-12-21;16;1490.01
11;2025-12-21;17;1569.66
11;2025-12-21;18;1233.55
11;2025-12-21;19;1003.22
11;2025-12-21;20;782.34
11;2025-12-21;21;578.8
11;2025-12-21;22;339.22
11;2025-12-21;23;228.01
11;2025-12-22;0;61.16
11;2025-12-22;1;2.34
11;2025-12-22;2;0.03
11;2025-12-22;3;0.0
11;2025-12-22;4;3.03
11;2025-12-22;5;280.98
11;2025-12-22;6;1267.29
11;2025-12-22;7;2347.02
11;2025-12-22;8;3026.76
11;2025-12-22;9;2338.42
11;2025-12-22;10;1843.76
11;2025-12-22;11;1770.42
11;2025-12-22;12;1801.66
11;2025-12-22;13;1975.3
11;2025-12-22;14;1925.64
11;2025-12-22;15;2011.66
11;2025-12-22;16;2190.63
11;2025-12-22;17;2718.97
11;2025-12-22;18;3005.36
11;2025-12-22;19;2148.09
11;2025-12-22;20;1366.32
11;2025-12-22;21;820.69
11;2025-12-22;22;408.94
11;2025-12-22;23;214.68
11;2025-12-23;0;63.53
11;2025-12-23;1;2.43
11;2025-12-23;2;0.03
11;2025-12-23;3;0.0
11;2025-12-23;4;3.15
11;2025-12-23;5;291.88
11;2025-12-23;6;1316.44
11;2025-12-23;7;2438.05
11;2025-12-23;8;3144.15
11;2025-12-23;9;2429.11
11;2025-12-23;10;1915.27
11;2025-12-23;11;1839.09
11;2025-12-23;12;1871.54
11;2025-12-23;13;2051.91
11;2025-12-23;14;2000.33
11;2025-12-23;15;2089.68
11;2025-12-23;16;2275.59
11;2025-12-23;17;2824.42
11;2025-12-23;18;3121.92
11;2025-12-23;19;2231.4
11;2025-12-23;20;1419.31
11;2025-12-23;21;852.52
11;2025-12-23;22;424.8
11;2025-12-23;23;223.01
11;2025-12-24;0;63.51
11;2025-12-24;1;2.43
11;2025-12-24;2;0.03
11;2025-12-24;3;0.0
11;2025-12-24;4;3.15
11;2025-12-24;5;291.76
11;2025-12-24;6;1315.91
11;2025-12-24;7;2437.05
11;2025-12-24;8;3142.86
11;2025-12-24;9;2428.11
11;2025-12-24;10;1914.48
11;2025-12-24;11;1838.33
11;2025-12-24;12;1870.77
11;2025-12-24;13;2051.07
11;2025-12-24;14;1999.51
11;2025-12-24;15;2088.83
11;2025-12-24;16;2274.66
11;2025-12-24;17;2823.27
11;2025-12-24;18;3120.64
11;2025-12-24;19;2230.48
11;2025-12-24;20;1418.73
11;2025-12-24;21;852.17
11;2025-12-24;22;424.62
11;2025-12-24;23;222.91
11;2025-12-25;0;63.6
11;2025-12-25;1;2.44
11;2025-12-25;2;0.03
11;2025-12-25;3;0.0
11;2025-12-25;4;3.16
11;2025-12-25;5;292.21
11;2025-12-25;6;1317.91
11;2025-12-25;7;2440.76
11;2025-12-25;8;3147.65
11;2025-12-25;9;2431.81
11;2025-12-25;10;1917.4
11;2025-12-25;11;1841.13
11;2025-12-25;12;1873.62
11;2025-12-25;13;2054.19
11;2025-12-25;14;2002.55
11;2025-12-25;15;2092.01
11;2025-12-25;16;2278.12
11;2025-12-25;17;2827.56
11;2025-12-25;18;3125.39
11;2025-12-25;19;2233.88
11;2025-12-25;20;1420.89
11;2025-12-25;21;853.47
11;2025-12-25;22;425.27
11;2025-12-25;23;223.25
11;2025-12-26;0;72.82
11;2025-12-26;1;4.43
11;2025-12-26;2;0.0
11;2025-12-26;3;0.0
11;2025-12-26;4;2.58
11;2025-12-26;5;289.09
11;2025-12-26;6;1298.21
11;2025-12-26;7;2324.47
11;2025-12-26;8;2999.93
11;2025-12-26;9;2301.02
11;2025-12-26;10;1844.73
11;2025-12-26;11;1779.86
11;2025-12-26;12;1882.17
11;2025-12-26;13;1946.17
11;2025-12-26;14;2036.37
11;2025-12-26;15;2174.31
11;2025-12-26;16;2376.38
11;2025-12-26;17;2882.25
11;2025-12-26;18;2492.49
11;2025-12-26;19;1888.27
11;2025-12-26;20;1339.34
11;2025-12-26;21;852.03
11;2025-12-26;22;434.57
11;2025-12-26;23;293.48
11;2025-12-27;0;97.06
11;2025-12-27;1;3.2
11;2025-12-27;2;0.0
11;2025-12-27;3;0.0
11;2025-12-27;4;2.58
11;2025-12-27;5;184.0
11;2025-12-27;6;761.93
11;2025-12-27;7;721.45
11;2025-12-27;8;997.19
11;2025-12-27;9;1122.24
11;2025-12-27;10;1273.25
11;2025-12-27;11;1626.2
11;2025-12-27;12;1816.3
11;2025-12-27;13;1774.48
11;2025-12-27;14;1807.5
11;2025-12-27;15;1696.55
11;2025-12-27;16;1747.52
11;2025-12-27;17;1764.68
11;2025-12-27;18;1458.51
11;2025-12-27;19;1353.63
11;2025-12-27;20;964.49
11;2025-12-27;21;689.05
11;2025-12-27;22;401.05
11;2025-12-27;23;269.82
11;2025-12-28;0;100.18
11;2025-12-28;1;12.94
11;2025-12-28;2;0.0
11;2025-12-28;3;0.0
11;2025-12-28;4;1.34
11;2025-12-28;5;112.24
11;2025-12-28;6;451.3
11;2025-12-28;7;484.46
11;2025-12-28;8;656.43
11;2025-12-28;9;864.31
11;2025-12-28;10;957.3
11;2025-12-28;11;1377.54
11;2025-12-28;12;1517.56
11;2025-12-28;13;1482.55
11;2025-12-28;14;1560.75
11;2025-12-28;15;1564.26
11;2025-12-28;16;1481.1
11;2025-12-28;17;1560.27
11;2025-12-28;18;1226.17
11;2025-12-28;19;997.21
11;2025-12-28;20;777.66
11;2025-12-28;21;575.34
11;2025-12-28;22;337.19
11;2025-12-28;23;226.65
11;2025-12-29;0;55.99
11;2025-12-29;1;2.15
11;2025-12-29;2;0.03
11;2025-12-29;3;0.0
11;2025-12-29;4;2.78
11;2025-12-29;5;257.22
11;2025-12-29;6;1160.12
11;2025-12-29;7;2148.54
11;2025-12-29;8;2770.8
11;2025-12-29;9;2140.66
11;2025-12-29;10;1687.84
11;2025-12-29;11;1620.7
11;2025-12-29;12;1649.3
11;2025-12-29;13;1808.25
11;2025-12-29;14;1762.8
11;2025-12-29;15;1841.54
11;2025-12-29;16;2005.37
11;2025-12-29;17;2489.04
11;2025-12-29;18;2751.21
11;2025-12-29;19;1966.43
11;2025-12-29;20;1250.78
11;2025-12-29;21;751.29
11;2025-12-29;22;374.35
11;2025-12-29;23;196.52
11;2025-12-30;0;54.34
11;2025-12-30;1;2.08
11;2025-12-30;2;0.03
11;2025-12-30;3;0.0
11;2025-12-30;4;2.7
11;2025-12-30;5;249.64
11;2025-12-30;6;1125.94
11;2025-12-30;7;2085.23
11;2025-12-30;8;2689.16
11;2025-12-30;9;2077.59
11;2025-12-30;10;1638.11
11;2025-12-30;11;1572.95
11;2025-12-30;12;1600.7
11;2025-12-30;13;1754.97
11;2025-12-30;14;1710.86
11;2025-12-30;15;1787.28
11;2025-12-30;16;1946.29
11;2025-12-30;17;2415.7
11;2025-12-30;18;2670.15
11;2025-12-30;19;1908.49
11;2025-12-30;20;1213.92
11;2025-12-30;21;729.15
11;2025-12-30;22;363.32
11;2025-12-30;23;190.73
11;2025-12-31;0;84.45
11;2025-12-31;1;2.79
11;2025-12-31;2;0.0
11;2025-12-31;3;0.0
11;2025-12-31;4;2.25
11;2025-12-31;5;160.08
11;2025-12-31;6;662.9
11;2025-12-31;7;627.68
11;2025-12-31;8;867.58
11;2025-12-31;9;976.37
11;2025-12-31;10;1107.76
11;2025-12-31;11;1414.83
11;2025-12-31;12;1580.22
11;2025-12-31;13;1543.84
11;2025-12-31;14;1572.57
11;2025-12-31;15;1476.03
11;2025-12-31;16;1520.38
11;2025-12-31;17;1535.31
11;2025-12-31;18;1268.94
11;2025-12-31;19;1177.69
11;2025-12-31;20;839.13
11;2025-12-31;21;359.69
11;2025-12-31;22;209.36
11;2025-12-31;23;140.85
12;2025-11-01;0;30.0
12;2025-11-01;1;3.0
12;2025-11-01;2;0.0
12;2025-11-01;3;0.0
12;2025-11-01;4;3.73
12;2025-11-01;5;249.2
12;2025-11-01;6;1033.02
12;2025-11-01;7;1685.19
12;2025-11-01;8;2066.09
12;2025-11-01;9;1704.89
12;2025-11-01;10;1572.37
12;2025-11-01;11;1657.38
12;2025-11-01;12;1673.6
12;2025-11-01;13;1828.19
12;2025-11-01;14;1760.05
12;2025-11-01;15;1838.95
12;2025-11-01;16;2122.12
12;2025-11-01;17;2105.92
12;2025-11-01;18;1986.88
12;2025-11-01;19;1719.06
12;2025-11-01;20;1107.98
12;2025-11-01;21;809.22
12;2025-11-01;22;458.74
12;2025-11-01;23;293.39
12;2025-11-02;0;65.42
12;2025-11-02;1;4.97
12;2025-11-02;2;0.0
12;2025-11-02;3;0.0
12;2025-11-02;4;2.26
12;2025-11-02;5;143.02
12;2025-11-02;6;534.05
12;2025-11-02;7;633.61
12;2025-11-02;8;701.94
12;2025-11-02;9;871.91
12;2025-11-02;10;1027.68
12;2025-11-02;11;1141.5
12;2025-11-02;12;1158.4
12;2025-11-02;13;1346.74
12;2025-11-02;14;1274.69
12;2025-11-02;15;1204.82
12;2025-11-02;16;1246.65
12;2025-11-02;17;1272.22
12;2025-11-02;18;1150.94
12;2025-11-02;19;980.74
12;2025-11-02;20;684.12
12;2025-11-02;21;523.39
12;2025-11-02;22;327.5
12;2025-11-02;23;200.17
12;2025-11-03;0;69.98
12;2025-11-03;1;5.32
12;2025-11-03;2;0.0
12;2025-11-03;3;0.0
12;2025-11-03;4;2.42
12;2025-11-03;5;152.97
12;2025-11-03;6;571.21
12;2025-11-03;7;677.7
12;2025-11-03;8;750.78
12;2025-11-03;9;932.58
12;2025-11-03;10;1099.19
12;2025-11-03;11;1220.94
12;2025-11-03;12;1239.01
12;2025-11-03;13;1440.46
12;2025-11-03;14;1363.4
12;2025-11-03;15;1288.66
12;2025-11-03;16;1333.4
12;2025-11-03;17;1360.75
12;2025-11-03;18;1231.03
12;2025-11-03;19;1048.99
12;2025-11-03;20;731.72
12;2025-11-03;21;559.81
12;2025-11-03;22;350.28
12;2025-11-03;23;214.1
12;2025-11-04;0;69.73
12;2025-11-04;1;5.3
12;2025-11-04;2;0.0
12;2025-11-04;3;0.0
12;2025-11-04;4;2.41
12;2025-11-04;5;152.42
12;2025-11-04;6;569.16
12;2025-11-04;7;675.27
12;2025-11-04;8;748.08
12;2025-11-04;9;929.23
12;2025-11-04;10;1095.24
12;2025-11-04;11;1216.55
12;2025-11-04;12;1234.56
12;2025-11-04;13;1435.28
12;2025-11-04;14;1358.5
12;2025-11-04;15;1284.03
12;2025-11-04;16;1328.61
12;2025-11-04;17;1355.86
12;2025-11-04;18;1226.6
12;2025-11-04;19;1045.22
12;2025-11-04;20;729.09
12;2025-11-04;21;557.8
12;2025-11-04;22;349.03
12;2025-11-04;23;213.33
12;2025-11-05;0;54.91
12;2025-11-05;1;2.24
12;2025-11-05;2;0.0
12;2025-11-05;3;0.0
12;2025-11-05;4;5.86
12;2025-11-05;5;332.15
12;2025-11-05;6;1418.43
12;2025-11-05;7;2787.13
12;2025-11-05;8;3794.62
12;2025-11-05;9;2565.91
12;2025-11-05;10;2070.71
12;2025-11-05;11;2014.65
12;2025-11-05;12;2086.55
12;2025-11-05;13;2046.3
12;2025-11-05;14;2051.76
12;2025-11-05;15;2263.05
12;2025-11-05;16;2787.45
12;2025-11-05;17;3126.18
12;2025-11-05;18;3283.43
12;2025-11-05;19;2533.76
12;2025-11-05;20;1568.96
12;2025-11-05;21;950.17
12;2025-11-05;22;483.45
12;2025-11-05;23;252.65
12;2025-11-06;0;55.01
12;2025-11-06;1;2.25
12;2025-11-06;2;0.0
12;2025-11-06;3;0.0
12;2025-11-06;4;5.87
12;2025-11-06;5;332.79
12;2025-11-06;6;1421.15
12;2025-11-06;7;2792.49
12;2025-11-06;8;3801.91
12;2025-11-06;9;2570.85
12;2025-11-06;10;2074.69
12;2025-11-06;11;2018.52
12;2025-11-06;12;2090.56
12;2025-11-06;13;2050.23
12;2025-11-06;14;2055.7
12;2025-11-06;15;2267.4
12;2025-11-06;16;2792.8
12;2025-11-06;17;3132.19
12;2025-11-06;18;3289.74
12;2025-11-06;19;2538.63
12;2025-11-06;20;1571.97
12;2025-11-06;21;952.0
12;2025-11-06;22;484.38
12;2025-11-06;23;253.14
12;2025-11-07;0;56.22
12;2025-11-07;1;1.97
12;2025-11-07;2;0.0
12;2025-11-07;3;0.0
12;2025-11-07;4;5.16
12;2025-11-07;5;312.61
12;2025-11-07;6;1373.18
12;2025-11-07;7;2711.65
12;2025-11-07;8;3406.9
12;2025-11-07;9;2391.3
12;2025-11-07;10;1914.66
12;2025-11-07;11;1961.03
12;2025-11-07;12;2028.2
12;2025-11-07;13;2121.74
12;2025-11-07;14;2091.97
12;2025-11-07;15;2355.33
12;2025-11-07;16;2952.08
12;2025-11-07;17;2944.92
12;2025-11-07;18;2676.25
12;2025-11-07;19;2249.34
12;2025-11-07;20;1423.59
12;2025-11-07;21;998.15
12;2025-11-07;22;524.98
12;2025-11-07;23;324.25
12;2025-11-08;0;74.92
12;2025-11-08;1;5.43
12;2025-11-08;2;0.0
12;2025-11-08;3;0.0
12;2025-11-08;4;2.77
12;2025-11-08;5;214.26
12;2025-11-08;6;818.79
12;2025-11-08;7;912.45
12;2025-11-08;8;1044.78
12;2025-11-08;9;1239.13
12;2025-11-08;10;1403.8
12;2025-11-08;11;1530.99
12;2025-11-08;12;1502.89
12;2025-11-08;13;1725.92
12;2025-11-08;14;1617.33
12;2025-11-08;15;1537.62
12;2025-11-08;16;1564.27
12;2025-11-08;17;1538.53
12;2025-11-08;18;1543.33
12;2025-11-08;19;1394.68
12;2025-11-08;20;922.4
12;2025-11-08;21;710.99
12;2025-11-08;22;439.74
12;2025-11-08;23;291.57
12;2025-11-09;0;84.99
12;2025-11-09;1;6.68
12;2025-11-09;2;0.0
12;2025-11-09;3;0.0
12;2025-11-09;4;2.79
12;2025-11-09;5;142.83
12;2025-11-09;6;517.42
12;2025-11-09;7;664.08
12;2025-11-09;8;706.81
12;2025-11-09;9;927.87
12;2025-11-09;10;1141.89
12;2025-11-09;11;1292.44
12;2025-11-09;12;1354.77
12;2025-11-09;13;1593.19
12;2025-11-09;14;1521.79
12;2025-11-09;15;1430.76
12;2025-11-09;16;1503.19
12;2025-11-09;17;1583.23
12;2025-11-09;18;1303.39
12;2025-11-09;19;1042.94
12;2025-11-09;20;770.45
12;2025-11-09;21;584.92
12;2025-11-09;22;370.37
12;2025-11-09;23;206.97
12;2025-11-10;0;52.94
12;2025-11-10;1;2.16
12;2025-11-10;2;0.0
12;2025-11-10;3;0.0
12;2025-11-10;4;5.65
12;2025-11-10;5;320.26
12;2025-11-10;6;1367.67
12;2025-11-10;7;2687.4
12;2025-11-10;8;3658.83
12;2025-11-10;9;2474.09
12;2025-11-10;10;1996.61
12;2025-11-10;11;1942.56
12;2025-11-10;12;2011.88
12;2025-11-10;13;1973.07
12;2025-11-10;14;1978.34
12;2025-11-10;15;2182.07
12;2025-11-10;16;2687.7
12;2025-11-10;17;3014.31
12;2025-11-10;18;3165.93
12;2025-11-10;19;2443.08
12;2025-11-10;20;1512.81
12;2025-11-10;21;916.17
12;2025-11-10;22;466.15
12;2025-11-10;23;243.61
12;2025-11-11;0;54.8
12;2025-11-11;1;2.24
12;2025-11-11;2;0.0
12;2025-11-11;3;0.0
12;2025-11-11;4;5.85
12;2025-11-11;5;331.49
12;2025-11-11;6;1415.61
12;2025-11-11;7;2781.59
12;2025-11-11;8;3787.08
12;2025-11-11;9;2560.81
12;2025-11-11;10;2066.59
12;2025-11-11;11;2010.65
12;2025-11-11;12;2082.4
12;2025-11-11;13;2042.23
12;2025-11-11;14;2047.68
12;2025-11-11;15;2258.55
12;2025-11-11;16;2781.9
12;2025-11-11;17;3119.97
12;2025-11-11;18;3276.9
12;2025-11-11;19;2528.72
12;2025-11-11;20;1565.84
12;2025-11-11;21;948.28
12;2025-11-11;22;482.49
12;2025-11-11;23;252.15
12;2025-11-12;0;54.69
12;2025-11-12;1;2.23
12;2025-11-12;2;0.0
12;2025-11-12;3;0.0
12;2025-11-12;4;5.84
12;2025-11-12;5;330.82
12;2025-11-12;6;1412.76
12;2025-11-12;7;2776.01
12;2025-11-12;8;3779.47
12;2025-11-12;9;2555.67
12;2025-11-12;10;2062.44
12;2025-11-12;11;2006.61
12;2025-11-12;12;2078.22
12;2025-11-12;13;2038.13
12;2025-11-12;14;2043.57
12;2025-11-12;15;2254.02
12;2025-11-12;16;2776.32
12;2025-11-12;17;3113.7
12;2025-11-12;18;3270.32
12;2025-11-12;19;2523.64
12;2025-11-12;20;1562.69
12;2025-11-12;21;946.38
12;2025-11-12;22;481.52
12;2025-11-12;23;251.64
12;2025-11-13;0;55.32
12;2025-11-13;1;2.26
12;2025-11-13;2;0.0
12;2025-11-13;3;0.0
12;2025-11-13;4;5.91
12;2025-11-13;5;334.66
12;2025-11-13;6;1429.13
12;2025-11-13;7;2808.17
12;2025-11-13;8;3823.27
12;2025-11-13;9;2585.28
12;2025-11-13;10;2086.34
12;2025-11-13;11;2029.86
12;2025-11-13;12;2102.3
12;2025-11-13;13;2061.74
12;2025-11-13;14;2067.25
12;2025-11-13;15;2280.14
12;2025-11-13;16;2808.49
12;2025-11-13;17;3149.78
12;2025-11-13;18;3308.22
12;2025-11-13;19;2552.88
12;2025-11-13;20;1580.8
12;2025-11-13;21;957.35
12;2025-11-13;22;487.1
12;2025-11-13;23;254.56
12;2025-11-14;0;56.25
12;2025-11-14;1;1.97
12;2025-11-14;2;0.0
12;2025-11-14;3;0.0
12;2025-11-14;4;5.16
12;2025-11-14;5;312.73
12;2025-11-14;6;1373.73
12;2025-11-14;7;2712.73
12;2025-11-14;8;3408.26
12;2025-11-14;9;2392.25
12;2025-11-14;10;1915.42
12;2025-11-14;11;1961.81
12;2025-11-14;12;2029.01
12;2025-11-14;13;2122.59
12;2025-11-14;14;2092.81
12;2025-11-14;15;2356.27
12;2025-11-14;16;2953.26
12;2025-11-14;17;2946.1
12;2025-11-14;18;2677.32
12;2025-11-14;19;2250.24
12;2025-11-14;20;1424.16
12;2025-11-14;21;998.55
12;2025-11-14;22;525.19
12;2025-11-14;23;324.38
12;2025-11-15;0;73.05
12;2025-11-15;1;5.29
12;2025-11-15;2;0.0
12;2025-11-15;3;0.0
12;2025-11-15;4;2.7
12;2025-11-15;5;208.93
12;2025-11-15;6;798.41
12;2025-11-15;7;889.74
12;2025-11-15;8;1018.78
12;2025-11-15;9;1208.29
12;2025-11-15;10;1368.87
12;2025-11-15;11;1492.89
12;2025-11-15;12;1465.49
12;2025-11-15;13;1682.97
12;2025-11-15;14;1577.08
12;2025-11-15;15;1499.35
12;2025-11-15;16;1525.35
12;2025-11-15;17;1500.25
12;2025-11-15;18;1504.92
12;2025-11-15;19;1359.97
12;2025-11-15;20;899.44
12;2025-11-15;21;693.3
12;2025-11-15;22;428.8
12;2025-11-15;23;284.32
12;2025-11-16;0;84.99
12;2025-11-16;1;6.68
12;2025-11-16;2;0.0
12;2025-11-16;3;0.0
12;2025-11-16;4;2.79
12;2025-11-16;5;142.83
12;2025-11-16;6;517.42
12;2025-11-16;7;664.08
12;2025-11-16;8;706.81
12;2025-11-16;9;927.87
12;2025-11-16;10;1141.89
12;2025-11-16;11;1292.44
12;2025-11-16;12;1354.77
12;2025-11-16;13;1593.19
12;2025-11-16;14;1521.79
12;2025-11-16;15;1430.76
12;2025-11-16;16;1503.19
12;2025-11-16;17;1583.23
12;2025-11-16;18;1303.39
12;2025-11-16;19;1042.94
12;2025-11-16;20;770.45
12;2025-11-16;21;584.92
12;2025-11-16;22;370.37
12;2025-11-16;23;206.97
12;2025-11-17;0;52.33
12;2025-11-17;1;2.14
12;2025-11-17;2;0.0
12;2025-11-17;3;0.0
12;2025-11-17;4;5.59
12;2025-11-17;5;316.57
12;2025-11-17;6;1351.89
12;2025-11-17;7;2656.4
12;2025-11-17;8;3616.63
12;2025-11-17;9;2445.56
12;2025-11-17;10;1973.58
12;2025-11-17;11;1920.15
12;2025-11-17;12;1988.68
12;2025-11-17;13;1950.31
12;2025-11-17;14;1955.52
12;2025-11-17;15;2156.9
12;2025-11-17;16;2656.7
12;2025-11-17;17;2979.55
12;2025-11-17;18;3129.42
12;2025-11-17;19;2414.91
12;2025-11-17;20;1495.36
12;2025-11-17;21;905.6
12;2025-11-17;22;460.77
12;2025-11-17;23;240.8
12;2025-11-18;0;53.78
12;2025-11-18;1;2.2
12;2025-11-18;2;0.0
12;2025-11-18;3;0.0
12;2025-11-18;4;5.74
12;2025-11-18;5;325.31
12;2025-11-18;6;1389.24
12;2025-11-18;7;2729.79
12;2025-11-18;8;3716.54
12;2025-11-18;9;2513.12
12;2025-11-18;10;2028.1
12;2025-11-18;11;1973.2
12;2025-11-18;12;2043.62
12;2025-11-18;13;2004.19
12;2025-11-18;14;2009.54
12;2025-11-18;15;2216.49
12;2025-11-18;16;2730.09
12;2025-11-18;17;3061.86
12;2025-11-18;18;3215.87
12;2025-11-18;19;2481.62
12;2025-11-18;20;1536.67
12;2025-11-18;21;930.62
12;2025-11-18;22;473.5
12;2025-11-18;23;247.45
12;2025-11-19;0;54.91
12;2025-11-19;1;2.24
12;2025-11-19;2;0.0
12;2025-11-19;3;0.0
12;2025-11-19;4;5.86
12;2025-11-19;5;332.15
12;2025-11-19;6;1418.43
12;2025-11-19;7;2787.13
12;2025-11-19;8;3794.62
12;2025-11-19;9;2565.91
12;2025-11-19;10;2070.71
12;2025-11-19;11;2014.65
12;2025-11-19;12;2086.55
12;2025-11-19;13;2046.3
12;2025-11-19;14;2051.76
12;2025-11-19;15;2263.05
12;2025-11-19;16;2787.45
12;2025-11-19;17;3126.18
12;2025-11-19;18;3283.43
12;2025-11-19;19;2533.76
12;2025-11-19;20;1568.96
12;2025-11-19;21;950.17
12;2025-11-19;22;483.45
12;2025-11-19;23;252.65
12;2025-11-20;0;55.34
12;2025-11-20;1;2.26
12;2025-11-20;2;0.0
12;2025-11-20;3;0.0
12;2025-11-20;4;5.91
12;2025-11-20;5;334.79
12;2025-11-20;6;1429.71
12;2025-11-20;7;2809.3
12;2025-11-20;8;3824.79
12;2025-11-20;9;2586.32
12;2025-11-20;10;2087.17
12;2025-11-20;11;2030.67
12;2025-11-20;12;2103.14
12;2025-11-20;13;2062.57
12;2025-11-20;14;2068.08
12;2025-11-20;15;2281.05
12;2025-11-20;16;2809.61
12;2025-11-20;17;3151.04
12;2025-11-20;18;3309.54
12;2025-11-20;19;2553.9
12;2025-11-20;20;1581.43
12;2025-11-20;21;957.73
12;2025-11-20;22;487.3
12;2025-11-20;23;254.66
12;2025-11-21;0;56.27
12;2025-11-21;1;1.97
12;2025-11-21;2;0.0
12;2025-11-21;3;0.0
12;2025-11-21;4;5.17
12;2025-11-21;5;312.86
12;2025-11-21;6;1374.28
12;2025-11-21;7;2713.82
12;2025-11-21;8;3409.62
12;2025-11-21;9;2393.21
12;2025-11-21;10;1916.19
12;2025-11-21;11;1962.6
12;2025-11-21;12;2029.82
12;2025-11-21;13;2123.44
12;2025-11-21;14;2093.64
12;2025-11-21;15;2357.22
12;2025-11-21;16;2954.45
12;2025-11-21;17;2947.28
12;2025-11-21;18;2678.39
12;2025-11-21;19;2251.14
12;2025-11-21;20;1424.73
12;2025-11-21;21;998.95
12;2025-11-21;22;525.4
12;2025-11-21;23;324.51
12;2025-11-22;0;74.44
12;2025-11-22;1;5.39
12;2025-11-22;2;0.0
12;2025-11-22;3;0.0
12;2025-11-22;4;2.75
12;2025-11-22;5;212.9
12;2025-11-22;6;813.56
12;2025-11-22;7;906.63
12;2025-11-22;8;1038.12
12;2025-11-22;9;1231.22
12;2025-11-22;10;1394.84
12;2025-11-22;11;1521.22
12;2025-11-22;12;1493.31
12;2025-11-22;13;1714.91
12;2025-11-22;14;1607.01
12;2025-11-22;15;1527.81
12;2025-11-22;16;1554.29
12;2025-11-22;17;1528.72
12;2025-11-22;18;1533.48
12;2025-11-22;19;1385.78
12;2025-11-22;20;916.51
12;2025-11-22;21;706.45
12;2025-11-22;22;436.94
12;2025-11-22;23;289.71
12;2025-11-23;0;84.99
12;2025-11-23;1;6.68
12;2025-11-23;2;0.0
12;2025-11-23;3;0.0
12;2025-11-23;4;2.79
12;2025-11-23;5;142.83
12;2025-11-23;6;517.42
12;2025-11-23;7;664.08
12;2025-11-23;8;706.81
12;2025-11-23;9;927.87
12;2025-11-23;10;1141.89
12;2025-11-23;11;1292.44
12;2025-11-23;12;1354.77
12;2025-11-23;13;1593.19
12;2025-11-23;14;1521.79
12;2025-11-23;15;1430.76
12;2025-11-23;16;1503.19
12;2025-11-23;17;1583.23
12;2025-11-23;18;1303.39
12;2025-11-23;19;1042.94
12;2025-11-23;20;770.45
12;2025-11-23;21;584.92
12;2025-11-23;22;370.37
12;2025-11-23;23;206.97
12;2025-11-24;0;52.06
12;2025-11-24;1;2.13
12;2025-11-24;2;0.0
12;2025-11-24;3;0.0
12;2025-11-24;4;5.56
12;2025-11-24;5;314.93
12;2025-11-24;6;1344.88
12;2025-11-24;7;2642.62
12;2025-11-24;8;3597.87
12;2025-11-24;9;2432.87
12;2025-11-24;10;1963.34
12;2025-11-24;11;1910.19
12;2025-11-24;12;1978.37
12;2025-11-24;13;1940.2
12;2025-11-24;14;1945.38
12;2025-11-24;15;2145.72
12;2025-11-24;16;2642.92
12;2025-11-24;17;2964.09
12;2025-11-24;18;3113.19
12;2025-11-24;19;2402.38
12;2025-11-24;20;1487.61
12;2025-11-24;21;900.91
12;2025-11-24;22;458.38
12;2025-11-24;23;239.55
12;2025-11-25;0;54.8
12;2025-11-25;1;2.24
12;2025-11-25;2;0.0
12;2025-11-25;3;0.0
12;2025-11-25;4;5.85
12;2025-11-25;5;331.49
12;2025-11-25;6;1415.61
12;2025-11-25;7;2781.59
12;2025-11-25;8;3787.08
12;2025-11-25;9;2560.81
12;2025-11-25;10;2066.59
12;2025-11-25;11;2010.65
12;2025-11-25;12;2082.4
12;2025-11-25;13;2042.23
12;2025-11-25;14;2047.68
12;2025-11-25;15;2258.55
12;2025-11-25;16;2781.9
12;2025-11-25;17;3119.97
12;2025-11-25;18;3276.9
12;2025-11-25;19;2528.72
12;2025-11-25;20;1565.84
12;2025-11-25;21;948.28
12;2025-11-25;22;482.49
12;2025-11-25;23;252.15
12;2025-11-26;0;53.86
12;2025-11-26;1;2.2
12;2025-11-26;2;0.0
12;2025-11-26;3;0.0
12;2025-11-26;4;5.75
12;2025-11-26;5;325.83
12;2025-11-26;6;1391.45
12;2025-11-26;7;2734.13
12;2025-11-26;8;3722.46
12;2025-11-26;9;2517.12
12;2025-11-26;10;2031.33
12;2025-11-26;11;1976.34
12;2025-11-26;12;2046.87
12;2025-11-26;13;2007.38
12;2025-11-26;14;2012.74
12;2025-11-26;15;2220.02
12;2025-11-26;16;2734.44
12;2025-11-26;17;3066.73
12;2025-11-26;18;3220.99
12;2025-11-26;19;2485.57
12;2025-11-26;20;1539.12
12;2025-11-26;21;932.1
12;2025-11-26;22;474.26
12;2025-11-26;23;247.85
12;2025-11-27;0;54.36
12;2025-11-27;1;2.22
12;2025-11-27;2;0.0
12;2025-11-27;3;0.0
12;2025-11-27;4;5.8
12;2025-11-27;5;328.82
12;2025-11-27;6;1404.2
12;2025-11-27;7;2759.18
12;2025-11-27;8;3756.56
12;2025-11-27;9;2540.18
12;2025-11-27;10;2049.94
12;2025-11-27;11;1994.45
12;2025-11-27;12;2065.63
12;2025-11-27;13;2025.77
12;2025-11-27;14;2031.18
12;2025-11-27;15;2240.36
12;2025-11-27;16;2759.49
12;2025-11-27;17;3094.83
12;2025-11-27;18;3250.5
12;2025-11-27;19;2508.35
12;2025-11-27;20;1553.22
12;2025-11-27;21;940.64
12;2025-11-27;22;478.6
12;2025-11-27;23;250.12
12;2025-11-28;0;56.34
12;2025-11-28;1;1.98
12;2025-11-28;2;0.0
12;2025-11-28;3;0.0
12;2025-11-28;4;5.17
12;2025-11-28;5;313.23
12;2025-11-28;6;1375.93
12;2025-11-28;7;2717.08
12;2025-11-28;8;3413.72
12;2025-11-28;9;2396.08
12;2025-11-28;10;1918.49
12;2025-11-28;11;1964.95
12;2025-11-28;12;2032.26
12;2025-11-28;13;2125.99
12;2025-11-28;14;2096.16
12;2025-11-28;15;2360.05
12;2025-11-28;16;2957.99
12;2025-11-28;17;2950.82
12;2025-11-28;18;2681.61
12;2025-11-28;19;2253.84
12;2025-11-28;20;1426.44
12;2025-11-28;21;1000.15
12;2025-11-28;22;526.03
12;2025-11-28;23;324.9
12;2025-11-29;0;74.92
12;2025-11-29;1;5.43
12;2025-11-29;2;0.0
12;2025-11-29;3;0.0
12;2025-11-29;4;2.77
12;2025-11-29;5;214.26
12;2025-11-29;6;818.79
12;2025-11-29;7;912.45
12;2025-11-29;8;1044.78
12;2025-11-29;9;1239.13
12;2025-11-29;10;1403.8
12;2025-11-29;11;1530.99
12;2025-11-29;12;1502.89
12;2025-11-29;13;1725.92
12;2025-11-29;14;1617.33
12;2025-11-29;15;1537.62
12;2025-11-29;16;1564.27
12;2025-11-29;17;1538.53
12;2025-11-29;18;1543.33
12;2025-11-29;19;1394.68
12;2025-11-29;20;922.4
12;2025-11-29;21;710.99
12;2025-11-29;22;439.74
12;2025-11-29;23;291.57
12;2025-11-30;0;84.99
12;2025-11-30;1;6.68
12;2025-11-30;2;0.0
12;2025-11-30;3;0.0
12;2025-11-30;4;2.79
12;2025-11-30;5;142.83
12;2025-11-30;6;517.42
12;2025-11-30;7;664.08
12;2025-11-30;8;706.81
12;2025-11-30;9;927.87
12;2025-11-30;10;1141.89
12;2025-11-30;11;1292.44
12;2025-11-30;12;1354.77
12;2025-11-30;13;1593.19
12;2025-11-30;14;1521.79
12;2025-11-30;15;1430.76
12;2025-11-30;16;1503.19
12;2025-11-30;17;1583.23
12;2025-11-30;18;1303.39
12;2025-11-30;19;1042.94
12;2025-11-30;20;770.45
12;2025-11-30;21;584.92
12;2025-11-30;22;370.37
12;2025-11-30;23;206.97
12;2025-12-01;0;52.75
12;2025-12-01;1;2.35
12;2025-12-01;2;0.0
12;2025-12-01;3;0.0
12;2025-12-01;4;5.49
12;2025-12-01;5;318.61
12;2025-12-01;6;1348.59
12;2025-12-01;7;2670.12
12;2025-12-01;8;3623.99
12;2025-12-01;9;2446.26
12;2025-12-01;10;1992.92
12;2025-12-01;11;1945.56
12;2025-12-01;12;2008.15
12;2025-12-01;13;1970.4
12;2025-12-01;14;1982.41
12;2025-12-01;15;2187.32
12;2025-12-01;16;2692.78
12;2025-12-01;17;3008.09
12;2025-12-01;18;3151.09
12;2025-12-01;19;2440.83
12;2025-12-01;20;1500.2
12;2025-12-01;21;902.12
12;2025-12-01;22;461.57
12;2025-12-01;23;241.36
12;2025-12-02;0;54.6
12;2025-12-02;1;2.43
12;2025-12-02;2;0.0
12;2025-12-02;3;0.0
12;2025-12-02;4;5.68
12;2025-12-02;5;329.77
12;2025-12-02;6;1395.86
12;2025-12-02;7;2763.71
12;2025-12-02;8;3751.02
12;2025-12-02;9;2532.0
12;2025-12-02;10;2062.77
12;2025-12-02;11;2013.75
12;2025-12-02;12;2078.54
12;2025-12-02;13;2039.46
12;2025-12-02;14;2051.9
12;2025-12-02;15;2263.99
12;2025-12-02;16;2787.17
12;2025-12-02;17;3113.52
12;2025-12-02;18;3261.54
12;2025-12-02;19;2526.38
12;2025-12-02;20;1552.79
12;2025-12-02;21;933.74
12;2025-12-02;22;477.75
12;2025-12-02;23;249.82
12;2025-12-03;0;54.71
12;2025-12-03;1;2.44
12;2025-12-03;2;0.0
12;2025-12-03;3;0.0
12;2025-12-03;4;5.69
12;2025-12-03;5;330.43
12;2025-12-03;6;1398.64
12;2025-12-03;7;2769.21
12;2025-12-03;8;3758.49
12;2025-12-03;9;2537.05
12;2025-12-03;10;2066.88
12;2025-12-03;11;2017.77
12;2025-12-03;12;2082.68
12;2025-12-03;13;2043.53
12;2025-12-03;14;2055.99
12;2025-12-03;15;2268.5
12;2025-12-03;16;2792.72
12;2025-12-03;17;3119.73
12;2025-12-03;18;3268.04
12;2025-12-03;19;2531.42
12;2025-12-03;20;1555.88
12;2025-12-03;21;935.6
12;2025-12-03;22;478.7
12;2025-12-03;23;250.32
12;2025-12-04;0;55.14
12;2025-12-04;1;2.45
12;2025-12-04;2;0.0
12;2025-12-04;3;0.0
12;2025-12-04;4;5.74
12;2025-12-04;5;333.06
12;2025-12-04;6;1409.76
12;2025-12-04;7;2791.24
12;2025-12-04;8;3788.38
12;2025-12-04;9;2557.22
12;2025-12-04;10;2083.32
12;2025-12-04;11;2033.81
12;2025-12-04;12;2099.24
12;2025-12-04;13;2059.78
12;2025-12-04;14;2072.34
12;2025-12-04;15;2286.54
12;2025-12-04;16;2814.93
12;2025-12-04;17;3144.54
12;2025-12-04;18;3294.03
12;2025-12-04;19;2551.55
12;2025-12-04;20;1568.25
12;2025-12-04;21;943.04
12;2025-12-04;22;482.51
12;2025-12-04;23;252.31
12;2025-12-05;0;56.74
12;2025-12-05;1;2.14
12;2025-12-05;2;0.0
12;2025-12-05;3;0.0
12;2025-12-05;4;4.96
12;2025-12-05;5;309.52
12;2025-12-05;6;1351.86
12;2025-12-05;7;2686.31
12;2025-12-05;8;3398.42
12;2025-12-05;9;2364.44
12;2025-12-05;10;1919.77
12;2025-12-05;11;1974.15
12;2025-12-05;12;2039.03
12;2025-12-05;13;2095.09
12;2025-12-05;14;2111.15
12;2025-12-05;15;2383.41
12;2025-12-05;16;2958.87
12;2025-12-05;17;2941.61
12;2025-12-05;18;2664.45
12;2025-12-05;19;2237.86
12;2025-12-05;20;1425.95
12;2025-12-05;21;985.49
12;2025-12-05;22;521.44
12;2025-12-05;23;317.0
12;2025-12-06;0;76.24
12;2025-12-06;1;5.92
12;2025-12-06;2;0.0
12;2025-12-06;3;0.0
12;2025-12-06;4;2.81
12;2025-12-06;5;208.94
12;2025-12-06;6;799.42
12;2025-12-06;7;894.05
12;2025-12-06;8;1018.13
12;2025-12-06;9;1205.49
12;2025-12-06;10;1377.64
12;2025-12-06;11;1523.19
12;2025-12-06;12;1491.11
12;2025-12-06;13;1731.76
12;2025-12-06;14;1615.11
12;2025-12-06;15;1528.86
12;2025-12-06;16;1558.11
12;2025-12-06;17;1535.31
12;2025-12-06;18;1523.71
12;2025-12-06;19;1396.28
12;2025-12-06;20;921.93
12;2025-12-06;21;692.15
12;2025-12-06;22;436.71
12;2025-12-06;23;290.05
12;2025-12-07;0;85.71
12;2025-12-07;1;6.51
12;2025-12-07;2;0.0
12;2025-12-07;3;0.0
12;2025-12-07;4;2.63
12;2025-12-07;5;143.66
12;2025-12-07;6;509.39
12;2025-12-07;7;646.26
12;2025-12-07;8;699.29
12;2025-12-07;9;919.91
12;2025-12-07;10;1132.0
12;2025-12-07;11;1287.99
12;2025-12-07;12;1348.72
12;2025-12-07;13;1586.68
12;2025-12-07;14;1515.79
12;2025-12-07;15;1410.8
12;2025-12-07;16;1494.33
12;2025-12-07;17;1563.25
12;2025-12-07;18;1286.49
12;2025-12-07;19;1032.28
12;2025-12-07;20;757.87
12;2025-12-07;21;576.78
12;2025-12-07;22;368.52
12;2025-12-07;23;205.63
12;2025-12-08;0;52.75
12;2025-12-08;1;2.35
12;2025-12-08;2;0.0
12;2025-12-08;3;0.0
12;2025-12-08;4;5.49
12;2025-12-08;5;318.61
12;2025-12-08;6;1348.59
12;2025-12-08;7;2670.12
12;2025-12-08;8;3623.99
12;2025-12-08;9;2446.26
12;2025-12-08;10;1992.92
12;2025-12-08;11;1945.56
12;2025-12-08;12;2008.15
12;2025-12-08;13;1970.4
12;2025-12-08;14;1982.41
12;2025-12-08;15;2187.32
12;2025-12-08;16;2692.78
12;2025-12-08;17;3008.09
12;2025-12-08;18;3151.09
12;2025-12-08;19;2440.83
12;2025-12-08;20;1500.2
12;2025-12-08;21;902.12
12;2025-12-08;22;461.57
12;2025-12-08;23;241.36
12;2025-12-09;0;54.55
12;2025-12-09;1;2.43
12;2025-12-09;2;0.0
12;2025-12-09;3;0.0
12;2025-12-09;4;5.68
12;2025-12-09;5;329.51
12;2025-12-09;6;1394.74
12;2025-12-09;7;2761.5
12;2025-12-09;8;3748.02
12;2025-12-09;9;2529.98
12;2025-12-09;10;2061.12
12;2025-12-09;11;2012.14
12;2025-12-09;12;2076.88
12;2025-12-09;13;2037.83
12;2025-12-09;14;2050.26
12;2025-12-09;15;2262.18
12;2025-12-09;16;2784.94
12;2025-12-09;17;3111.03
12;2025-12-09;18;3258.93
12;2025-12-09;19;2524.36
12;2025-12-09;20;1551.55
12;2025-12-09;21;932.99
12;2025-12-09;22;477.37
12;2025-12-09;23;249.62
12;2025-12-10;0;54.53
12;2025-12-10;1;2.43
12;2025-12-10;2;0.0
12;2025-12-10;3;0.0
12;2025-12-10;4;5.68
12;2025-12-10;5;329.37
12;2025-12-10;6;1394.17
12;2025-12-10;7;2760.37
12;2025-12-10;8;3746.48
12;2025-12-10;9;2528.94
12;2025-12-10;10;2060.28
12;2025-12-10;11;2011.32
12;2025-12-10;12;2076.03
12;2025-12-10;13;2037.0
12;2025-12-10;14;2049.42
12;2025-12-10;15;2261.25
12;2025-12-10;16;2783.8
12;2025-12-10;17;3109.76
12;2025-12-10;18;3257.6
12;2025-12-10;19;2523.33
12;2025-12-10;20;1550.91
12;2025-12-10;21;932.61
12;2025-12-10;22;477.17
12;2025-12-10;23;249.52
12;2025-12-11;0;54.22
12;2025-12-11;1;2.41
12;2025-12-11;2;0.0
12;2025-12-11;3;0.0
12;2025-12-11;4;5.64
12;2025-12-11;5;327.51
12;2025-12-11;6;1386.27
12;2025-12-11;7;2744.73
12;2025-12-11;8;3725.27
12;2025-12-11;9;2514.62
12;2025-12-11;10;2048.61
12;2025-12-11;11;1999.93
12;2025-12-11;12;2064.27
12;2025-12-11;13;2025.46
12;2025-12-11;14;2037.81
12;2025-12-11;15;2248.44
12;2025-12-11;16;2768.03
12;2025-12-11;17;3092.15
12;2025-12-11;18;3239.15
12;2025-12-11;19;2509.04
12;2025-12-11;20;1542.13
12;2025-12-11;21;927.33
12;2025-12-11;22;474.47
12;2025-12-11;23;248.11
12;2025-12-12;0;55.95
12;2025-12-12;1;2.11
12;2025-12-12;2;0.0
12;2025-12-12;3;0.0
12;2025-12-12;4;4.89
12;2025-12-12;5;305.22
12;2025-12-12;6;1333.06
12;2025-12-12;7;2648.96
12;2025-12-12;8;3351.17
12;2025-12-12;9;2331.56
12;2025-12-12;10;1893.08
12;2025-12-12;11;1946.71
12;2025-12-12;12;2010.69
12;2025-12-12;13;2065.97
12;2025-12-12;14;2081.8
12;2025-12-12;15;2350.27
12;2025-12-12;16;2917.73
12;2025-12-12;17;2900.71
12;2025-12-12;18;2627.41
12;2025-12-12;19;2206.75
12;2025-12-12;20;1406.13
12;2025-12-12;21;971.79
12;2025-12-12;22;514.19
12;2025-12-12;23;312.59
12;2025-12-13;0;76.12
12;2025-12-13;1;5.91
12;2025-12-13;2;0.0
12;2025-12-13;3;0.0
12;2025-12-13;4;2.81
12;2025-12-13;5;208.61
12;2025-12-13;6;798.14
12;2025-12-13;7;892.62
12;2025-12-13;8;1016.51
12;2025-12-13;9;1203.56
12;2025-12-13;10;1375.44
12;2025-12-13;11;1520.75
12;2025-12-13;12;1488.72
12;2025-12-13;13;1728.99
12;2025-12-13;14;1612.53
12;2025-12-13;15;1526.42
12;2025-12-13;16;1555.62
12;2025-12-13;17;1532.85
12;2025-12-13;18;1521.28
12;2025-12-13;19;1394.05
12;2025-12-13;20;920.45
12;2025-12-13;21;691.04
12;2025-12-13;22;436.01
12;2025-12-13;23;289.59
12;2025-12-14;0;85.68
12;2025-12-14;1;6.51
12;2025-12-14;2;0.0
12;2025-12-14;3;0.0
12;2025-12-14;4;2.63
12;2025-12-14;5;143.6
12;2025-12-14;6;509.19
12;2025-12-14;7;646.0
12;2025-12-14;8;699.01
12;2025-12-14;9;919.55
12;2025-12-14;10;1131.55
12;2025-12-14;11;1287.48
12;2025-12-14;12;1348.18
12;2025-12-14;13;1586.04
12;2025-12-14;14;1515.18
12;2025-12-14;15;1410.23
12;2025-12-14;16;1493.73
12;2025-12-14;17;1562.62
12;2025-12-14;18;1285.97
12;2025-12-14;19;1031.86
12;2025-12-14;20;757.56
12;2025-12-14;21;576.55
12;2025-12-14;22;368.37
12;2025-12-14;23;205.55
12;2025-12-15;0;52.73
12;2025-12-15;1;2.35
12;2025-12-15;2;0.0
12;2025-12-15;3;0.0
12;2025-12-15;4;5.49
12;2025-12-15;5;318.48
12;2025-12-15;6;1348.05
12;2025-12-15;7;2669.05
12;2025-12-15;8;3622.54
12;2025-12-15;9;2445.28
12;2025-12-15;10;1992.12
12;2025-12-15;11;1944.78
12;2025-12-15;12;2007.35
12;2025-12-15;13;1969.61
12;2025-12-15;14;1981.62
12;2025-12-15;15;2186.44
12;2025-12-15;16;2691.71
12;2025-12-15;17;3006.88
12;2025-12-15;18;3149.83
12;2025-12-15;19;2439.85
12;2025-12-15;20;1499.6
12;2025-12-15;21;901.76
12;2025-12-15;22;461.38
12;2025-12-15;23;241.26
12;2025-12-16;0;54.29
12;2025-12-16;1;2.42
12;2025-12-16;2;0.0
12;2025-12-16;3;0.0
12;2025-12-16;4;5.65
12;2025-12-16;5;327.93
12;2025-12-16;6;1388.06
12;2025-12-16;7;2748.28
12;2025-12-16;8;3730.07
12;2025-12-16;9;2517.86
12;2025-12-16;10;2051.25
12;2025-12-16;11;2002.51
12;2025-12-16;12;2066.93
12;2025-12-16;13;2028.07
12;2025-12-16;14;2040.44
12;2025-12-16;15;2251.34
12;2025-12-16;16;2771.6
12;2025-12-16;17;3096.14
12;2025-12-16;18;3243.33
12;2025-12-16;19;2512.27
12;2025-12-16;20;1544.12
12;2025-12-16;21;928.52
12;2025-12-16;22;475.08
12;2025-12-16;23;248.43
12;2025-12-17;0;54.71
12;2025-12-17;1;2.44
12;2025-12-17;2;0.0
12;2025-12-17;3;0.0
12;2025-12-17;4;5.69
12;2025-12-17;5;330.43
12;2025-12-17;6;1398.64
12;2025-12-17;7;2769.21
12;2025-12-17;8;3758.49
12;2025-12-17;9;2537.05
12;2025-12-17;10;2066.88
12;2025-12-17;11;2017.77
12;2025-12-17;12;2082.68
12;2025-12-17;13;2043.53
12;2025-12-17;14;2055.99
12;2025-12-17;15;2268.5
12;2025-12-17;16;2792.72
12;2025-12-17;17;3119.73
12;2025-12-17;18;3268.04
12;2025-12-17;19;2531.42
12;2025-12-17;20;1555.88
12;2025-12-17;21;935.6
12;2025-12-17;22;478.7
12;2025-12-17;23;250.32
12;2025-12-18;0;55.14
12;2025-12-18;1;2.45
12;2025-12-18;2;0.0
12;2025-12-18;3;0.0
12;2025-12-18;4;5.74
12;2025-12-18;5;333.06
12;2025-12-18;6;1409.76
12;2025-12-18;7;2791.24
12;2025-12-18;8;3788.38
12;2025-12-18;9;2557.22
12;2025-12-18;10;2083.32
12;2025-12-18;11;2033.81
12;2025-12-18;12;2099.24
12;2025-12-18;13;2059.78
12;2025-12-18;14;2072.34
12;2025-12-18;15;2286.54
12;2025-12-18;16;2814.93
12;2025-12-18;17;3144.54
12;2025-12-18;18;3294.03
12;2025-12-18;19;2551.55
12;2025-12-18;20;1568.25
12;2025-12-18;21;943.04
12;2025-12-18;22;482.51
12;2025-12-18;23;252.31
12;2025-12-19;0;56.69
12;2025-12-19;1;2.14
12;2025-12-19;2;0.0
12;2025-12-19;3;0.0
12;2025-12-19;4;4.96
12;2025-12-19;5;309.27
12;2025-12-19;6;1350.77
12;2025-12-19;7;2684.16
12;2025-12-19;8;3395.7
12;2025-12-19;9;2362.54
12;2025-12-19;10;1918.24
12;2025-12-19;11;1972.57
12;2025-12-19;12;2037.4
12;2025-12-19;13;2093.42
12;2025-12-19;14;2109.46
12;2025-12-19;15;2381.5
12;2025-12-19;16;2956.5
12;2025-12-19;17;2939.26
12;2025-12-19;18;2662.32
12;2025-12-19;19;2236.07
12;2025-12-19;20;1424.81
12;2025-12-19;21;984.7
12;2025-12-19;22;521.03
12;2025-12-19;23;316.74
12;2025-12-20;0;76.24
12;2025-12-20;1;5.92
12;2025-12-20;2;0.0
12;2025-12-20;3;0.0
12;2025-12-20;4;2.81
12;2025-12-20;5;208.94
12;2025-12-20;6;799.42
12;2025-12-20;7;894.05
12;2025-12-20;8;1018.13
12;2025-12-20;9;1205.49
12;2025-12-20;10;1377.64
12;2025-12-20;11;1523.19
12;2025-12-20;12;1491.11
12;2025-12-20;13;1731.76
12;2025-12-20;14;1615.11
12;2025-12-20;15;1528.86
12;2025-12-20;16;1558.11
12;2025-12-20;17;1535.31
12;2025-12-20;18;1523.71
12;2025-12-20;19;1396.28
12;2025-12-20;20;921.93
12;2025-12-20;21;692.15
12;2025-12-20;22;436.71
12;2025-12-20;23;290.05
12;2025-12-21;0;85.54
12;2025-12-21;1;6.5
12;2025-12-21;2;0.0
12;2025-12-21;3;0.0
12;2025-12-21;4;2.63
12;2025-12-21;5;143.37
12;2025-12-21;6;508.37
12;2025-12-21;7;644.96
12;2025-12-21;8;697.89
12;2025-12-21;9;918.08
12;2025-12-21;10;1129.74
12;2025-12-21;11;1285.42
12;2025-12-21;12;1346.03
12;2025-12-21;13;1583.51
12;2025-12-21;14;1512.76
12;2025-12-21;15;1407.98
12;2025-12-21;16;1491.34
12;2025-12-21;17;1560.13
12;2025-12-21;18;1283.91
12;2025-12-21;19;1030.21
12;2025-12-21;20;756.35
12;2025-12-21;21;575.63
12;2025-12-21;22;367.78
12;2025-12-21;23;205.22
12;2025-12-22;0;51.51
12;2025-12-22;1;2.29
12;2025-12-22;2;0.0
12;2025-12-22;3;0.0
12;2025-12-22;4;5.36
12;2025-12-22;5;311.11
12;2025-12-22;6;1316.86
12;2025-12-22;7;2607.31
12;2025-12-22;8;3538.75
12;2025-12-22;9;2388.72
12;2025-12-22;10;1946.04
12;2025-12-22;11;1899.8
12;2025-12-22;12;1960.92
12;2025-12-22;13;1924.05
12;2025-12-22;14;1935.78
12;2025-12-22;15;2135.87
12;2025-12-22;16;2629.44
12;2025-12-22;17;2937.33
12;2025-12-22;18;3076.97
12;2025-12-22;19;2383.42
12;2025-12-22;20;1464.92
12;2025-12-22;21;880.9
12;2025-12-22;22;450.71
12;2025-12-22;23;235.68
12;2025-12-23;0;53.5
12;2025-12-23;1;2.38
12;2025-12-23;2;0.0
12;2025-12-23;3;0.0
12;2025-12-23;4;5.57
12;2025-12-23;5;323.18
12;2025-12-23;6;1367.94
12;2025-12-23;7;2708.43
12;2025-12-23;8;3676.0
12;2025-12-23;9;2481.36
12;2025-12-23;10;2021.52
12;2025-12-23;11;1973.48
12;2025-12-23;12;2036.97
12;2025-12-23;13;1998.67
12;2025-12-23;14;2010.86
12;2025-12-23;15;2218.71
12;2025-12-23;16;2731.42
12;2025-12-23;17;3051.25
12;2025-12-23;18;3196.31
12;2025-12-23;19;2475.86
12;2025-12-23;20;1521.73
12;2025-12-23;21;915.06
12;2025-12-23;22;468.19
12;2025-12-23;23;244.82
12;2025-12-24;0;53.48
12;2025-12-24;1;2.38
12;2025-12-24;2;0.0
12;2025-12-24;3;0.0
12;2025-12-24;4;5.57
12;2025-12-24;5;323.05
12;2025-12-24;6;1367.38
12;2025-12-24;7;2707.32
12;2025-12-24;8;3674.49
12;2025-12-24;9;2480.35
12;2025-12-24;10;2020.69
12;2025-12-24;11;1972.67
12;2025-12-24;12;2036.14
12;2025-12-24;13;1997.85
12;2025-12-24;14;2010.04
12;2025-12-24;15;2217.8
12;2025-12-24;16;2730.31
12;2025-12-24;17;3050.0
12;2025-12-24;18;3195.0
12;2025-12-24;19;2474.84
12;2025-12-24;20;1521.11
12;2025-12-24;21;914.69
12;2025-12-24;22;468.0
12;2025-12-24;23;244.72
12;2025-12-25;0;53.56
12;2025-12-25;1;2.38
12;2025-12-25;2;0.0
12;2025-12-25;3;0.0
12;2025-12-25;4;5.58
12;2025-12-25;5;323.54
12;2025-12-25;6;1369.46
12;2025-12-25;7;2711.44
12;2025-12-25;8;3680.08
12;2025-12-25;9;2484.12
12;2025-12-25;10;2023.76
12;2025-12-25;11;1975.67
12;2025-12-25;12;2039.24
12;2025-12-25;13;2000.9
12;2025-12-25;14;2013.1
12;2025-12-25;15;2221.17
12;2025-12-25;16;2734.46
12;2025-12-25;17;3054.65
12;2025-12-25;18;3199.86
12;2025-12-25;19;2478.61
12;2025-12-25;20;1523.42
12;2025-12-25;21;916.08
12;2025-12-25;22;468.71
12;2025-12-25;23;245.1
12;2025-12-26;0;54.46
12;2025-12-26;1;2.05
12;2025-12-26;2;0.0
12;2025-12-26;3;0.0
12;2025-12-26;4;4.76
12;2025-12-26;5;297.08
12;2025-12-26;6;1297.55
12;2025-12-26;7;2578.39
12;2025-12-26;8;3261.89
12;2025-12-26;9;2269.45
12;2025-12-26;10;1842.65
12;2025-12-26;11;1894.84
12;2025-12-26;12;1957.12
12;2025-12-26;13;2010.93
12;2025-12-26;14;2026.34
12;2025-12-26;15;2287.66
12;2025-12-26;16;2840.0
12;2025-12-26;17;2823.43
12;2025-12-26;18;2557.41
12;2025-12-26;19;2147.96
12;2025-12-26;20;1368.67
12;2025-12-26;21;945.9
12;2025-12-26;22;500.49
12;2025-12-26;23;304.26
12;2025-12-27;0;76.09
12;2025-12-27;1;5.91
12;2025-12-27;2;0.0
12;2025-12-27;3;0.0
12;2025-12-27;4;2.8
12;2025-12-27;5;208.52
12;2025-12-27;6;797.82
12;2025-12-27;7;892.27
12;2025-12-27;8;1016.1
12;2025-12-27;9;1203.08
12;2025-12-27;10;1374.89
12;2025-12-27;11;1520.14
12;2025-12-27;12;1488.13
12;2025-12-27;13;1728.3
12;2025-12-27;14;1611.88
12;2025-12-27;15;1525.81
12;2025-12-27;16;1555.0
12;2025-12-27;17;1532.24
12;2025-12-27;18;1520.67
12;2025-12-27;19;1393.49
12;2025-12-27;20;920.09
12;2025-12-27;21;690.76
12;2025-12-27;22;435.84
12;2025-12-27;23;289.47
12;2025-12-28;0;85.03
12;2025-12-28;1;6.46
12;2025-12-28;2;0.0
12;2025-12-28;3;0.0
12;2025-12-28;4;2.61
12;2025-12-28;5;142.52
12;2025-12-28;6;505.33
12;2025-12-28;7;641.11
12;2025-12-28;8;693.72
12;2025-12-28;9;912.58
12;2025-12-28;10;1122.98
12;2025-12-28;11;1277.73
12;2025-12-28;12;1337.97
12;2025-12-28;13;1574.04
12;2025-12-28;14;1503.71
12;2025-12-28;15;1399.56
12;2025-12-28;16;1482.42
12;2025-12-28;17;1550.79
12;2025-12-28;18;1276.23
12;2025-12-28;19;1024.05
12;2025-12-28;20;751.83
12;2025-12-28;21;572.19
12;2025-12-28;22;365.58
12;2025-12-28;23;203.99
12;2025-12-29;0;47.15
12;2025-12-29;1;2.1
12;2025-12-29;2;0.0
12;2025-12-29;3;0.0
12;2025-12-29;4;4.91
12;2025-12-29;5;284.8
12;2025-12-29;6;1205.5
12;2025-12-29;7;2386.82
12;2025-12-29;8;3239.49
12;2025-12-29;9;2186.71
12;2025-12-29;10;1781.47
12;2025-12-29;11;1739.14
12;2025-12-29;12;1795.09
12;2025-12-29;13;1761.34
12;2025-12-29;14;1772.08
12;2025-12-29;15;1955.25
12;2025-12-29;16;2407.08
12;2025-12-29;17;2688.93
12;2025-12-29;18;2816.76
12;2025-12-29;19;2181.86
12;2025-12-29;20;1341.03
12;2025-12-29;21;806.4
12;2025-12-29;22;412.6
12;2025-12-29;23;215.75
12;2025-12-30;0;45.76
12;2025-12-30;1;2.04
12;2025-12-30;2;0.0
12;2025-12-30;3;0.0
12;2025-12-30;4;4.76
12;2025-12-30;5;276.41
12;2025-12-30;6;1169.98
12;2025-12-30;7;2316.49
12;2025-12-30;8;3144.04
12;2025-12-30;9;2122.28
12;2025-12-30;10;1728.98
12;2025-12-30;11;1687.89
12;2025-12-30;12;1742.2
12;2025-12-30;13;1709.44
12;2025-12-30;14;1719.87
12;2025-12-30;15;1897.64
12;2025-12-30;16;2336.16
12;2025-12-30;17;2609.7
12;2025-12-30;18;2733.77
12;2025-12-30;19;2117.57
12;2025-12-30;20;1301.52
12;2025-12-30;21;782.64
12;2025-12-30;22;400.44
12;2025-12-30;23;209.4
12;2025-12-31;0;66.0
12;2025-12-31;1;5.13
12;2025-12-31;2;0.0
12;2025-12-31;3;0.0
12;2025-12-31;4;2.43
12;2025-12-31;5;180.87
12;2025-12-31;6;692.0
12;2025-12-31;7;773.92
12;2025-12-31;8;881.33
12;2025-12-31;9;1043.51
12;2025-12-31;10;1192.54
12;2025-12-31;11;1318.53
12;2025-12-31;12;1290.76
12;2025-12-31;13;1499.07
12;2025-12-31;14;1398.1
12;2025-12-31;15;1323.44
12;2025-12-31;16;1348.76
12;2025-12-31;17;1329.02
12;2025-12-31;18;1318.98
12;2025-12-31;19;1208.67
12;2025-12-31;20;798.05
12;2025-12-31;21;359.49
12;2025-12-31;22;226.82
12;2025-12-31;23;150.65
17;2025-11-01;0;151.0
17;2025-11-01;1;30.0
17;2025-11-01;2;0.0
17;2025-11-01;3;0.0
17;2025-11-01;4;13.53
17;2025-11-01;5;191.78
17;2025-11-01;6;914.29
17;2025-11-01;7;2322.12
17;2025-11-01;8;3040.14
17;2025-11-01;9;2567.78
17;2025-11-01;10;2323.37
17;2025-11-01;11;2531.17
17;2025-11-01;12;2707.51
17;2025-11-01;13;2809.62
17;2025-11-01;14;2869.05
17;2025-11-01;15;3024.29
17;2025-11-01;16;3343.65
17;2025-11-01;17;3470.19
17;2025-11-01;18;3193.09
17;2025-11-01;19;2431.98
17;2025-11-01;20;1783.84
17;2025-11-01;21;1252.23
17;2025-11-01;22;719.36
17;2025-11-01;23;381.75
17;2025-11-02;0;150.89
17;2025-11-02;1;20.04
17;2025-11-02;2;0.0
17;2025-11-02;3;0.0
17;2025-11-02;4;3.22
17;2025-11-02;5;91.45
17;2025-11-02;6;394.1
17;2025-11-02;7;793.72
17;2025-11-02;8;1183.67
17;2025-11-02;9;1544.87
17;2025-11-02;10;1776.96
17;2025-11-02;11;2192.04
17;2025-11-02;12;2481.54
17;2025-11-02;13;2662.58
17;2025-11-02;14;2718.29
17;2025-11-02;15;2704.24
17;2025-11-02;16;2690.56
17;2025-11-02;17;2558.72
17;2025-11-02;18;2240.97
17;2025-11-02;19;1804.53
17;2025-11-02;20;1349.85
17;2025-11-02;21;995.37
17;2025-11-02;22;625.56
17;2025-11-02;23;297.64
17;2025-11-03;0;161.3
17;2025-11-03;1;21.42
17;2025-11-03;2;0.0
17;2025-11-03;3;0.0
17;2025-11-03;4;3.45
17;2025-11-03;5;97.76
17;2025-11-03;6;421.31
17;2025-11-03;7;848.51
17;2025-11-03;8;1265.38
17;2025-11-03;9;1651.51
17;2025-11-03;10;1899.63
17;2025-11-03;11;2343.36
17;2025-11-03;12;2652.85
17;2025-11-03;13;2846.39
17;2025-11-03;14;2905.95
17;2025-11-03;15;2890.92
17;2025-11-03;16;2876.3
17;2025-11-03;17;2735.36
17;2025-11-03;18;2395.67
17;2025-11-03;19;1929.1
17;2025-11-03;20;1443.03
17;2025-11-03;21;1064.08
17;2025-11-03;22;668.74
17;2025-11-03;23;318.18
17;2025-11-04;0;160.72
17;2025-11-04;1;21.35
17;2025-11-04;2;0.0
17;2025-11-04;3;0.0
17;2025-11-04;4;3.43
17;2025-11-04;5;97.41
17;2025-11-04;6;419.8
17;2025-11-04;7;845.46
17;2025-11-04;8;1260.83
17;2025-11-04;9;1645.58
17;2025-11-04;10;1892.8
17;2025-11-04;11;2334.94
17;2025-11-04;12;2643.31
17;2025-11-04;13;2836.16
17;2025-11-04;14;2895.5
17;2025-11-04;15;2880.54
17;2025-11-04;16;2865.97
17;2025-11-04;17;2725.53
17;2025-11-04;18;2387.07
17;2025-11-04;19;1922.17
17;2025-11-04;20;1437.85
17;2025-11-04;21;1060.26
17;2025-11-04;22;666.34
17;2025-11-04;23;317.04
17;2025-11-05;0;113.02
17;2025-11-05;1;12.04
17;2025-11-05;2;0.0
17;2025-11-05;3;0.0
17;2025-11-05;4;26.14
17;2025-11-05;5;326.97
17;2025-11-05;6;1592.27
17;2025-11-05;7;4271.71
17;2025-11-05;8;5550.24
17;2025-11-05;9;3905.21
17;2025-11-05;10;3032.7
17;2025-11-05;11;2985.01
17;2025-11-05;12;3018.69
17;2025-11-05;13;3066.57
17;2025-11-05;14;3156.66
17;2025-11-05;15;3318.09
17;2025-11-05;16;3736.43
17;2025-11-05;17;4590.51
17;2025-11-05;18;4957.38
17;2025-11-05;19;3406.06
17;2025-11-05;20;2367.83
17;2025-11-05;21;1457.17
17;2025-11-05;22;744.46
17;2025-11-05;23;353.75
17;2025-11-06;0;113.24
17;2025-11-06;1;12.06
17;2025-11-06;2;0.0
17;2025-11-06;3;0.0
17;2025-11-06;4;26.19
17;2025-11-06;5;327.6
17;2025-11-06;6;1595.33
17;2025-11-06;7;4279.92
17;2025-11-06;8;5560.91
17;2025-11-06;9;3912.72
17;2025-11-06;10;3038.53
17;2025-11-06;11;2990.75
17;2025-11-06;12;3024.49
17;2025-11-06;13;3072.46
17;2025-11-06;14;3162.73
17;2025-11-06;15;3324.47
17;2025-11-06;16;3743.61
17;2025-11-06;17;4599.34
17;2025-11-06;18;4966.92
17;2025-11-06;19;3412.61
17;2025-11-06;20;2372.38
17;2025-11-06;21;1459.98
17;2025-11-06;22;745.9
17;2025-11-06;23;354.43
17;2025-11-07;0;131.85
17;2025-11-07;1;15.32
17;2025-11-07;2;0.0
17;2025-11-07;3;0.0
17;2025-11-07;4;25.57
17;2025-11-07;5;314.56
17;2025-11-07;6;1523.78
17;2025-11-07;7;4077.82
17;2025-11-07;8;5192.24
17;2025-11-07;9;3730.34
17;2025-11-07;10;2969.86
17;2025-11-07;11;2996.4
17;2025-11-07;12;3071.98
17;2025-11-07;13;3121.77
17;2025-11-07;14;3239.17
17;2025-11-07;15;3570.84
17;2025-11-07;16;4253.4
17;2025-11-07;17;4690.33
17;2025-11-07;18;4404.58
17;2025-11-07;19;3252.4
17;2025-11-07;20;2329.54
17;2025-11-07;21;1574.41
17;2025-11-07;22;838.04
17;2025-11-07;23;459.07
17;2025-11-08;0;192.95
17;2025-11-08;1;25.72
17;2025-11-08;2;0.0
17;2025-11-08;3;0.0
17;2025-11-08;4;4.81
17;2025-11-08;5;121.32
17;2025-11-08;6;551.63
17;2025-11-08;7;1170.9
17;2025-11-08;8;1695.26
17;2025-11-08;9;2157.77
17;2025-11-08;10;2401.57
17;2025-11-08;11;2881.27
17;2025-11-08;12;3229.53
17;2025-11-08;13;3424.54
17;2025-11-08;14;3440.06
17;2025-11-08;15;3452.91
17;2025-11-08;16;3479.06
17;2025-11-08;17;3304.96
17;2025-11-08;18;2942.7
17;2025-11-08;19;2354.61
17;2025-11-08;20;1789.23
17;2025-11-08;21;1323.47
17;2025-11-08;22;833.86
17;2025-11-08;23;426.62
17;2025-11-09;0;176.55
17;2025-11-09;1;23.37
17;2025-11-09;2;0.0
17;2025-11-09;3;0.0
17;2025-11-09;4;3.17
17;2025-11-09;5;103.21
17;2025-11-09;6;419.98
17;2025-11-09;7;794.11
17;2025-11-09;8;1228.19
17;2025-11-09;9;1650.27
17;2025-11-09;10;1967.56
17;2025-11-09;11;2497.3
17;2025-11-09;12;2854.96
17;2025-11-09;13;3098.28
17;2025-11-09;14;3211.57
17;2025-11-09;15;3168.53
17;2025-11-09;16;3114.86
17;2025-11-09;17;2965.35
17;2025-11-09;18;2555.55
17;2025-11-09;19;2070.76
17;2025-11-09;20;1524.92
17;2025-11-09;21;1120.93
17;2025-11-09;22;702.66
17;2025-11-09;23;308.53
17;2025-11-10;0;108.98
17;2025-11-10;1;11.61
17;2025-11-10;2;0.0
17;2025-11-10;3;0.0
17;2025-11-10;4;25.2
17;2025-11-10;5;315.27
17;2025-11-10;6;1535.29
17;2025-11-10;7;4118.84
17;2025-11-10;8;5351.62
17;2025-11-10;9;3765.46
17;2025-11-10;10;2924.18
17;2025-11-10;11;2878.19
17;2025-11-10;12;2910.66
17;2025-11-10;13;2956.83
17;2025-11-10;14;3043.7
17;2025-11-10;15;3199.35
17;2025-11-10;16;3602.72
17;2025-11-10;17;4426.24
17;2025-11-10;18;4779.98
17;2025-11-10;19;3284.17
17;2025-11-10;20;2283.09
17;2025-11-10;21;1405.03
17;2025-11-10;22;717.82
17;2025-11-10;23;341.09
17;2025-11-11;0;112.8
17;2025-11-11;1;12.02
17;2025-11-11;2;0.0
17;2025-11-11;3;0.0
17;2025-11-11;4;26.09
17;2025-11-11;5;326.32
17;2025-11-11;6;1589.1
17;2025-11-11;7;4263.21
17;2025-11-11;8;5539.21
17;2025-11-11;9;3897.45
17;2025-11-11;10;3026.67
17;2025-11-11;11;2979.07
17;2025-11-11;12;3012.69
17;2025-11-11;13;3060.47
17;2025-11-11;14;3150.39
17;2025-11-11;15;3311.49
17;2025-11-11;16;3729.0
17;2025-11-11;17;4581.38
17;2025-11-11;18;4947.53
17;2025-11-11;19;3399.29
17;2025-11-11;20;2363.12
17;2025-11-11;21;1454.28
17;2025-11-11;22;742.98
17;2025-11-11;23;353.05
17;2025-11-12;0;112.57
17;2025-11-12;1;11.99
17;2025-11-12;2;0.0
17;2025-11-12;3;0.0
17;2025-11-12;4;26.03
17;2025-11-12;5;325.66
17;2025-11-12;6;1585.91
17;2025-11-12;7;4254.65
17;2025-11-12;8;5528.08
17;2025-11-12;9;3889.62
17;2025-11-12;10;3020.6
17;2025-11-12;11;2973.09
17;2025-11-12;12;3006.64
17;2025-11-12;13;3054.33
17;2025-11-12;14;3144.06
17;2025-11-12;15;3304.84
17;2025-11-12;16;3721.51
17;2025-11-12;17;4572.18
17;2025-11-12;18;4937.59
17;2025-11-12;19;3392.46
17;2025-11-12;20;2358.37
17;2025-11-12;21;1451.36
17;2025-11-12;22;741.49
17;2025-11-12;23;352.34
17;2025-11-13;0;113.87
17;2025-11-13;1;12.13
17;2025-11-13;2;0.0
17;2025-11-13;3;0.0
17;2025-11-13;4;26.34
17;2025-11-13;5;329.44
17;2025-11-13;6;1604.29
17;2025-11-13;7;4303.95
17;2025-11-13;8;5592.14
17;2025-11-13;9;3934.69
17;2025-11-13;10;3055.6
17;2025-11-13;11;3007.54
17;2025-11-13;12;3041.48
17;2025-11-13;13;3089.72
17;2025-11-13;14;3180.49
17;2025-11-13;15;3343.14
17;2025-11-13;16;3764.63
17;2025-11-13;17;4625.16
17;2025-11-13;18;4994.81
17;2025-11-13;19;3431.77
17;2025-11-13;20;2385.7
17;2025-11-13;21;1468.18
17;2025-11-13;22;750.08
17;2025-11-13;23;356.42
17;2025-11-14;0;131.9
17;2025-11-14;1;15.33
17;2025-11-14;2;0.0
17;2025-11-14;3;0.0
17;2025-11-14;4;25.58
17;2025-11-14;5;314.69
17;2025-11-14;6;1524.39
17;2025-11-14;7;4079.45
17;2025-11-14;8;5194.32
17;2025-11-14;9;3731.83
17;2025-11-14;10;2971.05
17;2025-11-14;11;2997.6
17;2025-11-14;12;3073.21
17;2025-11-14;13;3123.02
17;2025-11-14;14;3240.46
17;2025-11-14;15;3572.27
17;2025-11-14;16;4255.11
17;2025-11-14;17;4692.2
17;2025-11-14;18;4406.34
17;2025-11-14;19;3253.7
17;2025-11-14;20;2330.47
17;2025-11-14;21;1575.04
17;2025-11-14;22;838.38
17;2025-11-14;23;459.25
17;2025-11-15;0;188.14
17;2025-11-15;1;25.08
17;2025-11-15;2;0.0
17;2025-11-15;3;0.0
17;2025-11-15;4;4.69
17;2025-11-15;5;118.3
17;2025-11-15;6;537.9
17;2025-11-15;7;1141.77
17;2025-11-15;8;1653.07
17;2025-11-15;9;2104.07
17;2025-11-15;10;2341.8
17;2025-11-15;11;2809.57
17;2025-11-15;12;3149.16
17;2025-11-15;13;3339.32
17;2025-11-15;14;3354.45
17;2025-11-15;15;3366.98
17;2025-11-15;16;3392.48
17;2025-11-15;17;3222.72
17;2025-11-15;18;2869.47
17;2025-11-15;19;2296.01
17;2025-11-15;20;1744.71
17;2025-11-15;21;1290.53
17;2025-11-15;22;813.11
17;2025-11-15;23;416.01
17;2025-11-16;0;176.55
17;2025-11-16;1;23.37
17;2025-11-16;2;0.0
17;2025-11-16;3;0.0
17;2025-11-16;4;3.17
17;2025-11-16;5;103.21
17;2025-11-16;6;419.98
17;2025-11-16;7;794.11
17;2025-11-16;8;1228.19
17;2025-11-16;9;1650.27
17;2025-11-16;10;1967.56
17;2025-11-16;11;2497.3
17;2025-11-16;12;2854.96
17;2025-11-16;13;3098.28
17;2025-11-16;14;3211.57
17;2025-11-16;15;3168.53
17;2025-11-16;16;3114.86
17;2025-11-16;17;2965.35
17;2025-11-16;18;2555.55
17;2025-11-16;19;2070.76
17;2025-11-16;20;1524.92
17;2025-11-16;21;1120.93
17;2025-11-16;22;702.66
17;2025-11-16;23;308.53
17;2025-11-17;0;107.72
17;2025-11-17;1;11.48
17;2025-11-17;2;0.0
17;2025-11-17;3;0.0
17;2025-11-17;4;24.91
17;2025-11-17;5;311.63
17;2025-11-17;6;1517.58
17;2025-11-17;7;4071.34
17;2025-11-17;8;5289.9
17;2025-11-17;9;3722.03
17;2025-11-17;10;2890.45
17;2025-11-17;11;2844.99
17;2025-11-17;12;2877.09
17;2025-11-17;13;2922.73
17;2025-11-17;14;3008.6
17;2025-11-17;15;3162.45
17;2025-11-17;16;3561.17
17;2025-11-17;17;4375.19
17;2025-11-17;18;4724.86
17;2025-11-17;19;3246.3
17;2025-11-17;20;2256.76
17;2025-11-17;21;1388.83
17;2025-11-17;22;709.54
17;2025-11-17;23;337.16
17;2025-11-18;0;110.7
17;2025-11-18;1;11.79
17;2025-11-18;2;0.0
17;2025-11-18;3;0.0
17;2025-11-18;4;25.6
17;2025-11-18;5;320.24
17;2025-11-18;6;1559.51
17;2025-11-18;7;4183.81
17;2025-11-18;8;5436.04
17;2025-11-18;9;3824.86
17;2025-11-18;10;2970.3
17;2025-11-18;11;2923.59
17;2025-11-18;12;2956.58
17;2025-11-18;13;3003.47
17;2025-11-18;14;3091.71
17;2025-11-18;15;3249.82
17;2025-11-18;16;3659.55
17;2025-11-18;17;4496.06
17;2025-11-18;18;4855.38
17;2025-11-18;19;3335.98
17;2025-11-18;20;2319.11
17;2025-11-18;21;1427.19
17;2025-11-18;22;729.15
17;2025-11-18;23;346.47
17;2025-11-19;0;113.02
17;2025-11-19;1;12.04
17;2025-11-19;2;0.0
17;2025-11-19;3;0.0
17;2025-11-19;4;26.14
17;2025-11-19;5;326.97
17;2025-11-19;6;1592.27
17;2025-11-19;7;4271.71
17;2025-11-19;8;5550.24
17;2025-11-19;9;3905.21
17;2025-11-19;10;3032.7
17;2025-11-19;11;2985.01
17;2025-11-19;12;3018.69
17;2025-11-19;13;3066.57
17;2025-11-19;14;3156.66
17;2025-11-19;15;3318.09
17;2025-11-19;16;3736.43
17;2025-11-19;17;4590.51
17;2025-11-19;18;4957.38
17;2025-11-19;19;3406.06
17;2025-11-19;20;2367.83
17;2025-11-19;21;1457.17
17;2025-11-19;22;744.46
17;2025-11-19;23;353.75
17;2025-11-20;0;113.92
17;2025-11-20;1;12.14
17;2025-11-20;2;0.0
17;2025-11-20;3;0.0
17;2025-11-20;4;26.35
17;2025-11-20;5;329.57
17;2025-11-20;6;1604.93
17;2025-11-20;7;4305.68
17;2025-11-20;8;5594.38
17;2025-11-20;9;3936.27
17;2025-11-20;10;3056.82
17;2025-11-20;11;3008.75
17;2025-11-20;12;3042.69
17;2025-11-20;13;3090.95
17;2025-11-20;14;3181.77
17;2025-11-20;15;3344.47
17;2025-11-20;16;3766.14
17;2025-11-20;17;4627.01
17;2025-11-20;18;4996.81
17;2025-11-20;19;3433.15
17;2025-11-20;20;2386.65
17;2025-11-20;21;1468.76
17;2025-11-20;22;750.38
17;2025-11-20;23;356.56
17;2025-11-21;0;131.95
17;2025-11-21;1;15.33
17;2025-11-21;2;0.0
17;2025-11-21;3;0.0
17;2025-11-21;4;25.59
17;2025-11-21;5;314.82
17;2025-11-21;6;1525.0
17;2025-11-21;7;4081.08
17;2025-11-21;8;5196.4
17;2025-11-21;9;3733.32
17;2025-11-21;10;2972.24
17;2025-11-21;11;2998.8
17;2025-11-21;12;3074.44
17;2025-11-21;13;3124.27
17;2025-11-21;14;3241.76
17;2025-11-21;15;3573.7
17;2025-11-21;16;4256.81
17;2025-11-21;17;4694.08
17;2025-11-21;18;4408.11
17;2025-11-21;19;3255.0
17;2025-11-21;20;2331.4
17;2025-11-21;21;1575.67
17;2025-11-21;22;838.72
17;2025-11-21;23;459.44
17;2025-11-22;0;191.72
17;2025-11-22;1;25.56
17;2025-11-22;2;0.0
17;2025-11-22;3;0.0
17;2025-11-22;4;4.78
17;2025-11-22;5;120.54
17;2025-11-22;6;548.11
17;2025-11-22;7;1163.43
17;2025-11-22;8;1684.44
17;2025-11-22;9;2144.0
17;2025-11-22;10;2386.25
17;2025-11-22;11;2862.89
17;2025-11-22;12;3208.93
17;2025-11-22;13;3402.69
17;2025-11-22;14;3418.11
17;2025-11-22;15;3430.88
17;2025-11-22;16;3456.87
17;2025-11-22;17;3283.88
17;2025-11-22;18;2923.92
17;2025-11-22;19;2339.59
17;2025-11-22;20;1777.82
17;2025-11-22;21;1315.02
17;2025-11-22;22;828.54
17;2025-11-22;23;423.9
17;2025-11-23;0;176.55
17;2025-11-23;1;23.37
17;2025-11-23;2;0.0
17;2025-11-23;3;0.0
17;2025-11-23;4;3.17
17;2025-11-23;5;103.21
17;2025-11-23;6;419.98
17;2025-11-23;7;794.11
17;2025-11-23;8;1228.19
17;2025-11-23;9;1650.27
17;2025-11-23;10;1967.56
17;2025-11-23;11;2497.3
17;2025-11-23;12;2854.96
17;2025-11-23;13;3098.28
17;2025-11-23;14;3211.57
17;2025-11-23;15;3168.53
17;2025-11-23;16;3114.86
17;2025-11-23;17;2965.35
17;2025-11-23;18;2555.55
17;2025-11-23;19;2070.76
17;2025-11-23;20;1524.92
17;2025-11-23;21;1120.93
17;2025-11-23;22;702.66
17;2025-11-23;23;308.53
17;2025-11-24;0;107.16
17;2025-11-24;1;11.42
17;2025-11-24;2;0.0
17;2025-11-24;3;0.0
17;2025-11-24;4;24.78
17;2025-11-24;5;310.01
17;2025-11-24;6;1509.71
17;2025-11-24;7;4050.22
17;2025-11-24;8;5262.47
17;2025-11-24;9;3702.73
17;2025-11-24;10;2875.46
17;2025-11-24;11;2830.24
17;2025-11-24;12;2862.17
17;2025-11-24;13;2907.57
17;2025-11-24;14;2993.0
17;2025-11-24;15;3146.05
17;2025-11-24;16;3542.7
17;2025-11-24;17;4352.5
17;2025-11-24;18;4700.35
17;2025-11-24;19;3229.46
17;2025-11-24;20;2245.06
17;2025-11-24;21;1381.62
17;2025-11-24;22;705.86
17;2025-11-24;23;335.41
17;2025-11-25;0;112.8
17;2025-11-25;1;12.02
17;2025-11-25;2;0.0
17;2025-11-25;3;0.0
17;2025-11-25;4;26.09
17;2025-11-25;5;326.32
17;2025-11-25;6;1589.1
17;2025-11-25;7;4263.21
17;2025-11-25;8;5539.21
17;2025-11-25;9;3897.45
17;2025-11-25;10;3026.67
17;2025-11-25;11;2979.07
17;2025-11-25;12;3012.69
17;2025-11-25;13;3060.47
17;2025-11-25;14;3150.39
17;2025-11-25;15;3311.49
17;2025-11-25;16;3729.0
17;2025-11-25;17;4581.38
17;2025-11-25;18;4947.53
17;2025-11-25;19;3399.29
17;2025-11-25;20;2363.12
17;2025-11-25;21;1454.28
17;2025-11-25;22;742.98
17;2025-11-25;23;353.05
17;2025-11-26;0;110.87
17;2025-11-26;1;11.81
17;2025-11-26;2;0.0
17;2025-11-26;3;0.0
17;2025-11-26;4;25.64
17;2025-11-26;5;320.75
17;2025-11-26;6;1561.99
17;2025-11-26;7;4190.47
17;2025-11-26;8;5444.69
17;2025-11-26;9;3830.95
17;2025-11-26;10;2975.03
17;2025-11-26;11;2928.24
17;2025-11-26;12;2961.28
17;2025-11-26;13;3008.25
17;2025-11-26;14;3096.63
17;2025-11-26;15;3254.99
17;2025-11-26;16;3665.37
17;2025-11-26;17;4503.21
17;2025-11-26;18;4863.11
17;2025-11-26;19;3341.29
17;2025-11-26;20;2322.8
17;2025-11-26;21;1429.46
17;2025-11-26;22;730.31
17;2025-11-26;23;347.02
17;2025-11-27;0;111.89
17;2025-11-27;1;11.92
17;2025-11-27;2;0.0
17;2025-11-27;3;0.0
17;2025-11-27;4;25.88
17;2025-11-27;5;323.69
17;2025-11-27;6;1576.3
17;2025-11-27;7;4228.87
17;2025-11-27;8;5494.58
17;2025-11-27;9;3866.05
17;2025-11-27;10;3002.29
17;2025-11-27;11;2955.07
17;2025-11-27;12;2988.42
17;2025-11-27;13;3035.81
17;2025-11-27;14;3125.01
17;2025-11-27;15;3284.81
17;2025-11-27;16;3698.96
17;2025-11-27;17;4544.47
17;2025-11-27;18;4907.67
17;2025-11-27;19;3371.9
17;2025-11-27;20;2344.08
17;2025-11-27;21;1442.56
17;2025-11-27;22;737.0
17;2025-11-27;23;350.2
17;2025-11-28;0;132.11
17;2025-11-28;1;15.35
17;2025-11-28;2;0.0
17;2025-11-28;3;0.0
17;2025-11-28;4;25.62
17;2025-11-28;5;315.19
17;2025-11-28;6;1526.83
17;2025-11-28;7;4085.98
17;2025-11-28;8;5202.64
17;2025-11-28;9;3737.8
17;2025-11-28;10;2975.81
17;2025-11-28;11;3002.4
17;2025-11-28;12;3078.13
17;2025-11-28;13;3128.02
17;2025-11-28;14;3245.65
17;2025-11-28;15;3577.99
17;2025-11-28;16;4261.92
17;2025-11-28;17;4699.72
17;2025-11-28;18;4413.4
17;2025-11-28;19;3258.91
17;2025-11-28;20;2334.2
17;2025-11-28;21;1577.56
17;2025-11-28;22;839.72
17;2025-11-28;23;459.99
17;2025-11-29;0;192.95
17;2025-11-29;1;25.72
17;2025-11-29;2;0.0
17;2025-11-29;3;0.0
17;2025-11-29;4;4.81
17;2025-11-29;5;121.32
17;2025-11-29;6;551.63
17;2025-11-29;7;1170.9
17;2025-11-29;8;1695.26
17;2025-11-29;9;2157.77
17;2025-11-29;10;2401.57
17;2025-11-29;11;2881.27
17;2025-11-29;12;3229.53
17;2025-11-29;13;3424.54
17;2025-11-29;14;3440.06
17;2025-11-29;15;3452.91
17;2025-11-29;16;3479.06
17;2025-11-29;17;3304.96
17;2025-11-29;18;2942.7
17;2025-11-29;19;2354.61
17;2025-11-29;20;1789.23
17;2025-11-29;21;1323.47
17;2025-11-29;22;833.86
17;2025-11-29;23;426.62
17;2025-11-30;0;176.55
17;2025-11-30;1;23.37
17;2025-11-30;2;0.0
17;2025-11-30;3;0.0
17;2025-11-30;4;3.17
17;2025-11-30;5;103.21
17;2025-11-30;6;419.98
17;2025-11-30;7;794.11
17;2025-11-30;8;1228.19
17;2025-11-30;9;1650.27
17;2025-11-30;10;1967.56
17;2025-11-30;11;2497.3
17;2025-11-30;12;2854.96
17;2025-11-30;13;3098.28
17;2025-11-30;14;3211.57
17;2025-11-30;15;3168.53
17;2025-11-30;16;3114.86
17;2025-11-30;17;2965.35
17;2025-11-30;18;2555.55
17;2025-11-30;19;2070.76
17;2025-11-30;20;1524.92
17;2025-11-30;21;1120.93
17;2025-11-30;22;702.66
17;2025-11-30;23;308.53
17;2025-12-01;0;107.62
17;2025-12-01;1;11.31
17;2025-12-01;2;0.0
17;2025-12-01;3;0.0
17;2025-12-01;4;25.46
17;2025-12-01;5;315.06
17;2025-12-01;6;1529.3
17;2025-12-01;7;4070.17
17;2025-12-01;8;5320.34
17;2025-12-01;9;3748.27
17;2025-12-01;10;2913.72
17;2025-12-01;11;2867.78
17;2025-12-01;12;2901.66
17;2025-12-01;13;2948.88
17;2025-12-01;14;3031.56
17;2025-12-01;15;3187.65
17;2025-12-01;16;3592.7
17;2025-12-01;17;4411.38
17;2025-12-01;18;4779.1
17;2025-12-01;19;3299.06
17;2025-12-01;20;2284.89
17;2025-12-01;21;1402.66
17;2025-12-01;22;722.39
17;2025-12-01;23;340.0
17;2025-12-02;0;111.39
17;2025-12-02;1;11.71
17;2025-12-02;2;0.0
17;2025-12-02;3;0.0
17;2025-12-02;4;26.36
17;2025-12-02;5;326.11
17;2025-12-02;6;1582.9
17;2025-12-02;7;4212.84
17;2025-12-02;8;5506.82
17;2025-12-02;9;3879.65
17;2025-12-02;10;3015.85
17;2025-12-02;11;2968.3
17;2025-12-02;12;3003.37
17;2025-12-02;13;3052.25
17;2025-12-02;14;3137.83
17;2025-12-02;15;3299.38
17;2025-12-02;16;3718.63
17;2025-12-02;17;4566.01
17;2025-12-02;18;4946.62
17;2025-12-02;19;3414.7
17;2025-12-02;20;2364.98
17;2025-12-02;21;1451.82
17;2025-12-02;22;747.71
17;2025-12-02;23;351.92
17;2025-12-03;0;111.62
17;2025-12-03;1;11.73
17;2025-12-03;2;0.0
17;2025-12-03;3;0.0
17;2025-12-03;4;26.41
17;2025-12-03;5;326.76
17;2025-12-03;6;1586.05
17;2025-12-03;7;4221.23
17;2025-12-03;8;5517.79
17;2025-12-03;9;3887.38
17;2025-12-03;10;3021.86
17;2025-12-03;11;2974.21
17;2025-12-03;12;3009.35
17;2025-12-03;13;3058.33
17;2025-12-03;14;3144.08
17;2025-12-03;15;3305.95
17;2025-12-03;16;3726.03
17;2025-12-03;17;4575.1
17;2025-12-03;18;4956.47
17;2025-12-03;19;3421.5
17;2025-12-03;20;2369.69
17;2025-12-03;21;1454.71
17;2025-12-03;22;749.2
17;2025-12-03;23;352.62
17;2025-12-04;0;112.5
17;2025-12-04;1;11.83
17;2025-12-04;2;0.0
17;2025-12-04;3;0.0
17;2025-12-04;4;26.62
17;2025-12-04;5;329.36
17;2025-12-04;6;1598.67
17;2025-12-04;7;4254.8
17;2025-12-04;8;5561.67
17;2025-12-04;9;3918.29
17;2025-12-04;10;3045.89
17;2025-12-04;11;2997.86
17;2025-12-04;12;3033.28
17;2025-12-04;13;3082.65
17;2025-12-04;14;3169.08
17;2025-12-04;15;3332.24
17;2025-12-04;16;3755.66
17;2025-12-04;17;4611.49
17;2025-12-04;18;4995.89
17;2025-12-04;19;3448.71
17;2025-12-04;20;2388.54
17;2025-12-04;21;1466.28
17;2025-12-04;22;755.16
17;2025-12-04;23;355.43
17;2025-12-05;0;131.71
17;2025-12-05;1;14.98
17;2025-12-05;2;0.0
17;2025-12-05;3;0.0
17;2025-12-05;4;25.83
17;2025-12-05;5;314.44
17;2025-12-05;6;1523.02
17;2025-12-05;7;4038.57
17;2025-12-05;8;5181.51
17;2025-12-05;9;3730.44
17;2025-12-05;10;2971.27
17;2025-12-05;11;2985.71
17;2025-12-05;12;3075.07
17;2025-12-05;13;3119.81
17;2025-12-05;14;3236.27
17;2025-12-05;15;3579.87
17;2025-12-05;16;4265.34
17;2025-12-05;17;4670.64
17;2025-12-05;18;4401.07
17;2025-12-05;19;3244.38
17;2025-12-05;20;2329.7
17;2025-12-05;21;1572.4
17;2025-12-05;22;845.47
17;2025-12-05;23;456.95
17;2025-12-06;0;189.27
17;2025-12-06;1;24.42
17;2025-12-06;2;0.0
17;2025-12-06;3;0.0
17;2025-12-06;4;4.77
17;2025-12-06;5;119.52
17;2025-12-06;6;541.17
17;2025-12-06;7;1145.46
17;2025-12-06;8;1666.34
17;2025-12-06;9;2126.93
17;2025-12-06;10;2369.52
17;2025-12-06;11;2852.7
17;2025-12-06;12;3210.21
17;2025-12-06;13;3394.42
17;2025-12-06;14;3416.25
17;2025-12-06;15;3440.0
17;2025-12-06;16;3465.91
17;2025-12-06;17;3296.08
17;2025-12-06;18;2934.74
17;2025-12-06;19;2354.39
17;2025-12-06;20;1782.06
17;2025-12-06;21;1317.32
17;2025-12-06;22;832.41
17;2025-12-06;23;420.85
17;2025-12-07;0;173.87
17;2025-12-07;1;23.05
17;2025-12-07;2;0.0
17;2025-12-07;3;0.0
17;2025-12-07;4;3.22
17;2025-12-07;5;102.23
17;2025-12-07;6;416.8
17;2025-12-07;7;774.67
17;2025-12-07;8;1215.03
17;2025-12-07;9;1634.14
17;2025-12-07;10;1955.79
17;2025-12-07;11;2475.67
17;2025-12-07;12;2844.78
17;2025-12-07;13;3072.67
17;2025-12-07;14;3179.16
17;2025-12-07;15;3148.59
17;2025-12-07;16;3092.15
17;2025-12-07;17;2947.74
17;2025-12-07;18;2540.02
17;2025-12-07;19;2062.03
17;2025-12-07;20;1522.23
17;2025-12-07;21;1114.75
17;2025-12-07;22;697.31
17;2025-12-07;23;305.8
17;2025-12-08;0;107.62
17;2025-12-08;1;11.31
17;2025-12-08;2;0.0
17;2025-12-08;3;0.0
17;2025-12-08;4;25.46
17;2025-12-08;5;315.06
17;2025-12-08;6;1529.3
17;2025-12-08;7;4070.17
17;2025-12-08;8;5320.34
17;2025-12-08;9;3748.27
17;2025-12-08;10;2913.72
17;2025-12-08;11;2867.78
17;2025-12-08;12;2901.66
17;2025-12-08;13;2948.88
17;2025-12-08;14;3031.56
17;2025-12-08;15;3187.65
17;2025-12-08;16;3592.7
17;2025-12-08;17;4411.38
17;2025-12-08;18;4779.1
17;2025-12-08;19;3299.06
17;2025-12-08;20;2284.89
17;2025-12-08;21;1402.66
17;2025-12-08;22;722.39
17;2025-12-08;23;340.0
17;2025-12-09;0;111.3
17;2025-12-09;1;11.7
17;2025-12-09;2;0.0
17;2025-12-09;3;0.0
17;2025-12-09;4;26.34
17;2025-12-09;5;325.85
17;2025-12-09;6;1581.64
17;2025-12-09;7;4209.47
17;2025-12-09;8;5502.42
17;2025-12-09;9;3876.55
17;2025-12-09;10;3013.44
17;2025-12-09;11;2965.93
17;2025-12-09;12;3000.97
17;2025-12-09;13;3049.8
17;2025-12-09;14;3135.32
17;2025-12-09;15;3296.74
17;2025-12-09;16;3715.65
17;2025-12-09;17;4562.36
17;2025-12-09;18;4942.66
17;2025-12-09;19;3411.97
17;2025-12-09;20;2363.09
17;2025-12-09;21;1450.66
17;2025-12-09;22;747.11
17;2025-12-09;23;351.64
17;2025-12-10;0;111.26
17;2025-12-10;1;11.69
17;2025-12-10;2;0.0
17;2025-12-10;3;0.0
17;2025-12-10;4;26.32
17;2025-12-10;5;325.71
17;2025-12-10;6;1580.99
17;2025-12-10;7;4207.75
17;2025-12-10;8;5500.16
17;2025-12-10;9;3874.96
17;2025-12-10;10;3012.21
17;2025-12-10;11;2964.71
17;2025-12-10;12;2999.74
17;2025-12-10;13;3048.55
17;2025-12-10;14;3134.03
17;2025-12-10;15;3295.39
17;2025-12-10;16;3714.13
17;2025-12-10;17;4560.49
17;2025-12-10;18;4940.64
17;2025-12-10;19;3410.57
17;2025-12-10;20;2362.12
17;2025-12-10;21;1450.07
17;2025-12-10;22;746.81
17;2025-12-10;23;351.5
17;2025-12-11;0;110.63
17;2025-12-11;1;11.63
17;2025-12-11;2;0.0
17;2025-12-11;3;0.0
17;2025-12-11;4;26.18
17;2025-12-11;5;323.87
17;2025-12-11;6;1572.03
17;2025-12-11;7;4183.92
17;2025-12-11;8;5469.02
17;2025-12-11;9;3853.02
17;2025-12-11;10;2995.15
17;2025-12-11;11;2947.92
17;2025-12-11;12;2982.75
17;2025-12-11;13;3031.29
17;2025-12-11;14;3116.28
17;2025-12-11;15;3276.73
17;2025-12-11;16;3693.1
17;2025-12-11;17;4534.66
17;2025-12-11;18;4912.66
17;2025-12-11;19;3391.25
17;2025-12-11;20;2348.75
17;2025-12-11;21;1441.85
17;2025-12-11;22;742.58
17;2025-12-11;23;349.5
17;2025-12-12;0;129.88
17;2025-12-12;1;14.77
17;2025-12-12;2;0.0
17;2025-12-12;3;0.0
17;2025-12-12;4;25.47
17;2025-12-12;5;310.07
17;2025-12-12;6;1501.85
17;2025-12-12;7;3982.43
17;2025-12-12;8;5109.48
17;2025-12-12;9;3678.57
17;2025-12-12;10;2929.97
17;2025-12-12;11;2944.2
17;2025-12-12;12;3032.32
17;2025-12-12;13;3076.43
17;2025-12-12;14;3191.28
17;2025-12-12;15;3530.1
17;2025-12-12;16;4206.04
17;2025-12-12;17;4605.71
17;2025-12-12;18;4339.89
17;2025-12-12;19;3199.28
17;2025-12-12;20;2297.31
17;2025-12-12;21;1550.54
17;2025-12-12;22;833.71
17;2025-12-12;23;450.6
17;2025-12-13;0;188.96
17;2025-12-13;1;24.38
17;2025-12-13;2;0.0
17;2025-12-13;3;0.0
17;2025-12-13;4;4.76
17;2025-12-13;5;119.33
17;2025-12-13;6;540.3
17;2025-12-13;7;1143.63
17;2025-12-13;8;1663.68
17;2025-12-13;9;2123.53
17;2025-12-13;10;2365.73
17;2025-12-13;11;2848.14
17;2025-12-13;12;3205.08
17;2025-12-13;13;3388.99
17;2025-12-13;14;3410.79
17;2025-12-13;15;3434.5
17;2025-12-13;16;3460.37
17;2025-12-13;17;3290.81
17;2025-12-13;18;2930.05
17;2025-12-13;19;2350.63
17;2025-12-13;20;1779.21
17;2025-12-13;21;1315.21
17;2025-12-13;22;831.08
17;2025-12-13;23;420.18
17;2025-12-14;0;173.8
17;2025-12-14;1;23.04
17;2025-12-14;2;0.0
17;2025-12-14;3;0.0
17;2025-12-14;4;3.22
17;2025-12-14;5;102.19
17;2025-12-14;6;416.64
17;2025-12-14;7;774.36
17;2025-12-14;8;1214.54
17;2025-12-14;9;1633.48
17;2025-12-14;10;1955.01
17;2025-12-14;11;2474.68
17;2025-12-14;12;2843.64
17;2025-12-14;13;3071.44
17;2025-12-14;14;3177.89
17;2025-12-14;15;3147.33
17;2025-12-14;16;3090.91
17;2025-12-14;17;2946.56
17;2025-12-14;18;2539.0
17;2025-12-14;19;2061.21
17;2025-12-14;20;1521.62
17;2025-12-14;21;1114.31
17;2025-12-14;22;697.03
17;2025-12-14;23;305.68
17;2025-12-15;0;107.58
17;2025-12-15;1;11.31
17;2025-12-15;2;0.0
17;2025-12-15;3;0.0
17;2025-12-15;4;25.45
17;2025-12-15;5;314.94
17;2025-12-15;6;1528.69
17;2025-12-15;7;4068.55
17;2025-12-15;8;5318.21
17;2025-12-15;9;3746.77
17;2025-12-15;10;2912.56
17;2025-12-15;11;2866.63
17;2025-12-15;12;2900.5
17;2025-12-15;13;2947.7
17;2025-12-15;14;3030.35
17;2025-12-15;15;3186.37
17;2025-12-15;16;3591.26
17;2025-12-15;17;4409.62
17;2025-12-15;18;4777.19
17;2025-12-15;19;3297.74
17;2025-12-15;20;2283.98
17;2025-12-15;21;1402.1
17;2025-12-15;22;722.1
17;2025-12-15;23;339.87
17;2025-12-16;0;110.77
17;2025-12-16;1;11.64
17;2025-12-16;2;0.0
17;2025-12-16;3;0.0
17;2025-12-16;4;26.21
17;2025-12-16;5;324.29
17;2025-12-16;6;1574.06
17;2025-12-16;7;4189.31
17;2025-12-16;8;5476.07
17;2025-12-16;9;3857.99
17;2025-12-16;10;2999.01
17;2025-12-16;11;2951.72
17;2025-12-16;12;2986.6
17;2025-12-16;13;3035.2
17;2025-12-16;14;3120.3
17;2025-12-16;15;3280.95
17;2025-12-16;16;3697.86
17;2025-12-16;17;4540.51
17;2025-12-16;18;4919.0
17;2025-12-16;19;3395.63
17;2025-12-16;20;2351.78
17;2025-12-16;21;1443.71
17;2025-12-16;22;743.54
17;2025-12-16;23;349.96
17;2025-12-17;0;111.62
17;2025-12-17;1;11.73
17;2025-12-17;2;0.0
17;2025-12-17;3;0.0
17;2025-12-17;4;26.41
17;2025-12-17;5;326.76
17;2025-12-17;6;1586.05
17;2025-12-17;7;4221.23
17;2025-12-17;8;5517.79
17;2025-12-17;9;3887.38
17;2025-12-17;10;3021.86
17;2025-12-17;11;2974.21
17;2025-12-17;12;3009.35
17;2025-12-17;13;3058.33
17;2025-12-17;14;3144.08
17;2025-12-17;15;3305.95
17;2025-12-17;16;3726.03
17;2025-12-17;17;4575.1
17;2025-12-17;18;4956.47
17;2025-12-17;19;3421.5
17;2025-12-17;20;2369.69
17;2025-12-17;21;1454.71
17;2025-12-17;22;749.2
17;2025-12-17;23;352.62
17;2025-12-18;0;112.5
17;2025-12-18;1;11.83
17;2025-12-18;2;0.0
17;2025-12-18;3;0.0
17;2025-12-18;4;26.62
17;2025-12-18;5;329.36
17;2025-12-18;6;1598.67
17;2025-12-18;7;4254.8
17;2025-12-18;8;5561.67
17;2025-12-18;9;3918.29
17;2025-12-18;10;3045.89
17;2025-12-18;11;2997.86
17;2025-12-18;12;3033.28
17;2025-12-18;13;3082.65
17;2025-12-18;14;3169.08
17;2025-12-18;15;3332.24
17;2025-12-18;16;3755.66
17;2025-12-18;17;4611.49
17;2025-12-18;18;4995.89
17;2025-12-18;19;3448.71
17;2025-12-18;20;2388.54
17;2025-12-18;21;1466.28
17;2025-12-18;22;755.16
17;2025-12-18;23;355.43
17;2025-12-19;0;131.6
17;2025-12-19;1;14.97
17;2025-12-19;2;0.0
17;2025-12-19;3;0.0
17;2025-12-19;4;25.81
17;2025-12-19;5;314.19
17;2025-12-19;6;1521.8
17;2025-12-19;7;4035.34
17;2025-12-19;8;5177.37
17;2025-12-19;9;3727.45
17;2025-12-19;10;2968.9
17;2025-12-19;11;2983.32
17;2025-12-19;12;3072.61
17;2025-12-19;13;3117.31
17;2025-12-19;14;3233.68
17;2025-12-19;15;3577.01
17;2025-12-19;16;4261.93
17;2025-12-19;17;4666.91
17;2025-12-19;18;4397.56
17;2025-12-19;19;3241.79
17;2025-12-19;20;2327.84
17;2025-12-19;21;1571.14
17;2025-12-19;22;844.79
17;2025-12-19;23;456.59
17;2025-12-20;0;189.27
17;2025-12-20;1;24.42
17;2025-12-20;2;0.0
17;2025-12-20;3;0.0
17;2025-12-20;4;4.77
17;2025-12-20;5;119.52
17;2025-12-20;6;541.17
17;2025-12-20;7;1145.46
17;2025-12-20;8;1666.34
17;2025-12-20;9;2126.93
17;2025-12-20;10;2369.52
17;2025-12-20;11;2852.7
17;2025-12-20;12;3210.21
17;2025-12-20;13;3394.42
17;2025-12-20;14;3416.25
17;2025-12-20;15;3440.0
17;2025-12-20;16;3465.91
17;2025-12-20;17;3296.08
17;2025-12-20;18;2934.74
17;2025-12-20;19;2354.39
17;2025-12-20;20;1782.06
17;2025-12-20;21;1317.32
17;2025-12-20;22;832.41
17;2025-12-20;23;420.85
17;2025-12-21;0;173.53
17;2025-12-21;1;23.0
17;2025-12-21;2;0.0
17;2025-12-21;3;0.0
17;2025-12-21;4;3.21
17;2025-12-21;5;102.03
17;2025-12-21;6;415.97
17;2025-12-21;7;773.12
17;2025-12-21;8;1212.6
17;2025-12-21;9;1630.87
17;2025-12-21;10;1951.88
17;2025-12-21;11;2470.73
17;2025-12-21;12;2839.09
17;2025-12-21;13;3066.53
17;2025-12-21;14;3172.81
17;2025-12-21;15;3142.3
17;2025-12-21;16;3085.97
17;2025-12-21;17;2941.85
17;2025-12-21;18;2534.94
17;2025-12-21;19;2057.91
17;2025-12-21;20;1519.19
17;2025-12-21;21;1112.53
17;2025-12-21;22;695.91
17;2025-12-21;23;305.19
17;2025-12-22;0;105.09
17;2025-12-22;1;11.05
17;2025-12-22;2;0.0
17;2025-12-22;3;0.0
17;2025-12-22;4;24.87
17;2025-12-22;5;307.65
17;2025-12-22;6;1493.33
17;2025-12-22;7;3974.44
17;2025-12-22;8;5195.19
17;2025-12-22;9;3660.1
17;2025-12-22;10;2845.19
17;2025-12-22;11;2800.32
17;2025-12-22;12;2833.41
17;2025-12-22;13;2879.52
17;2025-12-22;14;2960.26
17;2025-12-22;15;3112.67
17;2025-12-22;16;3508.19
17;2025-12-22;17;4307.62
17;2025-12-22;18;4666.69
17;2025-12-22;19;3221.46
17;2025-12-22;20;2231.15
17;2025-12-22;21;1369.66
17;2025-12-22;22;705.4
17;2025-12-22;23;332.01
17;2025-12-23;0;109.17
17;2025-12-23;1;11.47
17;2025-12-23;2;0.0
17;2025-12-23;3;0.0
17;2025-12-23;4;25.83
17;2025-12-23;5;319.59
17;2025-12-23;6;1551.24
17;2025-12-23;7;4128.58
17;2025-12-23;8;5396.69
17;2025-12-23;9;3802.06
17;2025-12-23;10;2955.54
17;2025-12-23;11;2908.93
17;2025-12-23;12;2943.3
17;2025-12-23;13;2991.2
17;2025-12-23;14;3075.07
17;2025-12-23;15;3233.39
17;2025-12-23;16;3644.25
17;2025-12-23;17;4474.69
17;2025-12-23;18;4847.69
17;2025-12-23;19;3346.4
17;2025-12-23;20;2317.68
17;2025-12-23;21;1422.79
17;2025-12-23;22;732.76
17;2025-12-23;23;344.88
17;2025-12-24;0;109.12
17;2025-12-24;1;11.47
17;2025-12-24;2;0.0
17;2025-12-24;3;0.0
17;2025-12-24;4;25.82
17;2025-12-24;5;319.45
17;2025-12-24;6;1550.61
17;2025-12-24;7;4126.89
17;2025-12-24;8;5394.47
17;2025-12-24;9;3800.5
17;2025-12-24;10;2954.32
17;2025-12-24;11;2907.74
17;2025-12-24;12;2942.1
17;2025-12-24;13;2989.97
17;2025-12-24;14;3073.81
17;2025-12-24;15;3232.07
17;2025-12-24;16;3642.76
17;2025-12-24;17;4472.85
17;2025-12-24;18;4845.7
17;2025-12-24;19;3345.03
17;2025-12-24;20;2316.73
17;2025-12-24;21;1422.2
17;2025-12-24;22;732.46
17;2025-12-24;23;344.74
17;2025-12-25;0;109.29
17;2025-12-25;1;11.49
17;2025-12-25;2;0.0
17;2025-12-25;3;0.0
17;2025-12-25;4;25.86
17;2025-12-25;5;319.94
17;2025-12-25;6;1552.97
17;2025-12-25;7;4133.17
17;2025-12-25;8;5402.68
17;2025-12-25;9;3806.29
17;2025-12-25;10;2958.82
17;2025-12-25;11;2912.17
17;2025-12-25;12;2946.57
17;2025-12-25;13;2994.52
17;2025-12-25;14;3078.49
17;2025-12-25;15;3236.99
17;2025-12-25;16;3648.3
17;2025-12-25;17;4479.66
17;2025-12-25;18;4853.08
17;2025-12-25;19;3350.12
17;2025-12-25;20;2320.26
17;2025-12-25;21;1424.37
17;2025-12-25;22;733.57
17;2025-12-25;23;345.27
17;2025-12-26;0;126.42
17;2025-12-26;1;14.38
17;2025-12-26;2;0.0
17;2025-12-26;3;0.0
17;2025-12-26;4;24.79
17;2025-12-26;5;301.8
17;2025-12-26;6;1461.84
17;2025-12-26;7;3876.33
17;2025-12-26;8;4973.35
17;2025-12-26;9;3580.57
17;2025-12-26;10;2851.91
17;2025-12-26;11;2865.76
17;2025-12-26;12;2951.53
17;2025-12-26;13;2994.47
17;2025-12-26;14;3106.26
17;2025-12-26;15;3436.05
17;2025-12-26;16;4093.99
17;2025-12-26;17;4483.01
17;2025-12-26;18;4224.27
17;2025-12-26;19;3114.05
17;2025-12-26;20;2236.11
17;2025-12-26;21;1509.23
17;2025-12-26;22;811.5
17;2025-12-26;23;438.59
17;2025-12-27;0;188.89
17;2025-12-27;1;24.37
17;2025-12-27;2;0.0
17;2025-12-27;3;0.0
17;2025-12-27;4;4.76
17;2025-12-27;5;119.28
17;2025-12-27;6;540.09
17;2025-12-27;7;1143.17
17;2025-12-27;8;1663.02
17;2025-12-27;9;2122.68
17;2025-12-27;10;2364.79
17;2025-12-27;11;2847.0
17;2025-12-27;12;3203.8
17;2025-12-27;13;3387.64
17;2025-12-27;14;3409.43
17;2025-12-27;15;3433.12
17;2025-12-27;16;3458.99
17;2025-12-27;17;3289.49
17;2025-12-27;18;2928.88
17;2025-12-27;19;2349.69
17;2025-12-27;20;1778.5
17;2025-12-27;21;1314.69
17;2025-12-27;22;830.75
17;2025-12-27;23;420.01
17;2025-12-28;0;172.49
17;2025-12-28;1;22.86
17;2025-12-28;2;0.0
17;2025-12-28;3;0.0
17;2025-12-28;4;3.19
17;2025-12-28;5;101.41
17;2025-12-28;6;413.48
17;2025-12-28;7;768.5
17;2025-12-28;8;1205.35
17;2025-12-28;9;1621.12
17;2025-12-28;10;1940.21
17;2025-12-28;11;2455.95
17;2025-12-28;12;2822.11
17;2025-12-28;13;3048.18
17;2025-12-28;14;3153.83
17;2025-12-28;15;3123.5
17;2025-12-28;16;3067.51
17;2025-12-28;17;2924.25
17;2025-12-28;18;2519.78
17;2025-12-28;19;2045.6
17;2025-12-28;20;1510.1
17;2025-12-28;21;1105.87
17;2025-12-28;22;691.75
17;2025-12-28;23;303.36
17;2025-12-29;0;96.2
17;2025-12-29;1;10.11
17;2025-12-29;2;0.0
17;2025-12-29;3;0.0
17;2025-12-29;4;22.76
17;2025-12-29;5;281.64
17;2025-12-29;6;1367.04
17;2025-12-29;7;3638.33
17;2025-12-29;8;4755.85
17;2025-12-29;9;3350.58
17;2025-12-29;10;2604.58
17;2025-12-29;11;2563.51
17;2025-12-29;12;2593.8
17;2025-12-29;13;2636.01
17;2025-12-29;14;2709.92
17;2025-12-29;15;2849.44
17;2025-12-29;16;3211.51
17;2025-12-29;17;3943.34
17;2025-12-29;18;4272.05
17;2025-12-29;19;2949.03
17;2025-12-29;20;2042.47
17;2025-12-29;21;1253.84
17;2025-12-29;22;645.75
17;2025-12-29;23;303.93
17;2025-12-30;0;93.37
17;2025-12-30;1;9.81
17;2025-12-30;2;0.0
17;2025-12-30;3;0.0
17;2025-12-30;4;22.09
17;2025-12-30;5;273.34
17;2025-12-30;6;1326.76
17;2025-12-30;7;3531.13
17;2025-12-30;8;4615.72
17;2025-12-30;9;3251.86
17;2025-12-30;10;2527.84
17;2025-12-30;11;2487.98
17;2025-12-30;12;2517.37
17;2025-12-30;13;2558.34
17;2025-12-30;14;2630.07
17;2025-12-30;15;2765.48
17;2025-12-30;16;3116.89
17;2025-12-30;17;3827.15
17;2025-12-30;18;4146.17
17;2025-12-30;19;2862.14
17;2025-12-30;20;1982.29
17;2025-12-30;21;1216.89
17;2025-12-30;22;626.72
17;2025-12-30;23;294.97
17;2025-12-31;0;163.42
17;2025-12-31;1;21.08
17;2025-12-31;2;0.0
17;2025-12-31;3;0.0
17;2025-12-31;4;4.12
17;2025-12-31;5;103.2
17;2025-12-31;6;467.26
17;2025-12-31;7;989.03
17;2025-12-31;8;1438.77
17;2025-12-31;9;1836.46
17;2025-12-31;10;2045.91
17;2025-12-31;11;2463.11
17;2025-12-31;12;2771.79
17;2025-12-31;13;2930.84
17;2025-12-31;14;2949.7
17;2025-12-31;15;2970.2
17;2025-12-31;16;2992.57
17;2025-12-31;17;2845.93
17;2025-12-31;18;2533.95
17;2025-12-31;19;2032.85
17;2025-12-31;20;1538.68
17;2025-12-31;21;682.45
17;2025-12-31;22;431.24
17;2025-12-31;23;218.03
25;2025-11-01;0;0.88
25;2025-11-01;1;0.0
25;2025-11-01;2;0.0
25;2025-11-01;3;0.0
25;2025-11-01;4;0.0
25;2025-11-01;5;7.75
25;2025-11-01;6;133.04
25;2025-11-01;7;298.34
25;2025-11-01;8;517.08
25;2025-11-01;9;302.34
25;2025-11-01;10;290.91
25;2025-11-01;11;339.81
25;2025-11-01;12;357.01
25;2025-11-01;13;488.05
25;2025-11-01;14;466.94
25;2025-11-01;15;568.74
25;2025-11-01;16;632.2
25;2025-11-01;17;579.14
25;2025-11-01;18;487.19
25;2025-11-01;19;401.14
25;2025-11-01;20;245.52
25;2025-11-01;21;175.45
25;2025-11-01;22;107.29
25;2025-11-01;23;25.05
25;2025-11-02;0;8.52
25;2025-11-02;1;0.09
25;2025-11-02;2;0.0
25;2025-11-02;3;0.0
25;2025-11-02;4;0.0
25;2025-11-02;5;5.27
25;2025-11-02;6;61.72
25;2025-11-02;7;93.36
25;2025-11-02;8;199.99
25;2025-11-02;9;194.06
25;2025-11-02;10;201.91
25;2025-11-02;11;267.21
25;2025-11-02;12;308.19
25;2025-11-02;13;420.19
25;2025-11-02;14;457.49
25;2025-11-02;15;532.09
25;2025-11-02;16;467.46
25;2025-11-02;17;422.08
25;2025-11-02;18;357.63
25;2025-11-02;19;283.43
25;2025-11-02;20;187.68
25;2025-11-02;21;144.63
25;2025-11-02;22;89.22
25;2025-11-02;23;35.47
25;2025-11-03;0;9.06
25;2025-11-03;1;0.1
25;2025-11-03;2;0.0
25;2025-11-03;3;0.0
25;2025-11-03;4;0.0
25;2025-11-03;5;5.6
25;2025-11-03;6;65.64
25;2025-11-03;7;99.29
25;2025-11-03;8;212.69
25;2025-11-03;9;206.38
25;2025-11-03;10;214.73
25;2025-11-03;11;284.18
25;2025-11-03;12;327.76
25;2025-11-03;13;446.87
25;2025-11-03;14;486.53
25;2025-11-03;15;565.87
25;2025-11-03;16;497.14
25;2025-11-03;17;448.88
25;2025-11-03;18;380.34
25;2025-11-03;19;301.42
25;2025-11-03;20;199.59
25;2025-11-03;21;153.81
25;2025-11-03;22;94.89
25;2025-11-03;23;37.72
25;2025-11-04;0;9.03
25;2025-11-04;1;0.1
25;2025-11-04;2;0.0
25;2025-11-04;3;0.0
25;2025-11-04;4;0.0
25;2025-11-04;5;5.58
25;2025-11-04;6;65.41
25;2025-11-04;7;98.94
25;2025-11-04;8;211.93
25;2025-11-04;9;205.64
25;2025-11-04;10;213.95
25;2025-11-04;11;283.16
25;2025-11-04;12;326.58
25;2025-11-04;13;445.26
25;2025-11-04;14;484.79
25;2025-11-04;15;563.84
25;2025-11-04;16;495.35
25;2025-11-04;17;447.27
25;2025-11-04;18;378.97
25;2025-11-04;19;300.34
25;2025-11-04;20;198.88
25;2025-11-04;21;153.26
25;2025-11-04;22;94.55
25;2025-11-04;23;37.58
25;2025-11-05;0;3.97
25;2025-11-05;1;0.28
25;2025-11-05;2;0.0
25;2025-11-05;3;0.0
25;2025-11-05;4;0.0
25;2025-11-05;5;9.85
25;2025-11-05;6;209.75
25;2025-11-05;7;568.26
25;2025-11-05;8;966.9
25;2025-11-05;9;496.15
25;2025-11-05;10;378.38
25;2025-11-05;11;432.16
25;2025-11-05;12;417.52
25;2025-11-05;13;536.36
25;2025-11-05;14;478.91
25;2025-11-05;15;550.17
25;2025-11-05;16;697.62
25;2025-11-05;17;783.11
25;2025-11-05;18;814.85
25;2025-11-05;19;558.92
25;2025-11-05;20;319.95
25;2025-11-05;21;213.46
25;2025-11-05;22;115.05
25;2025-11-05;23;10.37
25;2025-11-06;0;3.97
25;2025-11-06;1;0.28
25;2025-11-06;2;0.0
25;2025-11-06;3;0.0
25;2025-11-06;4;0.0
25;2025-11-06;5;9.87
25;2025-11-06;6;210.15
25;2025-11-06;7;569.35
25;2025-11-06;8;968.76
25;2025-11-06;9;497.11
25;2025-11-06;10;379.11
25;2025-11-06;11;432.99
25;2025-11-06;12;418.32
25;2025-11-06;13;537.39
25;2025-11-06;14;479.84
25;2025-11-06;15;551.23
25;2025-11-06;16;698.96
25;2025-11-06;17;784.62
25;2025-11-06;18;816.42
25;2025-11-06;19;559.99
25;2025-11-06;20;320.57
25;2025-11-06;21;213.87
25;2025-11-06;22;115.27
25;2025-11-06;23;10.39
25;2025-11-07;0;0.5
25;2025-11-07;1;0.0
25;2025-11-07;2;0.0
25;2025-11-07;3;0.0
25;2025-11-07;4;0.0
25;2025-11-07;5;9.86
25;2025-11-07;6;214.91
25;2025-11-07;7;539.9
25;2025-11-07;8;865.85
25;2025-11-07;9;419.65
25;2025-11-07;10;391.53
25;2025-11-07;11;429.8
25;2025-11-07;12;429.19
25;2025-11-07;13;547.59
25;2025-11-07;14;503.91
25;2025-11-07;15;634.22
25;2025-11-07;16;821.18
25;2025-11-07;17;800.72
25;2025-11-07;18;656.32
25;2025-11-07;19;536.08
25;2025-11-07;20;315.74
25;2025-11-07;21;220.0
25;2025-11-07;22;129.7
25;2025-11-07;23;11.74
25;2025-11-08;0;1.67
25;2025-11-08;1;0.0
25;2025-11-08;2;0.0
25;2025-11-08;3;0.0
25;2025-11-08;4;0.0
25;2025-11-08;5;8.34
25;2025-11-08;6;90.09
25;2025-11-08;7;134.84
25;2025-11-08;8;314.75
25;2025-11-08;9;284.41
25;2025-11-08;10;287.88
25;2025-11-08;11;368.19
25;2025-11-08;12;412.73
25;2025-11-08;13;609.59
25;2025-11-08;14;606.39
25;2025-11-08;15;714.9
25;2025-11-08;16;659.99
25;2025-11-08;17;548.45
25;2025-11-08;18;481.39
25;2025-11-08;19;401.36
25;2025-11-08;20;259.99
25;2025-11-08;21;192.31
25;2025-11-08;22;123.22
25;2025-11-08;23;50.25
25;2025-11-09;0;17.99
25;2025-11-09;1;0.21
25;2025-11-09;2;0.0
25;2025-11-09;3;0.0
25;2025-11-09;4;0.0
25;2025-11-09;5;5.12
25;2025-11-09;6;66.27
25;2025-11-09;7;101.41
25;2025-11-09;8;195.93
25;2025-11-09;9;207.38
25;2025-11-09;10;222.37
25;2025-11-09;11;304.82
25;2025-11-09;12;361.37
25;2025-11-09;13;454.17
25;2025-11-09;14;541.6
25;2025-11-09;15;622.0
25;2025-11-09;16;520.2
25;2025-11-09;17;508.73
25;2025-11-09;18;417.33
25;2025-11-09;19;314.42
25;2025-11-09;20;212.96
25;2025-11-09;21;170.72
25;2025-11-09;22;101.55
25;2025-11-09;23;39.32
25;2025-11-10;0;3.83
25;2025-11-10;1;0.27
25;2025-11-10;2;0.0
25;2025-11-10;3;0.0
25;2025-11-10;4;0.0
25;2025-11-10;5;9.5
25;2025-11-10;6;202.24
25;2025-11-10;7;547.92
25;2025-11-10;8;932.3
25;2025-11-10;9;478.4
25;2025-11-10;10;364.84
25;2025-11-10;11;416.69
25;2025-11-10;12;402.58
25;2025-11-10;13;517.17
25;2025-11-10;14;461.78
25;2025-11-10;15;530.49
25;2025-11-10;16;672.66
25;2025-11-10;17;755.09
25;2025-11-10;18;785.69
25;2025-11-10;19;538.92
25;2025-11-10;20;308.5
25;2025-11-10;21;205.82
25;2025-11-10;22;110.93
25;2025-11-10;23;10.0
25;2025-11-11;0;3.96
25;2025-11-11;1;0.28
25;2025-11-11;2;0.0
25;2025-11-11;3;0.0
25;2025-11-11;4;0.0
25;2025-11-11;5;9.84
25;2025-11-11;6;209.33
25;2025-11-11;7;567.13
25;2025-11-11;8;964.98
25;2025-11-11;9;495.17
25;2025-11-11;10;377.63
25;2025-11-11;11;431.3
25;2025-11-11;12;416.69
25;2025-11-11;13;535.29
25;2025-11-11;14;477.96
25;2025-11-11;15;549.08
25;2025-11-11;16;696.23
25;2025-11-11;17;781.55
25;2025-11-11;18;813.23
25;2025-11-11;19;557.81
25;2025-11-11;20;319.32
25;2025-11-11;21;213.03
25;2025-11-11;22;114.82
25;2025-11-11;23;10.35
25;2025-11-12;0;3.95
25;2025-11-12;1;0.28
25;2025-11-12;2;0.0
25;2025-11-12;3;0.0
25;2025-11-12;4;0.0
25;2025-11-12;5;9.82
25;2025-11-12;6;208.91
25;2025-11-12;7;565.99
25;2025-11-12;8;963.04
25;2025-11-12;9;494.17
25;2025-11-12;10;376.87
25;2025-11-12;11;430.43
25;2025-11-12;12;415.85
25;2025-11-12;13;534.22
25;2025-11-12;14;477.0
25;2025-11-12;15;547.98
25;2025-11-12;16;694.84
25;2025-11-12;17;779.98
25;2025-11-12;18;811.6
25;2025-11-12;19;556.69
25;2025-11-12;20;318.67
25;2025-11-12;21;212.61
25;2025-11-12;22;114.59
25;2025-11-12;23;10.33
25;2025-11-13;0;4.0
25;2025-11-13;1;0.28
25;2025-11-13;2;0.0
25;2025-11-13;3;0.0
25;2025-11-13;4;0.0
25;2025-11-13;5;9.93
25;2025-11-13;6;211.33
25;2025-11-13;7;572.55
25;2025-11-13;8;974.2
25;2025-11-13;9;499.9
25;2025-11-13;10;381.24
25;2025-11-13;11;435.42
25;2025-11-13;12;420.67
25;2025-11-13;13;540.41
25;2025-11-13;14;482.53
25;2025-11-13;15;554.33
25;2025-11-13;16;702.89
25;2025-11-13;17;789.02
25;2025-11-13;18;821.0
25;2025-11-13;19;563.14
25;2025-11-13;20;322.37
25;2025-11-13;21;215.07
25;2025-11-13;22;115.92
25;2025-11-13;23;10.45
25;2025-11-14;0;0.5
25;2025-11-14;1;0.0
25;2025-11-14;2;0.0
25;2025-11-14;3;0.0
25;2025-11-14;4;0.0
25;2025-11-14;5;9.86
25;2025-11-14;6;215.0
25;2025-11-14;7;540.12
25;2025-11-14;8;866.2
25;2025-11-14;9;419.82
25;2025-11-14;10;391.69
25;2025-11-14;11;429.97
25;2025-11-14;12;429.36
25;2025-11-14;13;547.81
25;2025-11-14;14;504.11
25;2025-11-14;15;634.47
25;2025-11-14;16;821.51
25;2025-11-14;17;801.04
25;2025-11-14;18;656.58
25;2025-11-14;19;536.3
25;2025-11-14;20;315.87
25;2025-11-14;21;220.08
25;2025-11-14;22;129.75
25;2025-11-14;23;11.74
25;2025-11-15;0;1.63
25;2025-11-15;1;0.0
25;2025-11-15;2;0.0
25;2025-11-15;3;0.0
25;2025-11-15;4;0.0
25;2025-11-15;5;8.13
25;2025-11-15;6;87.85
25;2025-11-15;7;131.49
25;2025-11-15;8;306.92
25;2025-11-15;9;277.33
25;2025-11-15;10;280.72
25;2025-11-15;11;359.02
25;2025-11-15;12;402.46
25;2025-11-15;13;594.42
25;2025-11-15;14;591.3
25;2025-11-15;15;697.11
25;2025-11-15;16;643.57
25;2025-11-15;17;534.8
25;2025-11-15;18;469.41
25;2025-11-15;19;391.38
25;2025-11-15;20;253.52
25;2025-11-15;21;187.52
25;2025-11-15;22;120.16
25;2025-11-15;23;49.0
25;2025-11-16;0;17.99
25;2025-11-16;1;0.21
25;2025-11-16;2;0.0
25;2025-11-16;3;0.0
25;2025-11-16;4;0.0
25;2025-11-16;5;5.12
25;2025-11-16;6;66.27
25;2025-11-16;7;101.41
25;2025-11-16;8;195.93
25;2025-11-16;9;207.38
25;2025-11-16;10;222.37
25;2025-11-16;11;304.82
25;2025-11-16;12;361.37
25;2025-11-16;13;454.17
25;2025-11-16;14;541.6
25;2025-11-16;15;622.0
25;2025-11-16;16;520.2
25;2025-11-16;17;508.73
25;2025-11-16;18;417.33
25;2025-11-16;19;314.42
25;2025-11-16;20;212.96
25;2025-11-16;21;170.72
25;2025-11-16;22;101.55
25;2025-11-16;23;39.32
25;2025-11-17;0;3.78
25;2025-11-17;1;0.27
25;2025-11-17;2;0.0
25;2025-11-17;3;0.0
25;2025-11-17;4;0.0
25;2025-11-17;5;9.39
25;2025-11-17;6;199.91
25;2025-11-17;7;541.6
25;2025-11-17;8;921.55
25;2025-11-17;9;472.88
25;2025-11-17;10;360.63
25;2025-11-17;11;411.89
25;2025-11-17;12;397.93
25;2025-11-17;13;511.2
25;2025-11-17;14;456.45
25;2025-11-17;15;524.37
25;2025-11-17;16;664.9
25;2025-11-17;17;746.38
25;2025-11-17;18;776.63
25;2025-11-17;19;532.7
25;2025-11-17;20;304.94
25;2025-11-17;21;203.45
25;2025-11-17;22;109.65
25;2025-11-17;23;9.89
25;2025-11-18;0;3.89
25;2025-11-18;1;0.27
25;2025-11-18;2;0.0
25;2025-11-18;3;0.0
25;2025-11-18;4;0.0
25;2025-11-18;5;9.65
25;2025-11-18;6;205.43
25;2025-11-18;7;556.56
25;2025-11-18;8;947.01
25;2025-11-18;9;485.94
25;2025-11-18;10;370.59
25;2025-11-18;11;423.27
25;2025-11-18;12;408.93
25;2025-11-18;13;525.32
25;2025-11-18;14;469.06
25;2025-11-18;15;538.85
25;2025-11-18;16;683.27
25;2025-11-18;17;767.0
25;2025-11-18;18;798.08
25;2025-11-18;19;547.42
25;2025-11-18;20;313.37
25;2025-11-18;21;209.07
25;2025-11-18;22;112.68
25;2025-11-18;23;10.16
25;2025-11-19;0;3.97
25;2025-11-19;1;0.28
25;2025-11-19;2;0.0
25;2025-11-19;3;0.0
25;2025-11-19;4;0.0
25;2025-11-19;5;9.85
25;2025-11-19;6;209.75
25;2025-11-19;7;568.26
25;2025-11-19;8;966.9
25;2025-11-19;9;496.15
25;2025-11-19;10;378.38
25;2025-11-19;11;432.16
25;2025-11-19;12;417.52
25;2025-11-19;13;536.36
25;2025-11-19;14;478.91
25;2025-11-19;15;550.17
25;2025-11-19;16;697.62
25;2025-11-19;17;783.11
25;2025-11-19;18;814.85
25;2025-11-19;19;558.92
25;2025-11-19;20;319.95
25;2025-11-19;21;213.46
25;2025-11-19;22;115.05
25;2025-11-19;23;10.37
25;2025-11-20;0;4.0
25;2025-11-20;1;0.28
25;2025-11-20;2;0.0
25;2025-11-20;3;0.0
25;2025-11-20;4;0.0
25;2025-11-20;5;9.93
25;2025-11-20;6;211.41
25;2025-11-20;7;572.77
25;2025-11-20;8;974.59
25;2025-11-20;9;500.1
25;2025-11-20;10;381.39
25;2025-11-20;11;435.6
25;2025-11-20;12;420.84
25;2025-11-20;13;540.63
25;2025-11-20;14;482.72
25;2025-11-20;15;554.55
25;2025-11-20;16;703.17
25;2025-11-20;17;789.34
25;2025-11-20;18;821.33
25;2025-11-20;19;563.36
25;2025-11-20;20;322.5
25;2025-11-20;21;215.15
25;2025-11-20;22;115.96
25;2025-11-20;23;10.45
25;2025-11-21;0;0.5
25;2025-11-21;1;0.0
25;2025-11-21;2;0.0
25;2025-11-21;3;0.0
25;2025-11-21;4;0.0
25;2025-11-21;5;9.87
25;2025-11-21;6;215.08
25;2025-11-21;7;540.34
25;2025-11-21;8;866.55
25;2025-11-21;9;419.99
25;2025-11-21;10;391.84
25;2025-11-21;11;430.15
25;2025-11-21;12;429.53
25;2025-11-21;13;548.03
25;2025-11-21;14;504.31
25;2025-11-21;15;634.73
25;2025-11-21;16;821.84
25;2025-11-21;17;801.36
25;2025-11-21;18;656.84
25;2025-11-21;19;536.51
25;2025-11-21;20;316.0
25;2025-11-21;21;220.17
25;2025-11-21;22;129.8
25;2025-11-21;23;11.75
25;2025-11-22;0;1.66
25;2025-11-22;1;0.0
25;2025-11-22;2;0.0
25;2025-11-22;3;0.0
25;2025-11-22;4;0.0
25;2025-11-22;5;8.29
25;2025-11-22;6;89.51
25;2025-11-22;7;133.98
25;2025-11-22;8;312.74
25;2025-11-22;9;282.6
25;2025-11-22;10;286.05
25;2025-11-22;11;365.84
25;2025-11-22;12;410.09
25;2025-11-22;13;605.7
25;2025-11-22;14;602.52
25;2025-11-22;15;710.34
25;2025-11-22;16;655.78
25;2025-11-22;17;544.95
25;2025-11-22;18;478.32
25;2025-11-22;19;398.8
25;2025-11-22;20;258.33
25;2025-11-22;21;191.08
25;2025-11-22;22;122.44
25;2025-11-22;23;49.93
25;2025-11-23;0;17.99
25;2025-11-23;1;0.21
25;2025-11-23;2;0.0
25;2025-11-23;3;0.0
25;2025-11-23;4;0.0
25;2025-11-23;5;5.12
25;2025-11-23;6;66.27
25;2025-11-23;7;101.41
25;2025-11-23;8;195.93
25;2025-11-23;9;207.38
25;2025-11-23;10;222.37
25;2025-11-23;11;304.82
25;2025-11-23;12;361.37
25;2025-11-23;13;454.17
25;2025-11-23;14;541.6
25;2025-11-23;15;622.0
25;2025-11-23;16;520.2
25;2025-11-23;17;508.73
25;2025-11-23;18;417.33
25;2025-11-23;19;314.42
25;2025-11-23;20;212.96
25;2025-11-23;21;170.72
25;2025-11-23;22;101.55
25;2025-11-23;23;39.32
25;2025-11-24;0;3.76
25;2025-11-24;1;0.27
25;2025-11-24;2;0.0
25;2025-11-24;3;0.0
25;2025-11-24;4;0.0
25;2025-11-24;5;9.34
25;2025-11-24;6;198.87
25;2025-11-24;7;538.79
25;2025-11-24;8;916.77
25;2025-11-24;9;470.43
25;2025-11-24;10;358.76
25;2025-11-24;11;409.75
25;2025-11-24;12;395.87
25;2025-11-24;13;508.55
25;2025-11-24;14;454.08
25;2025-11-24;15;521.65
25;2025-11-24;16;661.45
25;2025-11-24;17;742.51
25;2025-11-24;18;772.6
25;2025-11-24;19;529.94
25;2025-11-24;20;303.36
25;2025-11-24;21;202.39
25;2025-11-24;22;109.08
25;2025-11-24;23;9.83
25;2025-11-25;0;3.96
25;2025-11-25;1;0.28
25;2025-11-25;2;0.0
25;2025-11-25;3;0.0
25;2025-11-25;4;0.0
25;2025-11-25;5;9.84
25;2025-11-25;6;209.33
25;2025-11-25;7;567.13
25;2025-11-25;8;964.98
25;2025-11-25;9;495.17
25;2025-11-25;10;377.63
25;2025-11-25;11;431.3
25;2025-11-25;12;416.69
25;2025-11-25;13;535.29
25;2025-11-25;14;477.96
25;2025-11-25;15;549.08
25;2025-11-25;16;696.23
25;2025-11-25;17;781.55
25;2025-11-25;18;813.23
25;2025-11-25;19;557.81
25;2025-11-25;20;319.32
25;2025-11-25;21;213.03
25;2025-11-25;22;114.82
25;2025-11-25;23;10.35
25;2025-11-26;0;3.89
25;2025-11-26;1;0.28
25;2025-11-26;2;0.0
25;2025-11-26;3;0.0
25;2025-11-26;4;0.0
25;2025-11-26;5;9.67
25;2025-11-26;6;205.76
25;2025-11-26;7;557.45
25;2025-11-26;8;948.52
25;2025-11-26;9;486.72
25;2025-11-26;10;371.18
25;2025-11-26;11;423.94
25;2025-11-26;12;409.58
25;2025-11-26;13;526.16
25;2025-11-26;14;469.81
25;2025-11-26;15;539.71
25;2025-11-26;16;684.35
25;2025-11-26;17;768.22
25;2025-11-26;18;799.35
25;2025-11-26;19;548.29
25;2025-11-26;20;313.87
25;2025-11-26;21;209.4
25;2025-11-26;22;112.86
25;2025-11-26;23;10.17
25;2025-11-27;0;3.93
25;2025-11-27;1;0.28
25;2025-11-27;2;0.0
25;2025-11-27;3;0.0
25;2025-11-27;4;0.0
25;2025-11-27;5;9.76
25;2025-11-27;6;207.64
25;2025-11-27;7;562.56
25;2025-11-27;8;957.21
25;2025-11-27;9;491.18
25;2025-11-27;10;374.59
25;2025-11-27;11;427.82
25;2025-11-27;12;413.33
25;2025-11-27;13;530.98
25;2025-11-27;14;474.11
25;2025-11-27;15;544.66
25;2025-11-27;16;690.62
25;2025-11-27;17;775.26
25;2025-11-27;18;806.68
25;2025-11-27;19;553.31
25;2025-11-27;20;316.74
25;2025-11-27;21;211.32
25;2025-11-27;22;113.89
25;2025-11-27;23;10.27
25;2025-11-28;0;0.5
25;2025-11-28;1;0.0
25;2025-11-28;2;0.0
25;2025-11-28;3;0.0
25;2025-11-28;4;0.0
25;2025-11-28;5;9.88
25;2025-11-28;6;215.34
25;2025-11-28;7;540.99
25;2025-11-28;8;867.59
25;2025-11-28;9;420.49
25;2025-11-28;10;392.31
25;2025-11-28;11;430.66
25;2025-11-28;12;430.05
25;2025-11-28;13;548.69
25;2025-11-28;14;504.92
25;2025-11-28;15;635.49
25;2025-11-28;16;822.82
25;2025-11-28;17;802.32
25;2025-11-28;18;657.63
25;2025-11-28;19;537.16
25;2025-11-28;20;316.37
25;2025-11-28;21;220.44
25;2025-11-28;22;129.96
25;2025-11-28;23;11.76
25;2025-11-29;0;1.67
25;2025-11-29;1;0.0
25;2025-11-29;2;0.0
25;2025-11-29;3;0.0
25;2025-11-29;4;0.0
25;2025-11-29;5;8.34
25;2025-11-29;6;90.09
25;2025-11-29;7;134.84
25;2025-11-29;8;314.75
25;2025-11-29;9;284.41
25;2025-11-29;10;287.88
25;2025-11-29;11;368.19
25;2025-11-29;12;412.73
25;2025-11-29;13;609.59
25;2025-11-29;14;606.39
25;2025-11-29;15;714.9
25;2025-11-29;16;659.99
25;2025-11-29;17;548.45
25;2025-11-29;18;481.39
25;2025-11-29;19;401.36
25;2025-11-29;20;259.99
25;2025-11-29;21;192.31
25;2025-11-29;22;123.22
25;2025-11-29;23;50.25
25;2025-11-30;0;17.99
25;2025-11-30;1;0.21
25;2025-11-30;2;0.0
25;2025-11-30;3;0.0
25;2025-11-30;4;0.0
25;2025-11-30;5;5.12
25;2025-11-30;6;66.27
25;2025-11-30;7;101.41
25;2025-11-30;8;195.93
25;2025-11-30;9;207.38
25;2025-11-30;10;222.37
25;2025-11-30;11;304.82
25;2025-11-30;12;361.37
25;2025-11-30;13;454.17
25;2025-11-30;14;541.6
25;2025-11-30;15;622.0
25;2025-11-30;16;520.2
25;2025-11-30;17;508.73
25;2025-11-30;18;417.33
25;2025-11-30;19;314.42
25;2025-11-30;20;212.96
25;2025-11-30;21;170.72
25;2025-11-30;22;101.55
25;2025-11-30;23;39.32
25;2025-12-01;0;3.79
25;2025-12-01;1;0.25
25;2025-12-01;2;0.0
25;2025-12-01;3;0.0
25;2025-12-01;4;0.0
25;2025-12-01;5;8.25
25;2025-12-01;6;195.35
25;2025-12-01;7;549.71
25;2025-12-01;8;928.98
25;2025-12-01;9;479.74
25;2025-12-01;10;363.92
25;2025-12-01;11;413.86
25;2025-12-01;12;399.47
25;2025-12-01;13;509.26
25;2025-12-01;14;455.85
25;2025-12-01;15;522.87
25;2025-12-01;16;674.61
25;2025-12-01;17;753.15
25;2025-12-01;18;789.34
25;2025-12-01;19;528.73
25;2025-12-01;20;305.95
25;2025-12-01;21;201.86
25;2025-12-01;22;114.93
25;2025-12-01;23;9.97
25;2025-12-02;0;3.92
25;2025-12-02;1;0.26
25;2025-12-02;2;0.0
25;2025-12-02;3;0.0
25;2025-12-02;4;0.0
25;2025-12-02;5;8.54
25;2025-12-02;6;202.2
25;2025-12-02;7;568.98
25;2025-12-02;8;961.55
25;2025-12-02;9;496.55
25;2025-12-02;10;376.67
25;2025-12-02;11;428.37
25;2025-12-02;12;413.48
25;2025-12-02;13;527.11
25;2025-12-02;14;471.83
25;2025-12-02;15;541.2
25;2025-12-02;16;698.25
25;2025-12-02;17;779.55
25;2025-12-02;18;817.01
25;2025-12-02;19;547.27
25;2025-12-02;20;316.67
25;2025-12-02;21;208.93
25;2025-12-02;22;118.95
25;2025-12-02;23;10.32
25;2025-12-03;0;3.93
25;2025-12-03;1;0.26
25;2025-12-03;2;0.0
25;2025-12-03;3;0.0
25;2025-12-03;4;0.0
25;2025-12-03;5;8.55
25;2025-12-03;6;202.6
25;2025-12-03;7;570.11
25;2025-12-03;8;963.46
25;2025-12-03;9;497.54
25;2025-12-03;10;377.42
25;2025-12-03;11;429.22
25;2025-12-03;12;414.3
25;2025-12-03;13;528.16
25;2025-12-03;14;472.77
25;2025-12-03;15;542.28
25;2025-12-03;16;699.64
25;2025-12-03;17;781.1
25;2025-12-03;18;818.64
25;2025-12-03;19;548.36
25;2025-12-03;20;317.31
25;2025-12-03;21;209.35
25;2025-12-03;22;119.19
25;2025-12-03;23;10.34
25;2025-12-04;0;3.96
25;2025-12-04;1;0.26
25;2025-12-04;2;0.0
25;2025-12-04;3;0.0
25;2025-12-04;4;0.0
25;2025-12-04;5;8.62
25;2025-12-04;6;204.21
25;2025-12-04;7;574.64
25;2025-12-04;8;971.12
25;2025-12-04;9;501.5
25;2025-12-04;10;380.42
25;2025-12-04;11;432.64
25;2025-12-04;12;417.59
25;2025-12-04;13;532.36
25;2025-12-04;14;476.53
25;2025-12-04;15;546.59
25;2025-12-04;16;705.21
25;2025-12-04;17;787.31
25;2025-12-04;18;825.15
25;2025-12-04;19;552.72
25;2025-12-04;20;319.83
25;2025-12-04;21;211.01
25;2025-12-04;22;120.14
25;2025-12-04;23;10.42
25;2025-12-05;0;0.62
25;2025-12-05;1;0.0
25;2025-12-05;2;0.0
25;2025-12-05;3;0.0
25;2025-12-05;4;0.0
25;2025-12-05;5;8.32
25;2025-12-05;6;203.67
25;2025-12-05;7;539.26
25;2025-12-05;8;873.68
25;2025-12-05;9;422.49
25;2025-12-05;10;389.77
25;2025-12-05;11;427.1
25;2025-12-05;12;428.88
25;2025-12-05;13;545.23
25;2025-12-05;14;507.36
25;2025-12-05;15;628.39
25;2025-12-05;16;818.98
25;2025-12-05;17;801.76
25;2025-12-05;18;654.97
25;2025-12-05;19;517.73
25;2025-12-05;20;312.73
25;2025-12-05;21;218.98
25;2025-12-05;22;135.97
25;2025-12-05;23;12.37
25;2025-12-06;0;2.08
25;2025-12-06;1;0.0
25;2025-12-06;2;0.0
25;2025-12-06;3;0.0
25;2025-12-06;4;0.0
25;2025-12-06;5;6.98
25;2025-12-06;6;84.79
25;2025-12-06;7;134.78
25;2025-12-06;8;312.86
25;2025-12-06;9;280.33
25;2025-12-06;10;286.32
25;2025-12-06;11;371.1
25;2025-12-06;12;412.66
25;2025-12-06;13;599.88
25;2025-12-06;14;599.51
25;2025-12-06;15;705.6
25;2025-12-06;16;649.43
25;2025-12-06;17;541.33
25;2025-12-06;18;476.1
25;2025-12-06;19;398.44
25;2025-12-06;20;262.76
25;2025-12-06;21;195.92
25;2025-12-06;22;126.01
25;2025-12-06;23;53.26
25;2025-12-07;0;18.93
25;2025-12-07;1;0.26
25;2025-12-07;2;0.0
25;2025-12-07;3;0.0
25;2025-12-07;4;0.0
25;2025-12-07;5;4.66
25;2025-12-07;6;62.2
25;2025-12-07;7;100.25
25;2025-12-07;8;196.62
25;2025-12-07;9;207.78
25;2025-12-07;10;223.75
25;2025-12-07;11;307.14
25;2025-12-07;12;361.18
25;2025-12-07;13;448.19
25;2025-12-07;14;534.07
25;2025-12-07;15;604.35
25;2025-12-07;16;512.77
25;2025-12-07;17;493.47
25;2025-12-07;18;415.09
25;2025-12-07;19;320.2
25;2025-12-07;20;213.36
25;2025-12-07;21;176.37
25;2025-12-07;22;103.51
25;2025-12-07;23;40.14
25;2025-12-08;0;3.79
25;2025-12-08;1;0.25
25;2025-12-08;2;0.0
25;2025-12-08;3;0.0
25;2025-12-08;4;0.0
25;2025-12-08;5;8.25
25;2025-12-08;6;195.35
25;2025-12-08;7;549.71
25;2025-12-08;8;928.98
25;2025-12-08;9;479.74
25;2025-12-08;10;363.92
25;2025-12-08;11;413.86
25;2025-12-08;12;399.47
25;2025-12-08;13;509.26
25;2025-12-08;14;455.85
25;2025-12-08;15;522.87
25;2025-12-08;16;674.61
25;2025-12-08;17;753.15
25;2025-12-08;18;789.34
25;2025-12-08;19;528.73
25;2025-12-08;20;305.95
25;2025-12-08;21;201.86
25;2025-12-08;22;114.93
25;2025-12-08;23;9.97
25;2025-12-09;0;3.92
25;2025-12-09;1;0.26
25;2025-12-09;2;0.0
25;2025-12-09;3;0.0
25;2025-12-09;4;0.0
25;2025-12-09;5;8.53
25;2025-12-09;6;202.04
25;2025-12-09;7;568.52
25;2025-12-09;8;960.78
25;2025-12-09;9;496.16
25;2025-12-09;10;376.37
25;2025-12-09;11;428.03
25;2025-12-09;12;413.15
25;2025-12-09;13;526.68
25;2025-12-09;14;471.46
25;2025-12-09;15;540.77
25;2025-12-09;16;697.69
25;2025-12-09;17;778.93
25;2025-12-09;18;816.36
25;2025-12-09;19;546.83
25;2025-12-09;20;316.42
25;2025-12-09;21;208.77
25;2025-12-09;22;118.86
25;2025-12-09;23;10.31
25;2025-12-10;0;3.91
25;2025-12-10;1;0.26
25;2025-12-10;2;0.0
25;2025-12-10;3;0.0
25;2025-12-10;4;0.0
25;2025-12-10;5;8.53
25;2025-12-10;6;201.95
25;2025-12-10;7;568.29
25;2025-12-10;8;960.38
25;2025-12-10;9;495.95
25;2025-12-10;10;376.22
25;2025-12-10;11;427.85
25;2025-12-10;12;412.98
25;2025-12-10;13;526.47
25;2025-12-10;14;471.26
25;2025-12-10;15;540.55
25;2025-12-10;16;697.41
25;2025-12-10;17;778.61
25;2025-12-10;18;816.02
25;2025-12-10;19;546.6
25;2025-12-10;20;316.29
25;2025-12-10;21;208.68
25;2025-12-10;22;118.81
25;2025-12-10;23;10.31
25;2025-12-11;0;3.89
25;2025-12-11;1;0.25
25;2025-12-11;2;0.0
25;2025-12-11;3;0.0
25;2025-12-11;4;0.0
25;2025-12-11;5;8.48
25;2025-12-11;6;200.81
25;2025-12-11;7;565.07
25;2025-12-11;8;954.94
25;2025-12-11;9;493.14
25;2025-12-11;10;374.09
25;2025-12-11;11;425.43
25;2025-12-11;12;410.64
25;2025-12-11;13;523.49
25;2025-12-11;14;468.59
25;2025-12-11;15;537.49
25;2025-12-11;16;693.46
25;2025-12-11;17;774.2
25;2025-12-11;18;811.4
25;2025-12-11;19;543.51
25;2025-12-11;20;314.5
25;2025-12-11;21;207.5
25;2025-12-11;22;118.14
25;2025-12-11;23;10.25
25;2025-12-12;0;0.61
25;2025-12-12;1;0.0
25;2025-12-12;2;0.0
25;2025-12-12;3;0.0
25;2025-12-12;4;0.0
25;2025-12-12;5;8.21
25;2025-12-12;6;200.84
25;2025-12-12;7;531.76
25;2025-12-12;8;861.53
25;2025-12-12;9;416.62
25;2025-12-12;10;384.35
25;2025-12-12;11;421.16
25;2025-12-12;12;422.92
25;2025-12-12;13;537.65
25;2025-12-12;14;500.31
25;2025-12-12;15;619.65
25;2025-12-12;16;807.59
25;2025-12-12;17;790.61
25;2025-12-12;18;645.86
25;2025-12-12;19;510.53
25;2025-12-12;20;308.38
25;2025-12-12;21;215.94
25;2025-12-12;22;134.08
25;2025-12-12;23;12.2
25;2025-12-13;0;2.07
25;2025-12-13;1;0.0
25;2025-12-13;2;0.0
25;2025-12-13;3;0.0
25;2025-12-13;4;0.0
25;2025-12-13;5;6.97
25;2025-12-13;6;84.66
25;2025-12-13;7;134.57
25;2025-12-13;8;312.36
25;2025-12-13;9;279.88
25;2025-12-13;10;285.86
25;2025-12-13;11;370.5
25;2025-12-13;12;412.0
25;2025-12-13;13;598.92
25;2025-12-13;14;598.55
25;2025-12-13;15;704.47
25;2025-12-13;16;648.39
25;2025-12-13;17;540.47
25;2025-12-13;18;475.34
25;2025-12-13;19;397.81
25;2025-12-13;20;262.34
25;2025-12-13;21;195.61
25;2025-12-13;22;125.81
25;2025-12-13;23;53.18
25;2025-12-14;0;18.92
25;2025-12-14;1;0.26
25;2025-12-14;2;0.0
25;2025-12-14;3;0.0
25;2025-12-14;4;0.0
25;2025-12-14;5;4.66
25;2025-12-14;6;62.18
25;2025-12-14;7;100.21
25;2025-12-14;8;196.54
25;2025-12-14;9;207.7
25;2025-12-14;10;223.66
25;2025-12-14;11;307.01
25;2025-12-14;12;361.04
25;2025-12-14;13;448.01
25;2025-12-14;14;533.85
25;2025-12-14;15;604.11
25;2025-12-14;16;512.56
25;2025-12-14;17;493.27
25;2025-12-14;18;414.92
25;2025-12-14;19;320.08
25;2025-12-14;20;213.27
25;2025-12-14;21;176.3
25;2025-12-14;22;103.47
25;2025-12-14;23;40.13
25;2025-12-15;0;3.78
25;2025-12-15;1;0.25
25;2025-12-15;2;0.0
25;2025-12-15;3;0.0
25;2025-12-15;4;0.0
25;2025-12-15;5;8.24
25;2025-12-15;6;195.27
25;2025-12-15;7;549.49
25;2025-12-15;8;928.61
25;2025-12-15;9;479.55
25;2025-12-15;10;363.77
25;2025-12-15;11;413.7
25;2025-12-15;12;399.31
25;2025-12-15;13;509.05
25;2025-12-15;14;455.67
25;2025-12-15;15;522.67
25;2025-12-15;16;674.34
25;2025-12-15;17;752.85
25;2025-12-15;18;789.03
25;2025-12-15;19;528.52
25;2025-12-15;20;305.83
25;2025-12-15;21;201.78
25;2025-12-15;22;114.88
25;2025-12-15;23;9.97
25;2025-12-16;0;3.9
25;2025-12-16;1;0.25
25;2025-12-16;2;0.0
25;2025-12-16;3;0.0
25;2025-12-16;4;0.0
25;2025-12-16;5;8.49
25;2025-12-16;6;201.07
25;2025-12-16;7;565.8
25;2025-12-16;8;956.18
25;2025-12-16;9;493.78
25;2025-12-16;10;374.57
25;2025-12-16;11;425.98
25;2025-12-16;12;411.17
25;2025-12-16;13;524.16
25;2025-12-16;14;469.2
25;2025-12-16;15;538.18
25;2025-12-16;16;694.35
25;2025-12-16;17;775.2
25;2025-12-16;18;812.45
25;2025-12-16;19;544.21
25;2025-12-16;20;314.91
25;2025-12-16;21;207.77
25;2025-12-16;22;118.29
25;2025-12-16;23;10.26
25;2025-12-17;0;3.93
25;2025-12-17;1;0.26
25;2025-12-17;2;0.0
25;2025-12-17;3;0.0
25;2025-12-17;4;0.0
25;2025-12-17;5;8.55
25;2025-12-17;6;202.6
25;2025-12-17;7;570.11
25;2025-12-17;8;963.46
25;2025-12-17;9;497.54
25;2025-12-17;10;377.42
25;2025-12-17;11;429.22
25;2025-12-17;12;414.3
25;2025-12-17;13;528.16
25;2025-12-17;14;472.77
25;2025-12-17;15;542.28
25;2025-12-17;16;699.64
25;2025-12-17;17;781.1
25;2025-12-17;18;818.64
25;2025-12-17;19;548.36
25;2025-12-17;20;317.31
25;2025-12-17;21;209.35
25;2025-12-17;22;119.19
25;2025-12-17;23;10.34
25;2025-12-18;0;3.96
25;2025-12-18;1;0.26
25;2025-12-18;2;0.0
25;2025-12-18;3;0.0
25;2025-12-18;4;0.0
25;2025-12-18;5;8.62
25;2025-12-18;6;204.21
25;2025-12-18;7;574.64
25;2025-12-18;8;971.12
25;2025-12-18;9;501.5
25;2025-12-18;10;380.42
25;2025-12-18;11;432.64
25;2025-12-18;12;417.59
25;2025-12-18;13;532.36
25;2025-12-18;14;476.53
25;2025-12-18;15;546.59
25;2025-12-18;16;705.21
25;2025-12-18;17;787.31
25;2025-12-18;18;825.15
25;2025-12-18;19;552.72
25;2025-12-18;20;319.83
25;2025-12-18;21;211.01
25;2025-12-18;22;120.14
25;2025-12-18;23;10.42
25;2025-12-19;0;0.62
25;2025-12-19;1;0.0
25;2025-12-19;2;0.0
25;2025-12-19;3;0.0
25;2025-12-19;4;0.0
25;2025-12-19;5;8.32
25;2025-12-19;6;203.51
25;2025-12-19;7;538.83
25;2025-12-19;8;872.98
25;2025-12-19;9;422.15
25;2025-12-19;10;389.45
25;2025-12-19;11;426.76
25;2025-12-19;12;428.54
25;2025-12-19;13;544.8
25;2025-12-19;14;506.96
25;2025-12-19;15;627.89
25;2025-12-19;16;818.33
25;2025-12-19;17;801.12
25;2025-12-19;18;654.45
25;2025-12-19;19;517.32
25;2025-12-19;20;312.48
25;2025-12-19;21;218.81
25;2025-12-19;22;135.87
25;2025-12-19;23;12.36
25;2025-12-20;0;2.08
25;2025-12-20;1;0.0
25;2025-12-20;2;0.0
25;2025-12-20;3;0.0
25;2025-12-20;4;0.0
25;2025-12-20;5;6.98
25;2025-12-20;6;84.79
25;2025-12-20;7;134.78
25;2025-12-20;8;312.86
25;2025-12-20;9;280.33
25;2025-12-20;10;286.32
25;2025-12-20;11;371.1
25;2025-12-20;12;412.66
25;2025-12-20;13;599.88
25;2025-12-20;14;599.51
25;2025-12-20;15;705.6
25;2025-12-20;16;649.43
25;2025-12-20;17;541.33
25;2025-12-20;18;476.1
25;2025-12-20;19;398.44
25;2025-12-20;20;262.76
25;2025-12-20;21;195.92
25;2025-12-20;22;126.01
25;2025-12-20;23;53.26
25;2025-12-21;0;18.89
25;2025-12-21;1;0.25
25;2025-12-21;2;0.0
25;2025-12-21;3;0.0
25;2025-12-21;4;0.0
25;2025-12-21;5;4.65
25;2025-12-21;6;62.08
25;2025-12-21;7;100.05
25;2025-12-21;8;196.22
25;2025-12-21;9;207.37
25;2025-12-21;10;223.31
25;2025-12-21;11;306.52
25;2025-12-21;12;360.46
25;2025-12-21;13;447.29
25;2025-12-21;14;533.0
25;2025-12-21;15;603.14
25;2025-12-21;16;511.74
25;2025-12-21;17;492.49
25;2025-12-21;18;414.26
25;2025-12-21;19;319.56
25;2025-12-21;20;212.93
25;2025-12-21;21;176.01
25;2025-12-21;22;103.31
25;2025-12-21;23;40.06
25;2025-12-22;0;3.7
25;2025-12-22;1;0.24
25;2025-12-22;2;0.0
25;2025-12-22;3;0.0
25;2025-12-22;4;0.0
25;2025-12-22;5;8.05
25;2025-12-22;6;190.76
25;2025-12-22;7;536.78
25;2025-12-22;8;907.13
25;2025-12-22;9;468.45
25;2025-12-22;10;355.36
25;2025-12-22;11;404.13
25;2025-12-22;12;390.08
25;2025-12-22;13;497.28
25;2025-12-22;14;445.13
25;2025-12-22;15;510.58
25;2025-12-22;16;658.74
25;2025-12-22;17;735.44
25;2025-12-22;18;770.78
25;2025-12-22;19;516.3
25;2025-12-22;20;298.75
25;2025-12-22;21;197.11
25;2025-12-22;22;112.22
25;2025-12-22;23;9.74
25;2025-12-23;0;3.84
25;2025-12-23;1;0.25
25;2025-12-23;2;0.0
25;2025-12-23;3;0.0
25;2025-12-23;4;0.0
25;2025-12-23;5;8.37
25;2025-12-23;6;198.15
25;2025-12-23;7;557.6
25;2025-12-23;8;942.32
25;2025-12-23;9;486.62
25;2025-12-23;10;369.14
25;2025-12-23;11;419.8
25;2025-12-23;12;405.21
25;2025-12-23;13;516.56
25;2025-12-23;14;462.4
25;2025-12-23;15;530.38
25;2025-12-23;16;684.29
25;2025-12-23;17;763.96
25;2025-12-23;18;800.67
25;2025-12-23;19;536.32
25;2025-12-23;20;310.34
25;2025-12-23;21;204.75
25;2025-12-23;22;116.57
25;2025-12-23;23;10.11
25;2025-12-24;0;3.84
25;2025-12-24;1;0.25
25;2025-12-24;2;0.0
25;2025-12-24;3;0.0
25;2025-12-24;4;0.0
25;2025-12-24;5;8.36
25;2025-12-24;6;198.07
25;2025-12-24;7;557.37
25;2025-12-24;8;941.93
25;2025-12-24;9;486.42
25;2025-12-24;10;368.99
25;2025-12-24;11;419.63
25;2025-12-24;12;405.04
25;2025-12-24;13;516.35
25;2025-12-24;14;462.21
25;2025-12-24;15;530.16
25;2025-12-24;16;684.01
25;2025-12-24;17;763.65
25;2025-12-24;18;800.34
25;2025-12-24;19;536.1
25;2025-12-24;20;310.21
25;2025-12-24;21;204.67
25;2025-12-24;22;116.53
25;2025-12-24;23;10.11
25;2025-12-25;0;3.84
25;2025-12-25;1;0.25
25;2025-12-25;2;0.0
25;2025-12-25;3;0.0
25;2025-12-25;4;0.0
25;2025-12-25;5;8.37
25;2025-12-25;6;198.37
25;2025-12-25;7;558.22
25;2025-12-25;8;943.36
25;2025-12-25;9;487.16
25;2025-12-25;10;369.55
25;2025-12-25;11;420.27
25;2025-12-25;12;405.66
25;2025-12-25;13;517.14
25;2025-12-25;14;462.91
25;2025-12-25;15;530.97
25;2025-12-25;16;685.05
25;2025-12-25;17;764.81
25;2025-12-25;18;801.56
25;2025-12-25;19;536.92
25;2025-12-25;20;310.69
25;2025-12-25;21;204.98
25;2025-12-25;22;116.7
25;2025-12-25;23;10.12
25;2025-12-26;0;0.59
25;2025-12-26;1;0.0
25;2025-12-26;2;0.0
25;2025-12-26;3;0.0
25;2025-12-26;4;0.0
25;2025-12-26;5;7.99
25;2025-12-26;6;195.49
25;2025-12-26;7;517.6
25;2025-12-26;8;838.58
25;2025-12-26;9;405.52
25;2025-12-26;10;374.11
25;2025-12-26;11;409.94
25;2025-12-26;12;411.65
25;2025-12-26;13;523.33
25;2025-12-26;14;486.98
25;2025-12-26;15;603.15
25;2025-12-26;16;786.08
25;2025-12-26;17;769.55
25;2025-12-26;18;628.66
25;2025-12-26;19;496.93
25;2025-12-26;20;300.17
25;2025-12-26;21;210.18
25;2025-12-26;22;130.51
25;2025-12-26;23;11.88
25;2025-12-27;0;2.07
25;2025-12-27;1;0.0
25;2025-12-27;2;0.0
25;2025-12-27;3;0.0
25;2025-12-27;4;0.0
25;2025-12-27;5;6.97
25;2025-12-27;6;84.62
25;2025-12-27;7;134.51
25;2025-12-27;8;312.24
25;2025-12-27;9;279.77
25;2025-12-27;10;285.74
25;2025-12-27;11;370.36
25;2025-12-27;12;411.83
25;2025-12-27;13;598.68
25;2025-12-27;14;598.31
25;2025-12-27;15;704.19
25;2025-12-27;16;648.13
25;2025-12-27;17;540.25
25;2025-12-27;18;475.15
25;2025-12-27;19;397.65
25;2025-12-27;20;262.23
25;2025-12-27;21;195.53
25;2025-12-27;22;125.76
25;2025-12-27;23;53.16
25;2025-12-28;0;18.78
25;2025-12-28;1;0.25
25;2025-12-28;2;0.0
25;2025-12-28;3;0.0
25;2025-12-28;4;0.0
25;2025-12-28;5;4.62
25;2025-12-28;6;61.71
25;2025-12-28;7;99.45
25;2025-12-28;8;195.05
25;2025-12-28;9;206.13
25;2025-12-28;10;221.97
25;2025-12-28;11;304.69
25;2025-12-28;12;358.31
25;2025-12-28;13;444.62
25;2025-12-28;14;529.81
25;2025-12-28;15;599.54
25;2025-12-28;16;508.68
25;2025-12-28;17;489.54
25;2025-12-28;18;411.78
25;2025-12-28;19;317.65
25;2025-12-28;20;211.66
25;2025-12-28;21;174.96
25;2025-12-28;22;102.69
25;2025-12-28;23;39.82
25;2025-12-29;0;3.38
25;2025-12-29;1;0.22
25;2025-12-29;2;0.0
25;2025-12-29;3;0.0
25;2025-12-29;4;0.0
25;2025-12-29;5;7.37
25;2025-12-29;6;174.62
25;2025-12-29;7;491.38
25;2025-12-29;8;830.42
25;2025-12-29;9;428.84
25;2025-12-29;10;325.3
25;2025-12-29;11;369.95
25;2025-12-29;12;357.09
25;2025-12-29;13;455.22
25;2025-12-29;14;407.49
25;2025-12-29;15;467.4
25;2025-12-29;16;603.03
25;2025-12-29;17;673.24
25;2025-12-29;18;705.6
25;2025-12-29;19;472.64
25;2025-12-29;20;273.49
25;2025-12-29;21;180.44
25;2025-12-29;22;102.73
25;2025-12-29;23;8.91
25;2025-12-30;0;3.28
25;2025-12-30;1;0.21
25;2025-12-30;2;0.0
25;2025-12-30;3;0.0
25;2025-12-30;4;0.0
25;2025-12-30;5;7.16
25;2025-12-30;6;169.48
25;2025-12-30;7;476.91
25;2025-12-30;8;805.95
25;2025-12-30;9;416.2
25;2025-12-30;10;315.72
25;2025-12-30;11;359.05
25;2025-12-30;12;346.57
25;2025-12-30;13;441.81
25;2025-12-30;14;395.48
25;2025-12-30;15;453.63
25;2025-12-30;16;585.26
25;2025-12-30;17;653.41
25;2025-12-30;18;684.81
25;2025-12-30;19;458.71
25;2025-12-30;20;265.43
25;2025-12-30;21;175.12
25;2025-12-30;22;99.7
25;2025-12-30;23;8.65
25;2025-12-31;0;1.78
25;2025-12-31;1;0.0
25;2025-12-31;2;0.0
25;2025-12-31;3;0.0
25;2025-12-31;4;0.0
25;2025-12-31;5;5.97
25;2025-12-31;6;72.54
25;2025-12-31;7;115.31
25;2025-12-31;8;267.67
25;2025-12-31;9;239.83
25;2025-12-31;10;244.96
25;2025-12-31;11;317.49
25;2025-12-31;12;353.05
25;2025-12-31;13;513.22
25;2025-12-31;14;512.91
25;2025-12-31;15;603.67
25;2025-12-31;16;555.62
25;2025-12-31;17;463.13
25;2025-12-31;18;407.33
25;2025-12-31;19;340.89
25;2025-12-31;20;224.8
25;2025-12-31;21;100.57
25;2025-12-31;22;64.68
25;2025-12-31;23;27.34
26;2025-11-01;0;40.0
26;2025-11-01;1;3.0
26;2025-11-01;2;0.0
26;2025-11-01;3;0.0
26;2025-11-01;4;1.44
26;2025-11-01;5;65.0
26;2025-11-01;6;365.2
26;2025-11-01;7;697.57
26;2025-11-01;8;1310.1
26;2025-11-01;9;981.2
26;2025-11-01;10;978.67
26;2025-11-01;11;1014.63
26;2025-11-01;12;1037.56
26;2025-11-01;13;1075.82
26;2025-11-01;14;1132.32
26;2025-11-01;15;1129.6
26;2025-11-01;16;1271.42
26;2025-11-01;17;1264.38
26;2025-11-01;18;1110.11
26;2025-11-01;19;869.37
26;2025-11-01;20;588.05
26;2025-11-01;21;389.5
26;2025-11-01;22;202.31
26;2025-11-01;23;142.96
26;2025-11-02;0;38.42
26;2025-11-02;1;2.72
26;2025-11-02;2;0.0
26;2025-11-02;3;0.0
26;2025-11-02;4;1.22
26;2025-11-02;5;27.41
26;2025-11-02;6;153.88
26;2025-11-02;7;244.25
26;2025-11-02;8;372.52
26;2025-11-02;9;456.34
26;2025-11-02;10;526.6
26;2025-11-02;11;680.67
26;2025-11-02;12;705.49
26;2025-11-02;13;719.09
26;2025-11-02;14;729.31
26;2025-11-02;15;666.5
26;2025-11-02;16;682.3
26;2025-11-02;17;653.98
26;2025-11-02;18;633.65
26;2025-11-02;19;490.03
26;2025-11-02;20;354.58
26;2025-11-02;21;244.03
26;2025-11-02;22;154.13
26;2025-11-02;23;96.14
26;2025-11-03;0;40.64
26;2025-11-03;1;2.88
26;2025-11-03;2;0.0
26;2025-11-03;3;0.0
26;2025-11-03;4;1.29
26;2025-11-03;5;28.99
26;2025-11-03;6;162.79
26;2025-11-03;7;258.39
26;2025-11-03;8;394.08
26;2025-11-03;9;482.75
26;2025-11-03;10;557.08
26;2025-11-03;11;720.06
26;2025-11-03;12;746.32
26;2025-11-03;13;760.7
26;2025-11-03;14;771.52
26;2025-11-03;15;705.07
26;2025-11-03;16;721.78
26;2025-11-03;17;691.82
26;2025-11-03;18;670.32
26;2025-11-03;19;518.39
26;2025-11-03;20;375.1
26;2025-11-03;21;258.15
26;2025-11-03;22;163.05
26;2025-11-03;23;101.7
26;2025-11-04;0;40.49
26;2025-11-04;1;2.87
26;2025-11-04;2;0.0
26;2025-11-04;3;0.0
26;2025-11-04;4;1.28
26;2025-11-04;5;28.89
26;2025-11-04;6;162.2
26;2025-11-04;7;257.46
26;2025-11-04;8;392.67
26;2025-11-04;9;481.02
26;2025-11-04;10;555.08
26;2025-11-04;11;717.47
26;2025-11-04;12;743.64
26;2025-11-04;13;757.97
26;2025-11-04;14;768.75
26;2025-11-04;15;702.54
26;2025-11-04;16;719.19
26;2025-11-04;17;689.34
26;2025-11-04;18;667.91
26;2025-11-04;19;516.53
26;2025-11-04;20;373.75
26;2025-11-04;21;257.22
26;2025-11-04;22;162.47
26;2025-11-04;23;101.34
26;2025-11-05;0;31.88
26;2025-11-05;1;1.33
26;2025-11-05;2;0.04
26;2025-11-05;3;0.0
26;2025-11-05;4;1.61
26;2025-11-05;5;94.46
26;2025-11-05;6;498.03
26;2025-11-05;7;1149.94
26;2025-11-05;8;2270.79
26;2025-11-05;9;1497.94
26;2025-11-05;10;1241.58
26;2025-11-05;11;1119.24
26;2025-11-05;12;1158.65
26;2025-11-05;13;1192.57
26;2025-11-05;14;1293.24
26;2025-11-05;15;1387.41
26;2025-11-05;16;1524.63
26;2025-11-05;17;1744.18
26;2025-11-05;18;1970.89
26;2025-11-05;19;1310.59
26;2025-11-05;20;770.33
26;2025-11-05;21;482.49
26;2025-11-05;22;225.42
26;2025-11-05;23;120.63
26;2025-11-06;0;31.94
26;2025-11-06;1;1.33
26;2025-11-06;2;0.04
26;2025-11-06;3;0.0
26;2025-11-06;4;1.61
26;2025-11-06;5;94.64
26;2025-11-06;6;498.99
26;2025-11-06;7;1152.15
26;2025-11-06;8;2275.16
26;2025-11-06;9;1500.82
26;2025-11-06;10;1243.97
26;2025-11-06;11;1121.39
26;2025-11-06;12;1160.88
26;2025-11-06;13;1194.86
26;2025-11-06;14;1295.73
26;2025-11-06;15;1390.08
26;2025-11-06;16;1527.57
26;2025-11-06;17;1747.53
26;2025-11-06;18;1974.68
26;2025-11-06;19;1313.11
26;2025-11-06;20;771.82
26;2025-11-06;21;483.41
26;2025-11-06;22;225.86
26;2025-11-06;23;120.86
26;2025-11-07;0;31.75
26;2025-11-07;1;1.44
26;2025-11-07;2;0.0
26;2025-11-07;3;0.0
26;2025-11-07;4;0.87
26;2025-11-07;5;91.19
26;2025-11-07;6;517.67
26;2025-11-07;7;1099.98
26;2025-11-07;8;2205.25
26;2025-11-07;9;1416.6
26;2025-11-07;10;1280.53
26;2025-11-07;11;1155.09
26;2025-11-07;12;1149.66
26;2025-11-07;13;1252.64
26;2025-11-07;14;1331.79
26;2025-11-07;15;1429.57
26;2025-11-07;16;1700.67
26;2025-11-07;17;1770.86
26;2025-11-07;18;1457.27
26;2025-11-07;19;1089.44
26;2025-11-07;20;729.56
26;2025-11-07;21;480.77
26;2025-11-07;22;220.25
26;2025-11-07;23;155.12
26;2025-11-08;0;47.41
26;2025-11-08;1;2.51
26;2025-11-08;2;0.0
26;2025-11-08;3;0.0
26;2025-11-08;4;2.14
26;2025-11-08;5;47.84
26;2025-11-08;6;263.82
26;2025-11-08;7;399.68
26;2025-11-08;8;619.97
26;2025-11-08;9;684.65
26;2025-11-08;10;807.02
26;2025-11-08;11;998.36
26;2025-11-08;12;1050.48
26;2025-11-08;13;1032.43
26;2025-11-08;14;1074.11
26;2025-11-08;15;976.88
26;2025-11-08;16;1013.63
26;2025-11-08;17;933.39
26;2025-11-08;18;910.94
26;2025-11-08;19;761.96
26;2025-11-08;20;522.27
26;2025-11-08;21;348.24
26;2025-11-08;22;208.5
26;2025-11-08;23;147.81
26;2025-11-09;0;51.15
26;2025-11-09;1;4.27
26;2025-11-09;2;0.0
26;2025-11-09;3;0.0
26;2025-11-09;4;1.13
26;2025-11-09;5;25.79
26;2025-11-09;6;148.44
26;2025-11-09;7;250.17
26;2025-11-09;8;373.62
26;2025-11-09;9;514.81
26;2025-11-09;10;581.12
26;2025-11-09;11;785.31
26;2025-11-09;12;801.96
26;2025-11-09;13;846.66
26;2025-11-09;14;838.07
26;2025-11-09;15;769.51
26;2025-11-09;16;777.37
26;2025-11-09;17;774.23
26;2025-11-09;18;745.16
26;2025-11-09;19;532.37
26;2025-11-09;20;407.41
26;2025-11-09;21;288.94
26;2025-11-09;22;191.25
26;2025-11-09;23;105.72
26;2025-11-10;0;30.74
26;2025-11-10;1;1.28
26;2025-11-10;2;0.04
26;2025-11-10;3;0.0
26;2025-11-10;4;1.55
26;2025-11-10;5;91.08
26;2025-11-10;6;480.21
26;2025-11-10;7;1108.78
26;2025-11-10;8;2189.53
26;2025-11-10;9;1444.34
26;2025-11-10;10;1197.15
26;2025-11-10;11;1079.19
26;2025-11-10;12;1117.19
26;2025-11-10;13;1149.89
26;2025-11-10;14;1246.96
26;2025-11-10;15;1337.76
26;2025-11-10;16;1470.08
26;2025-11-10;17;1681.76
26;2025-11-10;18;1900.36
26;2025-11-10;19;1263.69
26;2025-11-10;20;742.77
26;2025-11-10;21;465.22
26;2025-11-10;22;217.36
26;2025-11-10;23;116.31
26;2025-11-11;0;31.81
26;2025-11-11;1;1.33
26;2025-11-11;2;0.04
26;2025-11-11;3;0.0
26;2025-11-11;4;1.6
26;2025-11-11;5;94.27
26;2025-11-11;6;497.04
26;2025-11-11;7;1147.65
26;2025-11-11;8;2266.28
26;2025-11-11;9;1494.96
26;2025-11-11;10;1239.12
26;2025-11-11;11;1117.01
26;2025-11-11;12;1156.34
26;2025-11-11;13;1190.2
26;2025-11-11;14;1290.67
26;2025-11-11;15;1384.65
26;2025-11-11;16;1521.6
26;2025-11-11;17;1740.71
26;2025-11-11;18;1966.98
26;2025-11-11;19;1307.99
26;2025-11-11;20;768.8
26;2025-11-11;21;481.53
26;2025-11-11;22;224.97
26;2025-11-11;23;120.39
26;2025-11-12;0;31.75
26;2025-11-12;1;1.32
26;2025-11-12;2;0.04
26;2025-11-12;3;0.0
26;2025-11-12;4;1.6
26;2025-11-12;5;94.08
26;2025-11-12;6;496.04
26;2025-11-12;7;1145.34
26;2025-11-12;8;2261.73
26;2025-11-12;9;1491.96
26;2025-11-12;10;1236.63
26;2025-11-12;11;1114.77
26;2025-11-12;12;1154.02
26;2025-11-12;13;1187.81
26;2025-11-12;14;1288.08
26;2025-11-12;15;1381.87
26;2025-11-12;16;1518.55
26;2025-11-12;17;1737.21
26;2025-11-12;18;1963.03
26;2025-11-12;19;1305.36
26;2025-11-12;20;767.26
26;2025-11-12;21;480.56
26;2025-11-12;22;224.52
26;2025-11-12;23;120.15
26;2025-11-13;0;32.12
26;2025-11-13;1;1.34
26;2025-11-13;2;0.04
26;2025-11-13;3;0.0
26;2025-11-13;4;1.62
26;2025-11-13;5;95.17
26;2025-11-13;6;501.79
26;2025-11-13;7;1158.62
26;2025-11-13;8;2287.94
26;2025-11-13;9;1509.25
26;2025-11-13;10;1250.96
26;2025-11-13;11;1127.69
26;2025-11-13;12;1167.4
26;2025-11-13;13;1201.57
26;2025-11-13;14;1303.0
26;2025-11-13;15;1397.88
26;2025-11-13;16;1536.14
26;2025-11-13;17;1757.34
26;2025-11-13;18;1985.77
26;2025-11-13;19;1320.49
26;2025-11-13;20;776.15
26;2025-11-13;21;486.13
26;2025-11-13;22;227.12
26;2025-11-13;23;121.54
26;2025-11-14;0;31.76
26;2025-11-14;1;1.44
26;2025-11-14;2;0.0
26;2025-11-14;3;0.0
26;2025-11-14;4;0.88
26;2025-11-14;5;91.23
26;2025-11-14;6;517.87
26;2025-11-14;7;1100.42
26;2025-11-14;8;2206.13
26;2025-11-14;9;1417.17
26;2025-11-14;10;1281.04
26;2025-11-14;11;1155.55
26;2025-11-14;12;1150.12
26;2025-11-14;13;1253.14
26;2025-11-14;14;1332.32
26;2025-11-14;15;1430.14
26;2025-11-14;16;1701.35
26;2025-11-14;17;1771.57
26;2025-11-14;18;1457.86
26;2025-11-14;19;1089.87
26;2025-11-14;20;729.85
26;2025-11-14;21;480.97
26;2025-11-14;22;220.33
26;2025-11-14;23;155.19
26;2025-11-15;0;46.23
26;2025-11-15;1;2.45
26;2025-11-15;2;0.0
26;2025-11-15;3;0.0
26;2025-11-15;4;2.08
26;2025-11-15;5;46.65
26;2025-11-15;6;257.25
26;2025-11-15;7;389.74
26;2025-11-15;8;604.54
26;2025-11-15;9;667.61
26;2025-11-15;10;786.93
26;2025-11-15;11;973.52
26;2025-11-15;12;1024.34
26;2025-11-15;13;1006.74
26;2025-11-15;14;1047.38
26;2025-11-15;15;952.57
26;2025-11-15;16;988.4
26;2025-11-15;17;910.16
26;2025-11-15;18;888.27
26;2025-11-15;19;743.0
26;2025-11-15;20;509.28
26;2025-11-15;21;339.57
26;2025-11-15;22;203.31
26;2025-11-15;23;144.14
26;2025-11-16;0;51.15
26;2025-11-16;1;4.27
26;2025-11-16;2;0.0
26;2025-11-16;3;0.0
26;2025-11-16;4;1.13
26;2025-11-16;5;25.79
26;2025-11-16;6;148.44
26;2025-11-16;7;250.17
26;2025-11-16;8;373.62
26;2025-11-16;9;514.81
26;2025-11-16;10;581.12
26;2025-11-16;11;785.31
26;2025-11-16;12;801.96
26;2025-11-16;13;846.66
26;2025-11-16;14;838.07
26;2025-11-16;15;769.51
26;2025-11-16;16;777.37
26;2025-11-16;17;774.23
26;2025-11-16;18;745.16
26;2025-11-16;19;532.37
26;2025-11-16;20;407.41
26;2025-11-16;21;288.94
26;2025-11-16;22;191.25
26;2025-11-16;23;105.72
26;2025-11-17;0;30.38
26;2025-11-17;1;1.27
26;2025-11-17;2;0.04
26;2025-11-17;3;0.0
26;2025-11-17;4;1.53
26;2025-11-17;5;90.03
26;2025-11-17;6;474.67
26;2025-11-17;7;1096.0
26;2025-11-17;8;2164.28
26;2025-11-17;9;1427.68
26;2025-11-17;10;1183.35
26;2025-11-17;11;1066.74
26;2025-11-17;12;1104.3
26;2025-11-17;13;1136.63
26;2025-11-17;14;1232.58
26;2025-11-17;15;1322.33
26;2025-11-17;16;1453.12
26;2025-11-17;17;1662.37
26;2025-11-17;18;1878.45
26;2025-11-17;19;1249.12
26;2025-11-17;20;734.2
26;2025-11-17;21;459.86
26;2025-11-17;22;214.85
26;2025-11-17;23;114.97
26;2025-11-18;0;31.22
26;2025-11-18;1;1.3
26;2025-11-18;2;0.04
26;2025-11-18;3;0.0
26;2025-11-18;4;1.57
26;2025-11-18;5;92.52
26;2025-11-18;6;487.79
26;2025-11-18;7;1126.28
26;2025-11-18;8;2224.07
26;2025-11-18;9;1467.12
26;2025-11-18;10;1216.04
26;2025-11-18;11;1096.21
26;2025-11-18;12;1134.81
26;2025-11-18;13;1168.03
26;2025-11-18;14;1266.63
26;2025-11-18;15;1358.86
26;2025-11-18;16;1493.26
26;2025-11-18;17;1708.29
26;2025-11-18;18;1930.34
26;2025-11-18;19;1283.63
26;2025-11-18;20;754.48
26;2025-11-18;21;472.56
26;2025-11-18;22;220.78
26;2025-11-18;23;118.15
26;2025-11-19;0;31.88
26;2025-11-19;1;1.33
26;2025-11-19;2;0.04
26;2025-11-19;3;0.0
26;2025-11-19;4;1.61
26;2025-11-19;5;94.46
26;2025-11-19;6;498.03
26;2025-11-19;7;1149.94
26;2025-11-19;8;2270.79
26;2025-11-19;9;1497.94
26;2025-11-19;10;1241.58
26;2025-11-19;11;1119.24
26;2025-11-19;12;1158.65
26;2025-11-19;13;1192.57
26;2025-11-19;14;1293.24
26;2025-11-19;15;1387.41
26;2025-11-19;16;1524.63
26;2025-11-19;17;1744.18
26;2025-11-19;18;1970.89
26;2025-11-19;19;1310.59
26;2025-11-19;20;770.33
26;2025-11-19;21;482.49
26;2025-11-19;22;225.42
26;2025-11-19;23;120.63
26;2025-11-20;0;32.13
26;2025-11-20;1;1.34
26;2025-11-20;2;0.04
26;2025-11-20;3;0.0
26;2025-11-20;4;1.62
26;2025-11-20;5;95.21
26;2025-11-20;6;501.99
26;2025-11-20;7;1159.08
26;2025-11-20;8;2288.85
26;2025-11-20;9;1509.85
26;2025-11-20;10;1251.46
26;2025-11-20;11;1128.14
26;2025-11-20;12;1167.86
26;2025-11-20;13;1202.05
26;2025-11-20;14;1303.52
26;2025-11-20;15;1398.44
26;2025-11-20;16;1536.76
26;2025-11-20;17;1758.05
26;2025-11-20;18;1986.57
26;2025-11-20;19;1321.01
26;2025-11-20;20;776.46
26;2025-11-20;21;486.32
26;2025-11-20;22;227.21
26;2025-11-20;23;121.59
26;2025-11-21;0;31.77
26;2025-11-21;1;1.44
26;2025-11-21;2;0.0
26;2025-11-21;3;0.0
26;2025-11-21;4;0.88
26;2025-11-21;5;91.27
26;2025-11-21;6;518.08
26;2025-11-21;7;1100.86
26;2025-11-21;8;2207.01
26;2025-11-21;9;1417.74
26;2025-11-21;10;1281.55
26;2025-11-21;11;1156.02
26;2025-11-21;12;1150.58
26;2025-11-21;13;1253.64
26;2025-11-21;14;1332.86
26;2025-11-21;15;1430.71
26;2025-11-21;16;1702.03
26;2025-11-21;17;1772.28
26;2025-11-21;18;1458.44
26;2025-11-21;19;1090.31
26;2025-11-21;20;730.15
26;2025-11-21;21;481.16
26;2025-11-21;22;220.42
26;2025-11-21;23;155.25
26;2025-11-22;0;47.11
26;2025-11-22;1;2.5
26;2025-11-22;2;0.0
26;2025-11-22;3;0.0
26;2025-11-22;4;2.12
26;2025-11-22;5;47.54
26;2025-11-22;6;262.13
26;2025-11-22;7;397.13
26;2025-11-22;8;616.01
26;2025-11-22;9;680.28
26;2025-11-22;10;801.87
26;2025-11-22;11;991.99
26;2025-11-22;12;1043.78
26;2025-11-22;13;1025.84
26;2025-11-22;14;1067.26
26;2025-11-22;15;970.65
26;2025-11-22;16;1007.16
26;2025-11-22;17;927.44
26;2025-11-22;18;905.13
26;2025-11-22;19;757.1
26;2025-11-22;20;518.94
26;2025-11-22;21;346.02
26;2025-11-22;22;207.17
26;2025-11-22;23;146.87
26;2025-11-23;0;51.15
26;2025-11-23;1;4.27
26;2025-11-23;2;0.0
26;2025-11-23;3;0.0
26;2025-11-23;4;1.13
26;2025-11-23;5;25.79
26;2025-11-23;6;148.44
26;2025-11-23;7;250.17
26;2025-11-23;8;373.62
26;2025-11-23;9;514.81
26;2025-11-23;10;581.12
26;2025-11-23;11;785.31
26;2025-11-23;12;801.96
26;2025-11-23;13;846.66
26;2025-11-23;14;838.07
26;2025-11-23;15;769.51
26;2025-11-23;16;777.37
26;2025-11-23;17;774.23
26;2025-11-23;18;745.16
26;2025-11-23;19;532.37
26;2025-11-23;20;407.41
26;2025-11-23;21;288.94
26;2025-11-23;22;191.25
26;2025-11-23;23;105.72
26;2025-11-24;0;30.22
26;2025-11-24;1;1.26
26;2025-11-24;2;0.04
26;2025-11-24;3;0.0
26;2025-11-24;4;1.52
26;2025-11-24;5;89.56
26;2025-11-24;6;472.21
26;2025-11-24;7;1090.31
26;2025-11-24;8;2153.06
26;2025-11-24;9;1420.27
26;2025-11-24;10;1177.21
26;2025-11-24;11;1061.21
26;2025-11-24;12;1098.57
26;2025-11-24;13;1130.73
26;2025-11-24;14;1226.19
26;2025-11-24;15;1315.47
26;2025-11-24;16;1445.58
26;2025-11-24;17;1653.74
26;2025-11-24;18;1868.71
26;2025-11-24;19;1242.64
26;2025-11-24;20;730.39
26;2025-11-24;21;457.47
26;2025-11-24;22;213.73
26;2025-11-24;23;114.38
26;2025-11-25;0;31.81
26;2025-11-25;1;1.33
26;2025-11-25;2;0.04
26;2025-11-25;3;0.0
26;2025-11-25;4;1.6
26;2025-11-25;5;94.27
26;2025-11-25;6;497.04
26;2025-11-25;7;1147.65
26;2025-11-25;8;2266.28
26;2025-11-25;9;1494.96
26;2025-11-25;10;1239.12
26;2025-11-25;11;1117.01
26;2025-11-25;12;1156.34
26;2025-11-25;13;1190.2
26;2025-11-25;14;1290.67
26;2025-11-25;15;1384.65
26;2025-11-25;16;1521.6
26;2025-11-25;17;1740.71
26;2025-11-25;18;1966.98
26;2025-11-25;19;1307.99
26;2025-11-25;20;768.8
26;2025-11-25;21;481.53
26;2025-11-25;22;224.97
26;2025-11-25;23;120.39
26;2025-11-26;0;31.27
26;2025-11-26;1;1.3
26;2025-11-26;2;0.04
26;2025-11-26;3;0.0
26;2025-11-26;4;1.58
26;2025-11-26;5;92.66
26;2025-11-26;6;488.56
26;2025-11-26;7;1128.07
26;2025-11-26;8;2227.61
26;2025-11-26;9;1469.45
26;2025-11-26;10;1217.97
26;2025-11-26;11;1097.96
26;2025-11-26;12;1136.61
26;2025-11-26;13;1169.89
26;2025-11-26;14;1268.65
26;2025-11-26;15;1361.02
26;2025-11-26;16;1495.64
26;2025-11-26;17;1711.01
26;2025-11-26;18;1933.41
26;2025-11-26;19;1285.67
26;2025-11-26;20;755.69
26;2025-11-26;21;473.31
26;2025-11-26;22;221.14
26;2025-11-26;23;118.34
26;2025-11-27;0;31.56
26;2025-11-27;1;1.31
26;2025-11-27;2;0.04
26;2025-11-27;3;0.0
26;2025-11-27;4;1.59
26;2025-11-27;5;93.51
26;2025-11-27;6;493.04
26;2025-11-27;7;1138.4
26;2025-11-27;8;2248.02
26;2025-11-27;9;1482.92
26;2025-11-27;10;1229.13
26;2025-11-27;11;1108.02
26;2025-11-27;12;1147.03
26;2025-11-27;13;1180.61
26;2025-11-27;14;1280.27
26;2025-11-27;15;1373.5
26;2025-11-27;16;1509.34
26;2025-11-27;17;1726.69
26;2025-11-27;18;1951.13
26;2025-11-27;19;1297.45
26;2025-11-27;20;762.61
26;2025-11-27;21;477.65
26;2025-11-27;22;223.16
26;2025-11-27;23;119.42
26;2025-11-28;0;31.81
26;2025-11-28;1;1.45
26;2025-11-28;2;0.0
26;2025-11-28;3;0.0
26;2025-11-28;4;0.88
26;2025-11-28;5;91.37
26;2025-11-28;6;518.7
26;2025-11-28;7;1102.18
26;2025-11-28;8;2209.66
26;2025-11-28;9;1419.44
26;2025-11-28;10;1283.09
26;2025-11-28;11;1157.4
26;2025-11-28;12;1151.96
26;2025-11-28;13;1255.15
26;2025-11-28;14;1334.46
26;2025-11-28;15;1432.43
26;2025-11-28;16;1704.08
26;2025-11-28;17;1774.41
26;2025-11-28;18;1460.19
26;2025-11-28;19;1091.62
26;2025-11-28;20;731.02
26;2025-11-28;21;481.74
26;2025-11-28;22;220.69
26;2025-11-28;23;155.43
26;2025-11-29;0;47.41
26;2025-11-29;1;2.51
26;2025-11-29;2;0.0
26;2025-11-29;3;0.0
26;2025-11-29;4;2.14
26;2025-11-29;5;47.84
26;2025-11-29;6;263.82
26;2025-11-29;7;399.68
26;2025-11-29;8;619.97
26;2025-11-29;9;684.65
26;2025-11-29;10;807.02
26;2025-11-29;11;998.36
26;2025-11-29;12;1050.48
26;2025-11-29;13;1032.43
26;2025-11-29;14;1074.11
26;2025-11-29;15;976.88
26;2025-11-29;16;1013.63
26;2025-11-29;17;933.39
26;2025-11-29;18;910.94
26;2025-11-29;19;761.96
26;2025-11-29;20;522.27
26;2025-11-29;21;348.24
26;2025-11-29;22;208.5
26;2025-11-29;23;147.81
26;2025-11-30;0;51.15
26;2025-11-30;1;4.27
26;2025-11-30;2;0.0
26;2025-11-30;3;0.0
26;2025-11-30;4;1.13
26;2025-11-30;5;25.79
26;2025-11-30;6;148.44
26;2025-11-30;7;250.17
26;2025-11-30;8;373.62
26;2025-11-30;9;514.81
26;2025-11-30;10;581.12
26;2025-11-30;11;785.31
26;2025-11-30;12;801.96
26;2025-11-30;13;846.66
26;2025-11-30;14;838.07
26;2025-11-30;15;769.51
26;2025-11-30;16;777.37
26;2025-11-30;17;774.23
26;2025-11-30;18;745.16
26;2025-11-30;19;532.37
26;2025-11-30;20;407.41
26;2025-11-30;21;288.94
26;2025-11-30;22;191.25
26;2025-11-30;23;105.72
26;2025-12-01;0;30.11
26;2025-12-01;1;1.32
26;2025-12-01;2;0.03
26;2025-12-01;3;0.0
26;2025-12-01;4;1.47
26;2025-12-01;5;90.22
26;2025-12-01;6;485.65
26;2025-12-01;7;1101.99
26;2025-12-01;8;2174.73
26;2025-12-01;9;1439.68
26;2025-12-01;10;1194.87
26;2025-12-01;11;1077.57
26;2025-12-01;12;1114.46
26;2025-12-01;13;1150.16
26;2025-12-01;14;1230.11
26;2025-12-01;15;1325.9
26;2025-12-01;16;1471.08
26;2025-12-01;17;1676.81
26;2025-12-01;18;1898.05
26;2025-12-01;19;1267.14
26;2025-12-01;20;745.58
26;2025-12-01;21;461.33
26;2025-12-01;22;218.26
26;2025-12-01;23;114.74
26;2025-12-02;0;31.16
26;2025-12-02;1;1.37
26;2025-12-02;2;0.03
26;2025-12-02;3;0.0
26;2025-12-02;4;1.52
26;2025-12-02;5;93.38
26;2025-12-02;6;502.67
26;2025-12-02;7;1140.62
26;2025-12-02;8;2250.96
26;2025-12-02;9;1490.14
26;2025-12-02;10;1236.75
26;2025-12-02;11;1115.34
26;2025-12-02;12;1153.53
26;2025-12-02;13;1190.47
26;2025-12-02;14;1273.23
26;2025-12-02;15;1372.37
26;2025-12-02;16;1522.65
26;2025-12-02;17;1735.58
26;2025-12-02;18;1964.58
26;2025-12-02;19;1311.55
26;2025-12-02;20;771.71
26;2025-12-02;21;477.5
26;2025-12-02;22;225.91
26;2025-12-02;23;118.76
26;2025-12-03;0;31.23
26;2025-12-03;1;1.37
26;2025-12-03;2;0.03
26;2025-12-03;3;0.0
26;2025-12-03;4;1.53
26;2025-12-03;5;93.57
26;2025-12-03;6;503.67
26;2025-12-03;7;1142.89
26;2025-12-03;8;2255.44
26;2025-12-03;9;1493.11
26;2025-12-03;10;1239.22
26;2025-12-03;11;1117.56
26;2025-12-03;12;1155.82
26;2025-12-03;13;1192.85
26;2025-12-03;14;1275.76
26;2025-12-03;15;1375.11
26;2025-12-03;16;1525.68
26;2025-12-03;17;1739.04
26;2025-12-03;18;1968.49
26;2025-12-03;19;1314.16
26;2025-12-03;20;773.25
26;2025-12-03;21;478.45
26;2025-12-03;22;226.36
26;2025-12-03;23;119.0
26;2025-12-04;0;31.47
26;2025-12-04;1;1.38
26;2025-12-04;2;0.03
26;2025-12-04;3;0.0
26;2025-12-04;4;1.54
26;2025-12-04;5;94.31
26;2025-12-04;6;507.68
26;2025-12-04;7;1151.98
26;2025-12-04;8;2273.38
26;2025-12-04;9;1504.98
26;2025-12-04;10;1249.07
26;2025-12-04;11;1126.44
26;2025-12-04;12;1165.01
26;2025-12-04;13;1202.33
26;2025-12-04;14;1285.91
26;2025-12-04;15;1386.04
26;2025-12-04;16;1537.81
26;2025-12-04;17;1752.87
26;2025-12-04;18;1984.15
26;2025-12-04;19;1324.61
26;2025-12-04;20;779.4
26;2025-12-04;21;482.25
26;2025-12-04;22;228.16
26;2025-12-04;23;119.95
26;2025-12-05;0;31.58
26;2025-12-05;1;1.67
26;2025-12-05;2;0.0
26;2025-12-05;3;0.0
26;2025-12-05;4;0.96
26;2025-12-05;5;91.16
26;2025-12-05;6;520.77
26;2025-12-05;7;1098.08
26;2025-12-05;8;2186.13
26;2025-12-05;9;1423.21
26;2025-12-05;10;1276.32
26;2025-12-05;11;1152.25
26;2025-12-05;12;1150.84
26;2025-12-05;13;1248.98
26;2025-12-05;14;1309.05
26;2025-12-05;15;1437.16
26;2025-12-05;16;1704.93
26;2025-12-05;17;1766.86
26;2025-12-05;18;1465.74
26;2025-12-05;19;1098.86
26;2025-12-05;20;733.87
26;2025-12-05;21;474.57
26;2025-12-05;22;220.07
26;2025-12-05;23;153.27
26;2025-12-06;0;45.44
26;2025-12-06;1;2.63
26;2025-12-06;2;0.0
26;2025-12-06;3;0.0
26;2025-12-06;4;2.22
26;2025-12-06;5;46.04
26;2025-12-06;6;262.53
26;2025-12-06;7;395.02
26;2025-12-06;8;611.01
26;2025-12-06;9;679.87
26;2025-12-06;10;799.54
26;2025-12-06;11;987.67
26;2025-12-06;12;1045.06
26;2025-12-06;13;1027.02
26;2025-12-06;14;1064.05
26;2025-12-06;15;971.1
26;2025-12-06;16;1004.28
26;2025-12-06;17;932.07
26;2025-12-06;18;909.67
26;2025-12-06;19;761.53
26;2025-12-06;20;522.73
26;2025-12-06;21;347.4
26;2025-12-06;22;207.53
26;2025-12-06;23;145.78
26;2025-12-07;0;50.1
26;2025-12-07;1;4.22
26;2025-12-07;2;0.0
26;2025-12-07;3;0.0
26;2025-12-07;4;1.17
26;2025-12-07;5;26.61
26;2025-12-07;6;146.79
26;2025-12-07;7;245.45
26;2025-12-07;8;370.11
26;2025-12-07;9;509.64
26;2025-12-07;10;575.08
26;2025-12-07;11;777.56
26;2025-12-07;12;797.64
26;2025-12-07;13;840.27
26;2025-12-07;14;829.55
26;2025-12-07;15;765.76
26;2025-12-07;16;774.74
26;2025-12-07;17;771.39
26;2025-12-07;18;742.27
26;2025-12-07;19;534.7
26;2025-12-07;20;401.9
26;2025-12-07;21;287.51
26;2025-12-07;22;193.39
26;2025-12-07;23;104.63
26;2025-12-08;0;30.11
26;2025-12-08;1;1.32
26;2025-12-08;2;0.03
26;2025-12-08;3;0.0
26;2025-12-08;4;1.47
26;2025-12-08;5;90.22
26;2025-12-08;6;485.65
26;2025-12-08;7;1101.99
26;2025-12-08;8;2174.73
26;2025-12-08;9;1439.68
26;2025-12-08;10;1194.87
26;2025-12-08;11;1077.57
26;2025-12-08;12;1114.46
26;2025-12-08;13;1150.16
26;2025-12-08;14;1230.11
26;2025-12-08;15;1325.9
26;2025-12-08;16;1471.08
26;2025-12-08;17;1676.81
26;2025-12-08;18;1898.05
26;2025-12-08;19;1267.14
26;2025-12-08;20;745.58
26;2025-12-08;21;461.33
26;2025-12-08;22;218.26
26;2025-12-08;23;114.74
26;2025-12-09;0;31.14
26;2025-12-09;1;1.37
26;2025-12-09;2;0.03
26;2025-12-09;3;0.0
26;2025-12-09;4;1.52
26;2025-12-09;5;93.31
26;2025-12-09;6;502.27
26;2025-12-09;7;1139.7
26;2025-12-09;8;2249.16
26;2025-12-09;9;1488.95
26;2025-12-09;10;1235.76
26;2025-12-09;11;1114.44
26;2025-12-09;12;1152.6
26;2025-12-09;13;1189.52
26;2025-12-09;14;1272.21
26;2025-12-09;15;1371.28
26;2025-12-09;16;1521.43
26;2025-12-09;17;1734.2
26;2025-12-09;18;1963.01
26;2025-12-09;19;1310.5
26;2025-12-09;20;771.1
26;2025-12-09;21;477.11
26;2025-12-09;22;225.73
26;2025-12-09;23;118.67
26;2025-12-10;0;31.13
26;2025-12-10;1;1.36
26;2025-12-10;2;0.03
26;2025-12-10;3;0.0
26;2025-12-10;4;1.52
26;2025-12-10;5;93.27
26;2025-12-10;6;502.06
26;2025-12-10;7;1139.24
26;2025-12-10;8;2248.23
26;2025-12-10;9;1488.34
26;2025-12-10;10;1235.26
26;2025-12-10;11;1113.99
26;2025-12-10;12;1152.13
26;2025-12-10;13;1189.03
26;2025-12-10;14;1271.69
26;2025-12-10;15;1370.71
26;2025-12-10;16;1520.81
26;2025-12-10;17;1733.49
26;2025-12-10;18;1962.2
26;2025-12-10;19;1309.96
26;2025-12-10;20;770.78
26;2025-12-10;21;476.92
26;2025-12-10;22;225.64
26;2025-12-10;23;118.62
26;2025-12-11;0;30.95
26;2025-12-11;1;1.36
26;2025-12-11;2;0.03
26;2025-12-11;3;0.0
26;2025-12-11;4;1.51
26;2025-12-11;5;92.74
26;2025-12-11;6;499.22
26;2025-12-11;7;1132.79
26;2025-12-11;8;2235.5
26;2025-12-11;9;1479.91
26;2025-12-11;10;1228.26
26;2025-12-11;11;1107.68
26;2025-12-11;12;1145.61
26;2025-12-11;13;1182.3
26;2025-12-11;14;1264.49
26;2025-12-11;15;1362.95
26;2025-12-11;16;1512.19
26;2025-12-11;17;1723.67
26;2025-12-11;18;1951.09
26;2025-12-11;19;1302.55
26;2025-12-11;20;766.42
26;2025-12-11;21;474.22
26;2025-12-11;22;224.36
26;2025-12-11;23;117.95
26;2025-12-12;0;31.14
26;2025-12-12;1;1.65
26;2025-12-12;2;0.0
26;2025-12-12;3;0.0
26;2025-12-12;4;0.95
26;2025-12-12;5;89.89
26;2025-12-12;6;513.53
26;2025-12-12;7;1082.82
26;2025-12-12;8;2155.74
26;2025-12-12;9;1403.42
26;2025-12-12;10;1258.58
26;2025-12-12;11;1136.23
26;2025-12-12;12;1134.84
26;2025-12-12;13;1231.62
26;2025-12-12;14;1290.85
26;2025-12-12;15;1417.18
26;2025-12-12;16;1681.23
26;2025-12-12;17;1742.3
26;2025-12-12;18;1445.36
26;2025-12-12;19;1083.59
26;2025-12-12;20;723.66
26;2025-12-12;21;467.98
26;2025-12-12;22;217.01
26;2025-12-12;23;151.14
26;2025-12-13;0;45.37
26;2025-12-13;1;2.62
26;2025-12-13;2;0.0
26;2025-12-13;3;0.0
26;2025-12-13;4;2.22
26;2025-12-13;5;45.96
26;2025-12-13;6;262.12
26;2025-12-13;7;394.39
26;2025-12-13;8;610.04
26;2025-12-13;9;678.79
26;2025-12-13;10;798.26
26;2025-12-13;11;986.09
26;2025-12-13;12;1043.39
26;2025-12-13;13;1025.38
26;2025-12-13;14;1062.35
26;2025-12-13;15;969.55
26;2025-12-13;16;1002.68
26;2025-12-13;17;930.58
26;2025-12-13;18;908.22
26;2025-12-13;19;760.31
26;2025-12-13;20;521.89
26;2025-12-13;21;346.85
26;2025-12-13;22;207.19
26;2025-12-13;23;145.55
26;2025-12-14;0;50.08
26;2025-12-14;1;4.22
26;2025-12-14;2;0.0
26;2025-12-14;3;0.0
26;2025-12-14;4;1.17
26;2025-12-14;5;26.6
26;2025-12-14;6;146.73
26;2025-12-14;7;245.35
26;2025-12-14;8;369.96
26;2025-12-14;9;509.43
26;2025-12-14;10;574.85
26;2025-12-14;11;777.25
26;2025-12-14;12;797.32
26;2025-12-14;13;839.93
26;2025-12-14;14;829.22
26;2025-12-14;15;765.45
26;2025-12-14;16;774.43
26;2025-12-14;17;771.08
26;2025-12-14;18;741.97
26;2025-12-14;19;534.48
26;2025-12-14;20;401.74
26;2025-12-14;21;287.4
26;2025-12-14;22;193.32
26;2025-12-14;23;104.59
26;2025-12-15;0;30.1
26;2025-12-15;1;1.32
26;2025-12-15;2;0.03
26;2025-12-15;3;0.0
26;2025-12-15;4;1.47
26;2025-12-15;5;90.18
26;2025-12-15;6;485.45
26;2025-12-15;7;1101.55
26;2025-12-15;8;2173.86
26;2025-12-15;9;1439.1
26;2025-12-15;10;1194.39
26;2025-12-15;11;1077.13
26;2025-12-15;12;1114.02
26;2025-12-15;13;1149.7
26;2025-12-15;14;1229.62
26;2025-12-15;15;1325.37
26;2025-12-15;16;1470.5
26;2025-12-15;17;1676.14
26;2025-12-15;18;1897.29
26;2025-12-15;19;1266.63
26;2025-12-15;20;745.28
26;2025-12-15;21;461.14
26;2025-12-15;22;218.18
26;2025-12-15;23;114.7
26;2025-12-16;0;30.99
26;2025-12-16;1;1.36
26;2025-12-16;2;0.03
26;2025-12-16;3;0.0
26;2025-12-16;4;1.51
26;2025-12-16;5;92.86
26;2025-12-16;6;499.86
26;2025-12-16;7;1134.25
26;2025-12-16;8;2238.39
26;2025-12-16;9;1481.82
26;2025-12-16;10;1229.85
26;2025-12-16;11;1109.11
26;2025-12-16;12;1147.08
26;2025-12-16;13;1183.83
26;2025-12-16;14;1266.12
26;2025-12-16;15;1364.71
26;2025-12-16;16;1514.14
26;2025-12-16;17;1725.89
26;2025-12-16;18;1953.61
26;2025-12-16;19;1304.23
26;2025-12-16;20;767.4
26;2025-12-16;21;474.83
26;2025-12-16;22;224.65
26;2025-12-16;23;118.1
26;2025-12-17;0;31.23
26;2025-12-17;1;1.37
26;2025-12-17;2;0.03
26;2025-12-17;3;0.0
26;2025-12-17;4;1.53
26;2025-12-17;5;93.57
26;2025-12-17;6;503.67
26;2025-12-17;7;1142.89
26;2025-12-17;8;2255.44
26;2025-12-17;9;1493.11
26;2025-12-17;10;1239.22
26;2025-12-17;11;1117.56
26;2025-12-17;12;1155.82
26;2025-12-17;13;1192.85
26;2025-12-17;14;1275.76
26;2025-12-17;15;1375.11
26;2025-12-17;16;1525.68
26;2025-12-17;17;1739.04
26;2025-12-17;18;1968.49
26;2025-12-17;19;1314.16
26;2025-12-17;20;773.25
26;2025-12-17;21;478.45
26;2025-12-17;22;226.36
26;2025-12-17;23;119.0
26;2025-12-18;0;31.47
26;2025-12-18;1;1.38
26;2025-12-18;2;0.03
26;2025-12-18;3;0.0
26;2025-12-18;4;1.54
26;2025-12-18;5;94.31
26;2025-12-18;6;507.68
26;2025-12-18;7;1151.98
26;2025-12-18;8;2273.38
26;2025-12-18;9;1504.98
26;2025-12-18;10;1249.07
26;2025-12-18;11;1126.44
26;2025-12-18;12;1165.01
26;2025-12-18;13;1202.33
26;2025-12-18;14;1285.91
26;2025-12-18;15;1386.04
26;2025-12-18;16;1537.81
26;2025-12-18;17;1752.87
26;2025-12-18;18;1984.15
26;2025-12-18;19;1324.61
26;2025-12-18;20;779.4
26;2025-12-18;21;482.25
26;2025-12-18;22;228.16
26;2025-12-18;23;119.95
26;2025-12-19;0;31.56
26;2025-12-19;1;1.67
26;2025-12-19;2;0.0
26;2025-12-19;3;0.0
26;2025-12-19;4;0.96
26;2025-12-19;5;91.09
26;2025-12-19;6;520.35
26;2025-12-19;7;1097.2
26;2025-12-19;8;2184.38
26;2025-12-19;9;1422.07
26;2025-12-19;10;1275.3
26;2025-12-19;11;1151.33
26;2025-12-19;12;1149.92
26;2025-12-19;13;1247.98
26;2025-12-19;14;1308.0
26;2025-12-19;15;1436.01
26;2025-12-19;16;1703.57
26;2025-12-19;17;1765.45
26;2025-12-19;18;1464.57
26;2025-12-19;19;1097.98
26;2025-12-19;20;733.28
26;2025-12-19;21;474.19
26;2025-12-19;22;219.89
26;2025-12-19;23;153.15
26;2025-12-20;0;45.44
26;2025-12-20;1;2.63
26;2025-12-20;2;0.0
26;2025-12-20;3;0.0
26;2025-12-20;4;2.22
26;2025-12-20;5;46.04
26;2025-12-20;6;262.53
26;2025-12-20;7;395.02
26;2025-12-20;8;611.01
26;2025-12-20;9;679.87
26;2025-12-20;10;799.54
26;2025-12-20;11;987.67
26;2025-12-20;12;1045.06
26;2025-12-20;13;1027.02
26;2025-12-20;14;1064.05
26;2025-12-20;15;971.1
26;2025-12-20;16;1004.28
26;2025-12-20;17;932.07
26;2025-12-20;18;909.67
26;2025-12-20;19;761.53
26;2025-12-20;20;522.73
26;2025-12-20;21;347.4
26;2025-12-20;22;207.53
26;2025-12-20;23;145.78
26;2025-12-21;0;50.0
26;2025-12-21;1;4.22
26;2025-12-21;2;0.0
26;2025-12-21;3;0.0
26;2025-12-21;4;1.17
26;2025-12-21;5;26.56
26;2025-12-21;6;146.5
26;2025-12-21;7;244.96
26;2025-12-21;8;369.37
26;2025-12-21;9;508.62
26;2025-12-21;10;573.93
26;2025-12-21;11;776.01
26;2025-12-21;12;796.04
26;2025-12-21;13;838.59
26;2025-12-21;14;827.89
26;2025-12-21;15;764.23
26;2025-12-21;16;773.19
26;2025-12-21;17;769.85
26;2025-12-21;18;740.78
26;2025-12-21;19;533.63
26;2025-12-21;20;401.1
26;2025-12-21;21;286.94
26;2025-12-21;22;193.01
26;2025-12-21;23;104.42
26;2025-12-22;0;29.4
26;2025-12-22;1;1.29
26;2025-12-22;2;0.03
26;2025-12-22;3;0.0
26;2025-12-22;4;1.44
26;2025-12-22;5;88.1
26;2025-12-22;6;474.22
26;2025-12-22;7;1076.07
26;2025-12-22;8;2123.58
26;2025-12-22;9;1405.82
26;2025-12-22;10;1166.76
26;2025-12-22;11;1052.22
26;2025-12-22;12;1088.25
26;2025-12-22;13;1123.11
26;2025-12-22;14;1201.18
26;2025-12-22;15;1294.71
26;2025-12-22;16;1436.48
26;2025-12-22;17;1637.37
26;2025-12-22;18;1853.4
26;2025-12-22;19;1237.33
26;2025-12-22;20;728.04
26;2025-12-22;21;450.47
26;2025-12-22;22;213.13
26;2025-12-22;23;112.04
26;2025-12-23;0;30.54
26;2025-12-23;1;1.34
26;2025-12-23;2;0.03
26;2025-12-23;3;0.0
26;2025-12-23;4;1.49
26;2025-12-23;5;91.51
26;2025-12-23;6;492.62
26;2025-12-23;7;1117.8
26;2025-12-23;8;2205.94
26;2025-12-23;9;1460.34
26;2025-12-23;10;1212.02
26;2025-12-23;11;1093.03
26;2025-12-23;12;1130.45
26;2025-12-23;13;1166.66
26;2025-12-23;14;1247.76
26;2025-12-23;15;1344.93
26;2025-12-23;16;1492.19
26;2025-12-23;17;1700.87
26;2025-12-23;18;1925.29
26;2025-12-23;19;1285.32
26;2025-12-23;20;756.28
26;2025-12-23;21;467.95
26;2025-12-23;22;221.4
26;2025-12-23;23;116.39
26;2025-12-24;0;30.53
26;2025-12-24;1;1.34
26;2025-12-24;2;0.03
26;2025-12-24;3;0.0
26;2025-12-24;4;1.49
26;2025-12-24;5;91.48
26;2025-12-24;6;492.41
26;2025-12-24;7;1117.35
26;2025-12-24;8;2205.03
26;2025-12-24;9;1459.74
26;2025-12-24;10;1211.52
26;2025-12-24;11;1092.58
26;2025-12-24;12;1129.99
26;2025-12-24;13;1166.19
26;2025-12-24;14;1247.25
26;2025-12-24;15;1344.37
26;2025-12-24;16;1491.58
26;2025-12-24;17;1700.18
26;2025-12-24;18;1924.5
26;2025-12-24;19;1284.79
26;2025-12-24;20;755.97
26;2025-12-24;21;467.75
26;2025-12-24;22;221.31
26;2025-12-24;23;116.34
26;2025-12-25;0;30.57
26;2025-12-25;1;1.34
26;2025-12-25;2;0.03
26;2025-12-25;3;0.0
26;2025-12-25;4;1.49
26;2025-12-25;5;91.62
26;2025-12-25;6;493.16
26;2025-12-25;7;1119.05
26;2025-12-25;8;2208.39
26;2025-12-25;9;1461.96
26;2025-12-25;10;1213.36
26;2025-12-25;11;1094.24
26;2025-12-25;12;1131.71
26;2025-12-25;13;1167.96
26;2025-12-25;14;1249.15
26;2025-12-25;15;1346.42
26;2025-12-25;16;1493.85
26;2025-12-25;17;1702.76
26;2025-12-25;18;1927.43
26;2025-12-25;19;1286.75
26;2025-12-25;20;757.12
26;2025-12-25;21;468.47
26;2025-12-25;22;221.64
26;2025-12-25;23;116.52
26;2025-12-26;0;30.31
26;2025-12-26;1;1.61
26;2025-12-26;2;0.0
26;2025-12-26;3;0.0
26;2025-12-26;4;0.93
26;2025-12-26;5;87.5
26;2025-12-26;6;499.85
26;2025-12-26;7;1053.97
26;2025-12-26;8;2098.31
26;2025-12-26;9;1366.03
26;2025-12-26;10;1225.05
26;2025-12-26;11;1105.96
26;2025-12-26;12;1104.61
26;2025-12-26;13;1198.8
26;2025-12-26;14;1256.46
26;2025-12-26;15;1379.42
26;2025-12-26;16;1636.44
26;2025-12-26;17;1695.88
26;2025-12-26;18;1406.86
26;2025-12-26;19;1054.72
26;2025-12-26;20;704.38
26;2025-12-26;21;455.51
26;2025-12-26;22;211.23
26;2025-12-26;23;147.12
26;2025-12-27;0;45.35
26;2025-12-27;1;2.62
26;2025-12-27;2;0.0
26;2025-12-27;3;0.0
26;2025-12-27;4;2.22
26;2025-12-27;5;45.94
26;2025-12-27;6;262.01
26;2025-12-27;7;394.23
26;2025-12-27;8;609.79
26;2025-12-27;9;678.51
26;2025-12-27;10;797.94
26;2025-12-27;11;985.7
26;2025-12-27;12;1042.97
26;2025-12-27;13;1024.97
26;2025-12-27;14;1061.93
26;2025-12-27;15;969.16
26;2025-12-27;16;1002.28
26;2025-12-27;17;930.21
26;2025-12-27;18;907.85
26;2025-12-27;19;760.0
26;2025-12-27;20;521.68
26;2025-12-27;21;346.71
26;2025-12-27;22;207.11
26;2025-12-27;23;145.49
26;2025-12-28;0;49.7
26;2025-12-28;1;4.19
26;2025-12-28;2;0.0
26;2025-12-28;3;0.0
26;2025-12-28;4;1.16
26;2025-12-28;5;26.4
26;2025-12-28;6;145.62
26;2025-12-28;7;243.49
26;2025-12-28;8;367.16
26;2025-12-28;9;505.58
26;2025-12-28;10;570.5
26;2025-12-28;11;771.37
26;2025-12-28;12;791.28
26;2025-12-28;13;833.57
26;2025-12-28;14;822.94
26;2025-12-28;15;759.66
26;2025-12-28;16;768.56
26;2025-12-28;17;765.24
26;2025-12-28;18;736.35
26;2025-12-28;19;530.44
26;2025-12-28;20;398.7
26;2025-12-28;21;285.22
26;2025-12-28;22;191.85
26;2025-12-28;23;103.8
26;2025-12-29;0;26.91
26;2025-12-29;1;1.18
26;2025-12-29;2;0.03
26;2025-12-29;3;0.0
26;2025-12-29;4;1.32
26;2025-12-29;5;80.65
26;2025-12-29;6;434.12
26;2025-12-29;7;985.07
26;2025-12-29;8;1943.99
26;2025-12-29;9;1286.93
26;2025-12-29;10;1068.1
26;2025-12-29;11;963.24
26;2025-12-29;12;996.22
26;2025-12-29;13;1028.13
26;2025-12-29;14;1099.6
26;2025-12-29;15;1185.22
26;2025-12-29;16;1315.0
26;2025-12-29;17;1498.9
26;2025-12-29;18;1696.67
26;2025-12-29;19;1132.69
26;2025-12-29;20;666.47
26;2025-12-29;21;412.38
26;2025-12-29;22;195.11
26;2025-12-29;23;102.57
26;2025-12-30;0;26.12
26;2025-12-30;1;1.15
26;2025-12-30;2;0.03
26;2025-12-30;3;0.0
26;2025-12-30;4;1.28
26;2025-12-30;5;78.27
26;2025-12-30;6;421.33
26;2025-12-30;7;956.05
26;2025-12-30;8;1886.71
26;2025-12-30;9;1249.01
26;2025-12-30;10;1036.62
26;2025-12-30;11;934.86
26;2025-12-30;12;966.87
26;2025-12-30;13;997.84
26;2025-12-30;14;1067.2
26;2025-12-30;15;1150.3
26;2025-12-30;16;1276.26
26;2025-12-30;17;1454.74
26;2025-12-30;18;1646.68
26;2025-12-30;19;1099.32
26;2025-12-30;20;646.84
26;2025-12-30;21;400.23
26;2025-12-30;22;189.36
26;2025-12-30;23;99.55
26;2025-12-31;0;38.68
26;2025-12-31;1;2.24
26;2025-12-31;2;0.0
26;2025-12-31;3;0.0
26;2025-12-31;4;1.89
26;2025-12-31;5;39.18
26;2025-12-31;6;223.45
26;2025-12-31;7;336.21
26;2025-12-31;8;520.05
26;2025-12-31;9;578.66
26;2025-12-31;10;680.51
26;2025-12-31;11;840.64
26;2025-12-31;12;889.48
26;2025-12-31;13;874.13
26;2025-12-31;14;905.65
26;2025-12-31;15;826.53
26;2025-12-31;16;854.78
26;2025-12-31;17;793.32
26;2025-12-31;18;774.25
26;2025-12-31;19;648.16
26;2025-12-31;20;444.91
26;2025-12-31;21;177.41
26;2025-12-31;22;105.98
26;2025-12-31;23;74.45
28;2025-11-01;0;1.83
28;2025-11-01;1;0.55
28;2025-11-01;2;0.0
28;2025-11-01;3;0.0
28;2025-11-01;4;1.16
28;2025-11-01;5;50.58
28;2025-11-01;6;165.91
28;2025-11-01;7;479.05
28;2025-11-01;8;735.75
28;2025-11-01;9;596.69
28;2025-11-01;10;521.86
28;2025-11-01;11;501.57
28;2025-11-01;12;617.85
28;2025-11-01;13;623.85
28;2025-11-01;14;605.71
28;2025-11-01;15;622.21
28;2025-11-01;16;710.44
28;2025-11-01;17;738.65
28;2025-11-01;18;628.5
28;2025-11-01;19;474.95
28;2025-11-01;20;344.56
28;2025-11-01;21;275.57
28;2025-11-01;22;123.55
28;2025-11-01;23;16.08
28;2025-11-02;0;1.59
28;2025-11-02;1;0.47
28;2025-11-02;2;0.0
28;2025-11-02;3;0.0
28;2025-11-02;4;0.72
28;2025-11-02;5;26.36
28;2025-11-02;6;72.25
28;2025-11-02;7;148.42
28;2025-11-02;8;249.04
28;2025-11-02;9;317.61
28;2025-11-02;10;350.96
28;2025-11-02;11;364.61
28;2025-11-02;12;411.25
28;2025-11-02;13;454.45
28;2025-11-02;14;439.21
28;2025-11-02;15;443.48
28;2025-11-02;16;403.18
28;2025-11-02;17;421.3
28;2025-11-02;18;361.68
28;2025-11-02;19;309.53
28;2025-11-02;20;229.7
28;2025-11-02;21;199.79
28;2025-11-02;22;90.73
28;2025-11-02;23;10.64
28;2025-11-03;0;1.68
28;2025-11-03;1;0.5
28;2025-11-03;2;0.0
28;2025-11-03;3;0.0
28;2025-11-03;4;0.77
28;2025-11-03;5;27.91
28;2025-11-03;6;76.49
28;2025-11-03;7;157.13
28;2025-11-03;8;263.65
28;2025-11-03;9;336.26
28;2025-11-03;10;371.56
28;2025-11-03;11;386.01
28;2025-11-03;12;435.38
28;2025-11-03;13;481.12
28;2025-11-03;14;464.98
28;2025-11-03;15;469.5
28;2025-11-03;16;426.84
28;2025-11-03;17;446.02
28;2025-11-03;18;382.91
28;2025-11-03;19;327.69
28;2025-11-03;20;243.18
28;2025-11-03;21;211.51
28;2025-11-03;22;96.06
28;2025-11-03;23;11.27
28;2025-11-04;0;1.67
28;2025-11-04;1;0.49
28;2025-11-04;2;0.0
28;2025-11-04;3;0.0
28;2025-11-04;4;0.76
28;2025-11-04;5;27.81
28;2025-11-04;6;76.21
28;2025-11-04;7;156.56
28;2025-11-04;8;262.71
28;2025-11-04;9;335.05
28;2025-11-04;10;370.23
28;2025-11-04;11;384.63
28;2025-11-04;12;433.82
28;2025-11-04;13;479.39
28;2025-11-04;14;463.31
28;2025-11-04;15;467.82
28;2025-11-04;16;425.31
28;2025-11-04;17;444.42
28;2025-11-04;18;381.53
28;2025-11-04;19;326.51
28;2025-11-04;20;242.31
28;2025-11-04;21;210.75
28;2025-11-04;22;95.71
28;2025-11-04;23;11.22
28;2025-11-05;0;2.18
28;2025-11-05;1;0.45
28;2025-11-05;2;0.0
28;2025-11-05;3;0.0
28;2025-11-05;4;1.85
28;2025-11-05;5;79.06
28;2025-11-05;6;268.42
28;2025-11-05;7;823.79
28;2025-11-05;8;1312.52
28;2025-11-05;9;877.95
28;2025-11-05;10;635.1
28;2025-11-05;11;575.24
28;2025-11-05;12;702.34
28;2025-11-05;13;709.48
28;2025-11-05;14;644.87
28;2025-11-05;15;676.35
28;2025-11-05;16;895.07
28;2025-11-05;17;1022.14
28;2025-11-05;18;1000.2
28;2025-11-05;19;745.84
28;2025-11-05;20;513.56
28;2025-11-05;21;309.4
28;2025-11-05;22;126.53
28;2025-11-05;23;15.98
28;2025-11-06;0;2.19
28;2025-11-06;1;0.45
28;2025-11-06;2;0.0
28;2025-11-06;3;0.0
28;2025-11-06;4;1.86
28;2025-11-06;5;79.22
28;2025-11-06;6;268.94
28;2025-11-06;7;825.37
28;2025-11-06;8;1315.04
28;2025-11-06;9;879.63
28;2025-11-06;10;636.32
28;2025-11-06;11;576.34
28;2025-11-06;12;703.69
28;2025-11-06;13;710.85
28;2025-11-06;14;646.11
28;2025-11-06;15;677.65
28;2025-11-06;16;896.79
28;2025-11-06;17;1024.11
28;2025-11-06;18;1002.12
28;2025-11-06;19;747.27
28;2025-11-06;20;514.55
28;2025-11-06;21;310.0
28;2025-11-06;22;126.78
28;2025-11-06;23;16.01
28;2025-11-07;0;1.06
28;2025-11-07;1;0.0
28;2025-11-07;2;0.0
28;2025-11-07;3;0.0
28;2025-11-07;4;1.28
28;2025-11-07;5;71.65
28;2025-11-07;6;257.48
28;2025-11-07;7;801.7
28;2025-11-07;8;1200.3
28;2025-11-07;9;814.56
28;2025-11-07;10;605.29
28;2025-11-07;11;573.36
28;2025-11-07;12;732.02
28;2025-11-07;13;726.04
28;2025-11-07;14;695.85
28;2025-11-07;15;730.74
28;2025-11-07;16;974.15
28;2025-11-07;17;1017.57
28;2025-11-07;18;852.29
28;2025-11-07;19;619.66
28;2025-11-07;20;451.08
28;2025-11-07;21;323.25
28;2025-11-07;22;141.53
28;2025-11-07;23;19.64
28;2025-11-08;0;2.76
28;2025-11-08;1;1.13
28;2025-11-08;2;0.0
28;2025-11-08;3;0.0
28;2025-11-08;4;1.19
28;2025-11-08;5;36.66
28;2025-11-08;6;99.17
28;2025-11-08;7;231.77
28;2025-11-08;8;385.01
28;2025-11-08;9;461.12
28;2025-11-08;10;503.68
28;2025-11-08;11;491.97
28;2025-11-08;12;581.9
28;2025-11-08;13;599.81
28;2025-11-08;14;590.89
28;2025-11-08;15;592.05
28;2025-11-08;16;545.0
28;2025-11-08;17;562.2
28;2025-11-08;18;491.05
28;2025-11-08;19;393.95
28;2025-11-08;20;284.36
28;2025-11-08;21;262.58
28;2025-11-08;22;120.9
28;2025-11-08;23;14.6
28;2025-11-09;0;1.31
28;2025-11-09;1;0.12
28;2025-11-09;2;0.0
28;2025-11-09;3;0.0
28;2025-11-09;4;0.66
28;2025-11-09;5;29.45
28;2025-11-09;6;81.78
28;2025-11-09;7;144.68
28;2025-11-09;8;246.0
28;2025-11-09;9;338.62
28;2025-11-09;10;379.05
28;2025-11-09;11;419.82
28;2025-11-09;12;451.05
28;2025-11-09;13;534.38
28;2025-11-09;14;507.14
28;2025-11-09;15;515.89
28;2025-11-09;16;463.41
28;2025-11-09;17;490.29
28;2025-11-09;18;413.92
28;2025-11-09;19;376.09
28;2025-11-09;20;285.75
28;2025-11-09;21;235.85
28;2025-11-09;22;105.74
28;2025-11-09;23;12.05
28;2025-11-10;0;2.1
28;2025-11-10;1;0.43
28;2025-11-10;2;0.0
28;2025-11-10;3;0.0
28;2025-11-10;4;1.79
28;2025-11-10;5;76.24
28;2025-11-10;6;258.81
28;2025-11-10;7;794.31
28;2025-11-10;8;1265.55
28;2025-11-10;9;846.53
28;2025-11-10;10;612.37
28;2025-11-10;11;554.65
28;2025-11-10;12;677.21
28;2025-11-10;13;684.09
28;2025-11-10;14;621.8
28;2025-11-10;15;652.14
28;2025-11-10;16;863.04
28;2025-11-10;17;985.56
28;2025-11-10;18;964.41
28;2025-11-10;19;719.15
28;2025-11-10;20;495.18
28;2025-11-10;21;298.33
28;2025-11-10;22;122.01
28;2025-11-10;23;15.41
28;2025-11-11;0;2.18
28;2025-11-11;1;0.44
28;2025-11-11;2;0.0
28;2025-11-11;3;0.0
28;2025-11-11;4;1.85
28;2025-11-11;5;78.91
28;2025-11-11;6;267.89
28;2025-11-11;7;822.15
28;2025-11-11;8;1309.91
28;2025-11-11;9;876.2
28;2025-11-11;10;633.84
28;2025-11-11;11;574.09
28;2025-11-11;12;700.95
28;2025-11-11;13;708.07
28;2025-11-11;14;643.59
28;2025-11-11;15;675.0
28;2025-11-11;16;893.29
28;2025-11-11;17;1020.11
28;2025-11-11;18;998.21
28;2025-11-11;19;744.35
28;2025-11-11;20;512.54
28;2025-11-11;21;308.79
28;2025-11-11;22;126.28
28;2025-11-11;23;15.95
28;2025-11-12;0;2.17
28;2025-11-12;1;0.44
28;2025-11-12;2;0.0
28;2025-11-12;3;0.0
28;2025-11-12;4;1.84
28;2025-11-12;5;78.75
28;2025-11-12;6;267.35
28;2025-11-12;7;820.5
28;2025-11-12;8;1307.28
28;2025-11-12;9;874.44
28;2025-11-12;10;632.56
28;2025-11-12;11;572.94
28;2025-11-12;12;699.54
28;2025-11-12;13;706.65
28;2025-11-12;14;642.3
28;2025-11-12;15;673.65
28;2025-11-12;16;891.5
28;2025-11-12;17;1018.06
28;2025-11-12;18;996.21
28;2025-11-12;19;742.86
28;2025-11-12;20;511.51
28;2025-11-12;21;308.17
28;2025-11-12;22;126.03
28;2025-11-12;23;15.92
28;2025-11-13;0;2.2
28;2025-11-13;1;0.45
28;2025-11-13;2;0.0
28;2025-11-13;3;0.0
28;2025-11-13;4;1.87
28;2025-11-13;5;79.66
28;2025-11-13;6;270.45
28;2025-11-13;7;830.01
28;2025-11-13;8;1322.42
28;2025-11-13;9;884.57
28;2025-11-13;10;639.89
28;2025-11-13;11;579.58
28;2025-11-13;12;707.65
28;2025-11-13;13;714.84
28;2025-11-13;14;649.74
28;2025-11-13;15;681.45
28;2025-11-13;16;901.83
28;2025-11-13;17;1029.86
28;2025-11-13;18;1007.75
28;2025-11-13;19;751.47
28;2025-11-13;20;517.44
28;2025-11-13;21;311.74
28;2025-11-13;22;127.49
28;2025-11-13;23;16.1
28;2025-11-14;0;1.06
28;2025-11-14;1;0.0
28;2025-11-14;2;0.0
28;2025-11-14;3;0.0
28;2025-11-14;4;1.28
28;2025-11-14;5;71.68
28;2025-11-14;6;257.58
28;2025-11-14;7;802.02
28;2025-11-14;8;1200.78
28;2025-11-14;9;814.89
28;2025-11-14;10;605.54
28;2025-11-14;11;573.59
28;2025-11-14;12;732.32
28;2025-11-14;13;726.33
28;2025-11-14;14;696.13
28;2025-11-14;15;731.03
28;2025-11-14;16;974.54
28;2025-11-14;17;1017.97
28;2025-11-14;18;852.63
28;2025-11-14;19;619.9
28;2025-11-14;20;451.26
28;2025-11-14;21;323.38
28;2025-11-14;22;141.59
28;2025-11-14;23;19.64
28;2025-11-15;0;2.69
28;2025-11-15;1;1.11
28;2025-11-15;2;0.0
28;2025-11-15;3;0.0
28;2025-11-15;4;1.16
28;2025-11-15;5;35.75
28;2025-11-15;6;96.7
28;2025-11-15;7;226.01
28;2025-11-15;8;375.43
28;2025-11-15;9;449.65
28;2025-11-15;10;491.14
28;2025-11-15;11;479.72
28;2025-11-15;12;567.42
28;2025-11-15;13;584.88
28;2025-11-15;14;576.19
28;2025-11-15;15;577.32
28;2025-11-15;16;531.43
28;2025-11-15;17;548.21
28;2025-11-15;18;478.83
28;2025-11-15;19;384.15
28;2025-11-15;20;277.28
28;2025-11-15;21;256.05
28;2025-11-15;22;117.89
28;2025-11-15;23;14.23
28;2025-11-16;0;1.31
28;2025-11-16;1;0.12
28;2025-11-16;2;0.0
28;2025-11-16;3;0.0
28;2025-11-16;4;0.66
28;2025-11-16;5;29.45
28;2025-11-16;6;81.78
28;2025-11-16;7;144.68
28;2025-11-16;8;246.0
28;2025-11-16;9;338.62
28;2025-11-16;10;379.05
28;2025-11-16;11;419.82
28;2025-11-16;12;451.05
28;2025-11-16;13;534.38
28;2025-11-16;14;507.14
28;2025-11-16;15;515.89
28;2025-11-16;16;463.41
28;2025-11-16;17;490.29
28;2025-11-16;18;413.92
28;2025-11-16;19;376.09
28;2025-11-16;20;285.75
28;2025-11-16;21;235.85
28;2025-11-16;22;105.74
28;2025-11-16;23;12.05
28;2025-11-17;0;2.08
28;2025-11-17;1;0.42
28;2025-11-17;2;0.0
28;2025-11-17;3;0.0
28;2025-11-17;4;1.77
28;2025-11-17;5;75.36
28;2025-11-17;6;255.83
28;2025-11-17;7;785.15
28;2025-11-17;8;1250.95
28;2025-11-17;9;836.76
28;2025-11-17;10;605.31
28;2025-11-17;11;548.25
28;2025-11-17;12;669.4
28;2025-11-17;13;676.2
28;2025-11-17;14;614.63
28;2025-11-17;15;644.62
28;2025-11-17;16;853.09
28;2025-11-17;17;974.2
28;2025-11-17;18;953.29
28;2025-11-17;19;710.85
28;2025-11-17;20;489.47
28;2025-11-17;21;294.89
28;2025-11-17;22;120.6
28;2025-11-17;23;15.23
28;2025-11-18;0;2.14
28;2025-11-18;1;0.44
28;2025-11-18;2;0.0
28;2025-11-18;3;0.0
28;2025-11-18;4;1.81
28;2025-11-18;5;77.44
28;2025-11-18;6;262.9
28;2025-11-18;7;806.84
28;2025-11-18;8;1285.51
28;2025-11-18;9;859.88
28;2025-11-18;10;622.03
28;2025-11-18;11;563.4
28;2025-11-18;12;687.89
28;2025-11-18;13;694.89
28;2025-11-18;14;631.6
28;2025-11-18;15;662.43
28;2025-11-18;16;876.65
28;2025-11-18;17;1001.11
28;2025-11-18;18;979.62
28;2025-11-18;19;730.49
28;2025-11-18;20;502.99
28;2025-11-18;21;303.04
28;2025-11-18;22;123.93
28;2025-11-18;23;15.65
28;2025-11-19;0;2.18
28;2025-11-19;1;0.45
28;2025-11-19;2;0.0
28;2025-11-19;3;0.0
28;2025-11-19;4;1.85
28;2025-11-19;5;79.06
28;2025-11-19;6;268.42
28;2025-11-19;7;823.79
28;2025-11-19;8;1312.52
28;2025-11-19;9;877.95
28;2025-11-19;10;635.1
28;2025-11-19;11;575.24
28;2025-11-19;12;702.34
28;2025-11-19;13;709.48
28;2025-11-19;14;644.87
28;2025-11-19;15;676.35
28;2025-11-19;16;895.07
28;2025-11-19;17;1022.14
28;2025-11-19;18;1000.2
28;2025-11-19;19;745.84
28;2025-11-19;20;513.56
28;2025-11-19;21;309.4
28;2025-11-19;22;126.53
28;2025-11-19;23;15.98
28;2025-11-20;0;2.2
28;2025-11-20;1;0.45
28;2025-11-20;2;0.0
28;2025-11-20;3;0.0
28;2025-11-20;4;1.87
28;2025-11-20;5;79.69
28;2025-11-20;6;270.56
28;2025-11-20;7;830.34
28;2025-11-20;8;1322.95
28;2025-11-20;9;884.93
28;2025-11-20;10;640.15
28;2025-11-20;11;579.81
28;2025-11-20;12;707.93
28;2025-11-20;13;715.13
28;2025-11-20;14;650.0
28;2025-11-20;15;681.72
28;2025-11-20;16;902.19
28;2025-11-20;17;1030.27
28;2025-11-20;18;1008.15
28;2025-11-20;19;751.77
28;2025-11-20;20;517.64
28;2025-11-20;21;311.86
28;2025-11-20;22;127.54
28;2025-11-20;23;16.11
28;2025-11-21;0;1.06
28;2025-11-21;1;0.0
28;2025-11-21;2;0.0
28;2025-11-21;3;0.0
28;2025-11-21;4;1.28
28;2025-11-21;5;71.71
28;2025-11-21;6;257.69
28;2025-11-21;7;802.34
28;2025-11-21;8;1201.26
28;2025-11-21;9;815.21
28;2025-11-21;10;605.78
28;2025-11-21;11;573.82
28;2025-11-21;12;732.61
28;2025-11-21;13;726.62
28;2025-11-21;14;696.4
28;2025-11-21;15;731.32
28;2025-11-21;16;974.93
28;2025-11-21;17;1018.38
28;2025-11-21;18;852.97
28;2025-11-21;19;620.15
28;2025-11-21;20;451.44
28;2025-11-21;21;323.51
28;2025-11-21;22;141.65
28;2025-11-21;23;19.65
28;2025-11-22;0;2.74
28;2025-11-22;1;1.13
28;2025-11-22;2;0.0
28;2025-11-22;3;0.0
28;2025-11-22;4;1.18
28;2025-11-22;5;36.42
28;2025-11-22;6;98.54
28;2025-11-22;7;230.3
28;2025-11-22;8;382.56
28;2025-11-22;9;458.18
28;2025-11-22;10;500.46
28;2025-11-22;11;488.83
28;2025-11-22;12;578.19
28;2025-11-22;13;595.98
28;2025-11-22;14;587.12
28;2025-11-22;15;588.27
28;2025-11-22;16;541.52
28;2025-11-22;17;558.61
28;2025-11-22;18;487.92
28;2025-11-22;19;391.44
28;2025-11-22;20;282.54
28;2025-11-22;21;260.91
28;2025-11-22;22;120.13
28;2025-11-22;23;14.5
28;2025-11-23;0;1.31
28;2025-11-23;1;0.12
28;2025-11-23;2;0.0
28;2025-11-23;3;0.0
28;2025-11-23;4;0.66
28;2025-11-23;5;29.45
28;2025-11-23;6;81.78
28;2025-11-23;7;144.68
28;2025-11-23;8;246.0
28;2025-11-23;9;338.62
28;2025-11-23;10;379.05
28;2025-11-23;11;419.82
28;2025-11-23;12;451.05
28;2025-11-23;13;534.38
28;2025-11-23;14;507.14
28;2025-11-23;15;515.89
28;2025-11-23;16;463.41
28;2025-11-23;17;490.29
28;2025-11-23;18;413.92
28;2025-11-23;19;376.09
28;2025-11-23;20;285.75
28;2025-11-23;21;235.85
28;2025-11-23;22;105.74
28;2025-11-23;23;12.05
28;2025-11-24;0;2.07
28;2025-11-24;1;0.42
28;2025-11-24;2;0.0
28;2025-11-24;3;0.0
28;2025-11-24;4;1.76
28;2025-11-24;5;74.97
28;2025-11-24;6;254.5
28;2025-11-24;7;781.08
28;2025-11-24;8;1244.46
28;2025-11-24;9;832.42
28;2025-11-24;10;602.17
28;2025-11-24;11;545.41
28;2025-11-24;12;665.93
28;2025-11-24;13;672.7
28;2025-11-24;14;611.44
28;2025-11-24;15;641.28
28;2025-11-24;16;848.66
28;2025-11-24;17;969.15
28;2025-11-24;18;948.34
28;2025-11-24;19;707.16
28;2025-11-24;20;486.93
28;2025-11-24;21;293.36
28;2025-11-24;22;119.97
28;2025-11-24;23;15.15
28;2025-11-25;0;2.18
28;2025-11-25;1;0.44
28;2025-11-25;2;0.0
28;2025-11-25;3;0.0
28;2025-11-25;4;1.85
28;2025-11-25;5;78.91
28;2025-11-25;6;267.89
28;2025-11-25;7;822.15
28;2025-11-25;8;1309.91
28;2025-11-25;9;876.2
28;2025-11-25;10;633.84
28;2025-11-25;11;574.09
28;2025-11-25;12;700.95
28;2025-11-25;13;708.07
28;2025-11-25;14;643.59
28;2025-11-25;15;675.0
28;2025-11-25;16;893.29
28;2025-11-25;17;1020.11
28;2025-11-25;18;998.21
28;2025-11-25;19;744.35
28;2025-11-25;20;512.54
28;2025-11-25;21;308.79
28;2025-11-25;22;126.28
28;2025-11-25;23;15.95
28;2025-11-26;0;2.14
28;2025-11-26;1;0.44
28;2025-11-26;2;0.0
28;2025-11-26;3;0.0
28;2025-11-26;4;1.82
28;2025-11-26;5;77.56
28;2025-11-26;6;263.32
28;2025-11-26;7;808.12
28;2025-11-26;8;1287.56
28;2025-11-26;9;861.25
28;2025-11-26;10;623.02
28;2025-11-26;11;564.3
28;2025-11-26;12;688.99
28;2025-11-26;13;695.99
28;2025-11-26;14;632.61
28;2025-11-26;15;663.48
28;2025-11-26;16;878.05
28;2025-11-26;17;1002.7
28;2025-11-26;18;981.18
28;2025-11-26;19;731.65
28;2025-11-26;20;503.79
28;2025-11-26;21;303.52
28;2025-11-26;22;124.13
28;2025-11-26;23;15.68
28;2025-11-27;0;2.16
28;2025-11-27;1;0.44
28;2025-11-27;2;0.0
28;2025-11-27;3;0.0
28;2025-11-27;4;1.83
28;2025-11-27;5;78.27
28;2025-11-27;6;265.73
28;2025-11-27;7;815.53
28;2025-11-27;8;1299.35
28;2025-11-27;9;869.14
28;2025-11-27;10;628.73
28;2025-11-27;11;569.47
28;2025-11-27;12;695.3
28;2025-11-27;13;702.37
28;2025-11-27;14;638.41
28;2025-11-27;15;669.56
28;2025-11-27;16;886.09
28;2025-11-27;17;1011.89
28;2025-11-27;18;990.17
28;2025-11-27;19;738.36
28;2025-11-27;20;508.41
28;2025-11-27;21;306.3
28;2025-11-27;22;125.27
28;2025-11-27;23;15.82
28;2025-11-28;0;1.06
28;2025-11-28;1;0.0
28;2025-11-28;2;0.0
28;2025-11-28;3;0.0
28;2025-11-28;4;1.28
28;2025-11-28;5;71.79
28;2025-11-28;6;258.0
28;2025-11-28;7;803.31
28;2025-11-28;8;1202.7
28;2025-11-28;9;816.19
28;2025-11-28;10;606.51
28;2025-11-28;11;574.51
28;2025-11-28;12;733.49
28;2025-11-28;13;727.49
28;2025-11-28;14;697.24
28;2025-11-28;15;732.2
28;2025-11-28;16;976.1
28;2025-11-28;17;1019.6
28;2025-11-28;18;854.0
28;2025-11-28;19;620.9
28;2025-11-28;20;451.99
28;2025-11-28;21;323.9
28;2025-11-28;22;141.82
28;2025-11-28;23;19.67
28;2025-11-29;0;2.76
28;2025-11-29;1;1.13
28;2025-11-29;2;0.0
28;2025-11-29;3;0.0
28;2025-11-29;4;1.19
28;2025-11-29;5;36.66
28;2025-11-29;6;99.17
28;2025-11-29;7;231.77
28;2025-11-29;8;385.01
28;2025-11-29;9;461.12
28;2025-11-29;10;503.68
28;2025-11-29;11;491.97
28;2025-11-29;12;581.9
28;2025-11-29;13;599.81
28;2025-11-29;14;590.89
28;2025-11-29;15;592.05
28;2025-11-29;16;545.0
28;2025-11-29;17;562.2
28;2025-11-29;18;491.05
28;2025-11-29;19;393.95
28;2025-11-29;20;284.36
28;2025-11-29;21;262.58
28;2025-11-29;22;120.9
28;2025-11-29;23;14.6
28;2025-11-30;0;1.31
28;2025-11-30;1;0.12
28;2025-11-30;2;0.0
28;2025-11-30;3;0.0
28;2025-11-30;4;0.66
28;2025-11-30;5;29.45
28;2025-11-30;6;81.78
28;2025-11-30;7;144.68
28;2025-11-30;8;246.0
28;2025-11-30;9;338.62
28;2025-11-30;10;379.05
28;2025-11-30;11;419.82
28;2025-11-30;12;451.05
28;2025-11-30;13;534.38
28;2025-11-30;14;507.14
28;2025-11-30;15;515.89
28;2025-11-30;16;463.41
28;2025-11-30;17;490.29
28;2025-11-30;18;413.92
28;2025-11-30;19;376.09
28;2025-11-30;20;285.75
28;2025-11-30;21;235.85
28;2025-11-30;22;105.74
28;2025-11-30;23;12.05
28;2025-12-01;0;1.94
28;2025-12-01;1;0.38
28;2025-12-01;2;0.0
28;2025-12-01;3;0.0
28;2025-12-01;4;1.8
28;2025-12-01;5;76.45
28;2025-12-01;6;261.64
28;2025-12-01;7;795.4
28;2025-12-01;8;1256.19
28;2025-12-01;9;851.02
28;2025-12-01;10;615.87
28;2025-12-01;11;554.6
28;2025-12-01;12;674.62
28;2025-12-01;13;685.83
28;2025-12-01;14;620.34
28;2025-12-01;15;650.45
28;2025-12-01;16;854.75
28;2025-12-01;17;980.41
28;2025-12-01;18;962.68
28;2025-12-01;19;717.26
28;2025-12-01;20;495.19
28;2025-12-01;21;298.71
28;2025-12-01;22;124.41
28;2025-12-01;23;16.49
28;2025-12-02;0;2.01
28;2025-12-02;1;0.4
28;2025-12-02;2;0.0
28;2025-12-02;3;0.0
28;2025-12-02;4;1.87
28;2025-12-02;5;79.13
28;2025-12-02;6;270.81
28;2025-12-02;7;823.28
28;2025-12-02;8;1300.23
28;2025-12-02;9;880.85
28;2025-12-02;10;637.46
28;2025-12-02;11;574.04
28;2025-12-02;12;698.27
28;2025-12-02;13;709.87
28;2025-12-02;14;642.09
28;2025-12-02;15;673.25
28;2025-12-02;16;884.71
28;2025-12-02;17;1014.78
28;2025-12-02;18;996.42
28;2025-12-02;19;742.4
28;2025-12-02;20;512.55
28;2025-12-02;21;309.18
28;2025-12-02;22;128.77
28;2025-12-02;23;17.07
28;2025-12-03;0;2.01
28;2025-12-03;1;0.4
28;2025-12-03;2;0.0
28;2025-12-03;3;0.0
28;2025-12-03;4;1.87
28;2025-12-03;5;79.29
28;2025-12-03;6;271.35
28;2025-12-03;7;824.92
28;2025-12-03;8;1302.82
28;2025-12-03;9;882.6
28;2025-12-03;10;638.73
28;2025-12-03;11;575.19
28;2025-12-03;12;699.66
28;2025-12-03;13;711.29
28;2025-12-03;14;643.37
28;2025-12-03;15;674.59
28;2025-12-03;16;886.47
28;2025-12-03;17;1016.8
28;2025-12-03;18;998.41
28;2025-12-03;19;743.88
28;2025-12-03;20;513.57
28;2025-12-03;21;309.8
28;2025-12-03;22;129.03
28;2025-12-03;23;17.11
28;2025-12-04;0;2.03
28;2025-12-04;1;0.4
28;2025-12-04;2;0.0
28;2025-12-04;3;0.0
28;2025-12-04;4;1.89
28;2025-12-04;5;79.92
28;2025-12-04;6;273.51
28;2025-12-04;7;831.48
28;2025-12-04;8;1313.18
28;2025-12-04;9;889.62
28;2025-12-04;10;643.81
28;2025-12-04;11;579.76
28;2025-12-04;12;705.22
28;2025-12-04;13;716.94
28;2025-12-04;14;648.48
28;2025-12-04;15;679.96
28;2025-12-04;16;893.52
28;2025-12-04;17;1024.89
28;2025-12-04;18;1006.35
28;2025-12-04;19;749.8
28;2025-12-04;20;517.65
28;2025-12-04;21;312.26
28;2025-12-04;22;130.05
28;2025-12-04;23;17.24
28;2025-12-05;0;0.91
28;2025-12-05;1;0.0
28;2025-12-05;2;0.0
28;2025-12-05;3;0.0
28;2025-12-05;4;1.24
28;2025-12-05;5;71.27
28;2025-12-05;6;257.27
28;2025-12-05;7;799.45
28;2025-12-05;8;1195.76
28;2025-12-05;9;822.64
28;2025-12-05;10;612.62
28;2025-12-05;11;572.73
28;2025-12-05;12;728.54
28;2025-12-05;13;732.31
28;2025-12-05;14;698.69
28;2025-12-05;15;728.49
28;2025-12-05;16;973.29
28;2025-12-05;17;1019.77
28;2025-12-05;18;846.24
28;2025-12-05;19;617.46
28;2025-12-05;20;457.2
28;2025-12-05;21;319.44
28;2025-12-05;22;143.41
28;2025-12-05;23;20.23
28;2025-12-06;0;2.66
28;2025-12-06;1;0.96
28;2025-12-06;2;0.0
28;2025-12-06;3;0.0
28;2025-12-06;4;1.22
28;2025-12-06;5;35.2
28;2025-12-06;6;96.15
28;2025-12-06;7;225.1
28;2025-12-06;8;371.1
28;2025-12-06;9;455.33
28;2025-12-06;10;497.71
28;2025-12-06;11;488.22
28;2025-12-06;12;576.55
28;2025-12-06;13;598.94
28;2025-12-06;14;589.74
28;2025-12-06;15;584.87
28;2025-12-06;16;544.35
28;2025-12-06;17;562.63
28;2025-12-06;18;490.46
28;2025-12-06;19;393.12
28;2025-12-06;20;282.84
28;2025-12-06;21;260.55
28;2025-12-06;22;121.18
28;2025-12-06;23;15.1
28;2025-12-07;0;1.63
28;2025-12-07;1;0.15
28;2025-12-07;2;0.0
28;2025-12-07;3;0.0
28;2025-12-07;4;0.69
28;2025-12-07;5;29.17
28;2025-12-07;6;80.96
28;2025-12-07;7;141.79
28;2025-12-07;8;242.73
28;2025-12-07;9;332.5
28;2025-12-07;10;372.69
28;2025-12-07;11;415.77
28;2025-12-07;12;448.63
28;2025-12-07;13;531.02
28;2025-12-07;14;504.34
28;2025-12-07;15;512.29
28;2025-12-07;16;460.24
28;2025-12-07;17;486.47
28;2025-12-07;18;415.18
28;2025-12-07;19;369.33
28;2025-12-07;20;286.39
28;2025-12-07;21;234.09
28;2025-12-07;22;105.3
28;2025-12-07;23;11.98
28;2025-12-08;0;1.94
28;2025-12-08;1;0.38
28;2025-12-08;2;0.0
28;2025-12-08;3;0.0
28;2025-12-08;4;1.8
28;2025-12-08;5;76.45
28;2025-12-08;6;261.64
28;2025-12-08;7;795.4
28;2025-12-08;8;1256.19
28;2025-12-08;9;851.02
28;2025-12-08;10;615.87
28;2025-12-08;11;554.6
28;2025-12-08;12;674.62
28;2025-12-08;13;685.83
28;2025-12-08;14;620.34
28;2025-12-08;15;650.45
28;2025-12-08;16;854.75
28;2025-12-08;17;980.41
28;2025-12-08;18;962.68
28;2025-12-08;19;717.26
28;2025-12-08;20;495.19
28;2025-12-08;21;298.71
28;2025-12-08;22;124.41
28;2025-12-08;23;16.49
28;2025-12-09;0;2.01
28;2025-12-09;1;0.4
28;2025-12-09;2;0.0
28;2025-12-09;3;0.0
28;2025-12-09;4;1.87
28;2025-12-09;5;79.07
28;2025-12-09;6;270.59
28;2025-12-09;7;822.62
28;2025-12-09;8;1299.19
28;2025-12-09;9;880.14
28;2025-12-09;10;636.95
28;2025-12-09;11;573.58
28;2025-12-09;12;697.71
28;2025-12-09;13;709.3
28;2025-12-09;14;641.58
28;2025-12-09;15;672.71
28;2025-12-09;16;884.0
28;2025-12-09;17;1013.97
28;2025-12-09;18;995.63
28;2025-12-09;19;741.81
28;2025-12-09;20;512.14
28;2025-12-09;21;308.94
28;2025-12-09;22;128.67
28;2025-12-09;23;17.06
28;2025-12-10;0;2.01
28;2025-12-10;1;0.4
28;2025-12-10;2;0.0
28;2025-12-10;3;0.0
28;2025-12-10;4;1.86
28;2025-12-10;5;79.03
28;2025-12-10;6;270.48
28;2025-12-10;7;822.29
28;2025-12-10;8;1298.65
28;2025-12-10;9;879.78
28;2025-12-10;10;636.69
28;2025-12-10;11;573.35
28;2025-12-10;12;697.42
28;2025-12-10;13;709.01
28;2025-12-10;14;641.31
28;2025-12-10;15;672.44
28;2025-12-10;16;883.64
28;2025-12-10;17;1013.55
28;2025-12-10;18;995.22
28;2025-12-10;19;741.5
28;2025-12-10;20;511.93
28;2025-12-10;21;308.81
28;2025-12-10;22;128.62
28;2025-12-10;23;17.05
28;2025-12-11;0;1.99
28;2025-12-11;1;0.39
28;2025-12-11;2;0.0
28;2025-12-11;3;0.0
28;2025-12-11;4;1.85
28;2025-12-11;5;78.59
28;2025-12-11;6;268.95
28;2025-12-11;7;817.63
28;2025-12-11;8;1291.3
28;2025-12-11;9;874.8
28;2025-12-11;10;633.08
28;2025-12-11;11;570.1
28;2025-12-11;12;693.47
28;2025-12-11;13;705.0
28;2025-12-11;14;637.68
28;2025-12-11;15;668.63
28;2025-12-11;16;878.64
28;2025-12-11;17;1007.81
28;2025-12-11;18;989.58
28;2025-12-11;19;737.3
28;2025-12-11;20;509.03
28;2025-12-11;21;307.06
28;2025-12-11;22;127.89
28;2025-12-11;23;16.96
28;2025-12-12;0;0.89
28;2025-12-12;1;0.0
28;2025-12-12;2;0.0
28;2025-12-12;3;0.0
28;2025-12-12;4;1.22
28;2025-12-12;5;70.28
28;2025-12-12;6;253.7
28;2025-12-12;7;788.34
28;2025-12-12;8;1179.13
28;2025-12-12;9;811.2
28;2025-12-12;10;604.1
28;2025-12-12;11;564.77
28;2025-12-12;12;718.41
28;2025-12-12;13;722.13
28;2025-12-12;14;688.98
28;2025-12-12;15;718.37
28;2025-12-12;16;959.76
28;2025-12-12;17;1005.59
28;2025-12-12;18;834.48
28;2025-12-12;19;608.88
28;2025-12-12;20;450.85
28;2025-12-12;21;315.0
28;2025-12-12;22;141.41
28;2025-12-12;23;19.95
28;2025-12-13;0;2.65
28;2025-12-13;1;0.96
28;2025-12-13;2;0.0
28;2025-12-13;3;0.0
28;2025-12-13;4;1.21
28;2025-12-13;5;35.14
28;2025-12-13;6;96.0
28;2025-12-13;7;224.74
28;2025-12-13;8;370.5
28;2025-12-13;9;454.6
28;2025-12-13;10;496.92
28;2025-12-13;11;487.44
28;2025-12-13;12;575.63
28;2025-12-13;13;597.98
28;2025-12-13;14;588.79
28;2025-12-13;15;583.93
28;2025-12-13;16;543.48
28;2025-12-13;17;561.73
28;2025-12-13;18;489.67
28;2025-12-13;19;392.49
28;2025-12-13;20;282.39
28;2025-12-13;21;260.13
28;2025-12-13;22;120.99
28;2025-12-13;23;15.08
28;2025-12-14;0;1.63
28;2025-12-14;1;0.15
28;2025-12-14;2;0.0
28;2025-12-14;3;0.0
28;2025-12-14;4;0.69
28;2025-12-14;5;29.15
28;2025-12-14;6;80.93
28;2025-12-14;7;141.74
28;2025-12-14;8;242.63
28;2025-12-14;9;332.37
28;2025-12-14;10;372.54
28;2025-12-14;11;415.6
28;2025-12-14;12;448.45
28;2025-12-14;13;530.81
28;2025-12-14;14;504.14
28;2025-12-14;15;512.08
28;2025-12-14;16;460.06
28;2025-12-14;17;486.28
28;2025-12-14;18;415.01
28;2025-12-14;19;369.19
28;2025-12-14;20;286.28
28;2025-12-14;21;234.0
28;2025-12-14;22;105.25
28;2025-12-14;23;11.98
28;2025-12-15;0;1.94
28;2025-12-15;1;0.38
28;2025-12-15;2;0.0
28;2025-12-15;3;0.0
28;2025-12-15;4;1.8
28;2025-12-15;5;76.42
28;2025-12-15;6;261.53
28;2025-12-15;7;795.08
28;2025-12-15;8;1255.69
28;2025-12-15;9;850.68
28;2025-12-15;10;615.63
28;2025-12-15;11;554.38
28;2025-12-15;12;674.35
28;2025-12-15;13;685.56
28;2025-12-15;14;620.1
28;2025-12-15;15;650.19
28;2025-12-15;16;854.41
28;2025-12-15;17;980.02
28;2025-12-15;18;962.3
28;2025-12-15;19;716.97
28;2025-12-15;20;494.99
28;2025-12-15;21;298.59
28;2025-12-15;22;124.36
28;2025-12-15;23;16.49
28;2025-12-16;0;2.0
28;2025-12-16;1;0.39
28;2025-12-16;2;0.0
28;2025-12-16;3;0.0
28;2025-12-16;4;1.86
28;2025-12-16;5;78.69
28;2025-12-16;6;269.3
28;2025-12-16;7;818.68
28;2025-12-16;8;1292.96
28;2025-12-16;9;875.93
28;2025-12-16;10;633.9
28;2025-12-16;11;570.84
28;2025-12-16;12;694.37
28;2025-12-16;13;705.91
28;2025-12-16;14;638.5
28;2025-12-16;15;669.49
28;2025-12-16;16;879.77
28;2025-12-16;17;1009.11
28;2025-12-16;18;990.86
28;2025-12-16;19;738.26
28;2025-12-16;20;509.68
28;2025-12-16;21;307.46
28;2025-12-16;22;128.05
28;2025-12-16;23;16.98
28;2025-12-17;0;2.01
28;2025-12-17;1;0.4
28;2025-12-17;2;0.0
28;2025-12-17;3;0.0
28;2025-12-17;4;1.87
28;2025-12-17;5;79.29
28;2025-12-17;6;271.35
28;2025-12-17;7;824.92
28;2025-12-17;8;1302.82
28;2025-12-17;9;882.6
28;2025-12-17;10;638.73
28;2025-12-17;11;575.19
28;2025-12-17;12;699.66
28;2025-12-17;13;711.29
28;2025-12-17;14;643.37
28;2025-12-17;15;674.59
28;2025-12-17;16;886.47
28;2025-12-17;17;1016.8
28;2025-12-17;18;998.41
28;2025-12-17;19;743.88
28;2025-12-17;20;513.57
28;2025-12-17;21;309.8
28;2025-12-17;22;129.03
28;2025-12-17;23;17.11
28;2025-12-18;0;2.03
28;2025-12-18;1;0.4
28;2025-12-18;2;0.0
28;2025-12-18;3;0.0
28;2025-12-18;4;1.89
28;2025-12-18;5;79.92
28;2025-12-18;6;273.51
28;2025-12-18;7;831.48
28;2025-12-18;8;1313.18
28;2025-12-18;9;889.62
28;2025-12-18;10;643.81
28;2025-12-18;11;579.76
28;2025-12-18;12;705.22
28;2025-12-18;13;716.94
28;2025-12-18;14;648.48
28;2025-12-18;15;679.96
28;2025-12-18;16;893.52
28;2025-12-18;17;1024.89
28;2025-12-18;18;1006.35
28;2025-12-18;19;749.8
28;2025-12-18;20;517.65
28;2025-12-18;21;312.26
28;2025-12-18;22;130.05
28;2025-12-18;23;17.24
28;2025-12-19;0;0.91
28;2025-12-19;1;0.0
28;2025-12-19;2;0.0
28;2025-12-19;3;0.0
28;2025-12-19;4;1.24
28;2025-12-19;5;71.21
28;2025-12-19;6;257.07
28;2025-12-19;7;798.81
28;2025-12-19;8;1194.8
28;2025-12-19;9;821.98
28;2025-12-19;10;612.13
28;2025-12-19;11;572.27
28;2025-12-19;12;727.96
28;2025-12-19;13;731.72
28;2025-12-19;14;698.13
28;2025-12-19;15;727.91
28;2025-12-19;16;972.51
28;2025-12-19;17;1018.95
28;2025-12-19;18;845.56
28;2025-12-19;19;616.97
28;2025-12-19;20;456.84
28;2025-12-19;21;319.19
28;2025-12-19;22;143.29
28;2025-12-19;23;20.21
28;2025-12-20;0;2.66
28;2025-12-20;1;0.96
28;2025-12-20;2;0.0
28;2025-12-20;3;0.0
28;2025-12-20;4;1.22
28;2025-12-20;5;35.2
28;2025-12-20;6;96.15
28;2025-12-20;7;225.1
28;2025-12-20;8;371.1
28;2025-12-20;9;455.33
28;2025-12-20;10;497.71
28;2025-12-20;11;488.22
28;2025-12-20;12;576.55
28;2025-12-20;13;598.94
28;2025-12-20;14;589.74
28;2025-12-20;15;584.87
28;2025-12-20;16;544.35
28;2025-12-20;17;562.63
28;2025-12-20;18;490.46
28;2025-12-20;19;393.12
28;2025-12-20;20;282.84
28;2025-12-20;21;260.55
28;2025-12-20;22;121.18
28;2025-12-20;23;15.1
28;2025-12-21;0;1.62
28;2025-12-21;1;0.15
28;2025-12-21;2;0.0
28;2025-12-21;3;0.0
28;2025-12-21;4;0.69
28;2025-12-21;5;29.11
28;2025-12-21;6;80.8
28;2025-12-21;7;141.51
28;2025-12-21;8;242.24
28;2025-12-21;9;331.84
28;2025-12-21;10;371.94
28;2025-12-21;11;414.94
28;2025-12-21;12;447.73
28;2025-12-21;13;529.96
28;2025-12-21;14;503.34
28;2025-12-21;15;511.26
28;2025-12-21;16;459.32
28;2025-12-21;17;485.5
28;2025-12-21;18;414.35
28;2025-12-21;19;368.6
28;2025-12-21;20;285.82
28;2025-12-21;21;233.62
28;2025-12-21;22;105.09
28;2025-12-21;23;11.96
28;2025-12-22;0;1.89
28;2025-12-22;1;0.37
28;2025-12-22;2;0.0
28;2025-12-22;3;0.0
28;2025-12-22;4;1.76
28;2025-12-22;5;74.65
28;2025-12-22;6;255.48
28;2025-12-22;7;776.69
28;2025-12-22;8;1226.65
28;2025-12-22;9;831.0
28;2025-12-22;10;601.39
28;2025-12-22;11;541.56
28;2025-12-22;12;658.75
28;2025-12-22;13;669.7
28;2025-12-22;14;605.75
28;2025-12-22;15;635.15
28;2025-12-22;16;834.64
28;2025-12-22;17;957.35
28;2025-12-22;18;940.04
28;2025-12-22;19;700.39
28;2025-12-22;20;483.54
28;2025-12-22;21;291.69
28;2025-12-22;22;121.48
28;2025-12-22;23;16.11
28;2025-12-23;0;1.97
28;2025-12-23;1;0.39
28;2025-12-23;2;0.0
28;2025-12-23;3;0.0
28;2025-12-23;4;1.83
28;2025-12-23;5;77.55
28;2025-12-23;6;265.39
28;2025-12-23;7;806.81
28;2025-12-23;8;1274.22
28;2025-12-23;9;863.23
28;2025-12-23;10;624.71
28;2025-12-23;11;562.56
28;2025-12-23;12;684.3
28;2025-12-23;13;695.67
28;2025-12-23;14;629.25
28;2025-12-23;15;659.78
28;2025-12-23;16;867.02
28;2025-12-23;17;994.48
28;2025-12-23;18;976.5
28;2025-12-23;19;727.55
28;2025-12-23;20;502.29
28;2025-12-23;21;303.0
28;2025-12-23;22;126.2
28;2025-12-23;23;16.73
28;2025-12-24;0;1.97
28;2025-12-24;1;0.39
28;2025-12-24;2;0.0
28;2025-12-24;3;0.0
28;2025-12-24;4;1.83
28;2025-12-24;5;77.51
28;2025-12-24;6;265.28
28;2025-12-24;7;806.48
28;2025-12-24;8;1273.7
28;2025-12-24;9;862.87
28;2025-12-24;10;624.45
28;2025-12-24;11;562.33
28;2025-12-24;12;684.02
28;2025-12-24;13;695.39
28;2025-12-24;14;628.99
28;2025-12-24;15;659.51
28;2025-12-24;16;866.66
28;2025-12-24;17;994.08
28;2025-12-24;18;976.1
28;2025-12-24;19;727.26
28;2025-12-24;20;502.09
28;2025-12-24;21;302.88
28;2025-12-24;22;126.14
28;2025-12-24;23;16.72
28;2025-12-25;0;1.97
28;2025-12-25;1;0.39
28;2025-12-25;2;0.0
28;2025-12-25;3;0.0
28;2025-12-25;4;1.83
28;2025-12-25;5;77.63
28;2025-12-25;6;265.69
28;2025-12-25;7;807.71
28;2025-12-25;8;1275.64
28;2025-12-25;9;864.19
28;2025-12-25;10;625.4
28;2025-12-25;11;563.19
28;2025-12-25;12;685.06
28;2025-12-25;13;696.45
28;2025-12-25;14;629.95
28;2025-12-25;15;660.52
28;2025-12-25;16;867.98
28;2025-12-25;17;995.59
28;2025-12-25;18;977.58
28;2025-12-25;19;728.36
28;2025-12-25;20;502.85
28;2025-12-25;21;303.34
28;2025-12-25;22;126.34
28;2025-12-25;23;16.75
28;2025-12-26;0;0.87
28;2025-12-26;1;0.0
28;2025-12-26;2;0.0
28;2025-12-26;3;0.0
28;2025-12-26;4;1.19
28;2025-12-26;5;68.41
28;2025-12-26;6;246.94
28;2025-12-26;7;767.33
28;2025-12-26;8;1147.72
28;2025-12-26;9;789.59
28;2025-12-26;10;588.01
28;2025-12-26;11;549.72
28;2025-12-26;12;699.27
28;2025-12-26;13;702.89
28;2025-12-26;14;670.62
28;2025-12-26;15;699.23
28;2025-12-26;16;934.19
28;2025-12-26;17;978.8
28;2025-12-26;18;812.25
28;2025-12-26;19;592.66
28;2025-12-26;20;438.84
28;2025-12-26;21;306.61
28;2025-12-26;22;137.64
28;2025-12-26;23;19.42
28;2025-12-27;0;2.65
28;2025-12-27;1;0.96
28;2025-12-27;2;0.0
28;2025-12-27;3;0.0
28;2025-12-27;4;1.21
28;2025-12-27;5;35.13
28;2025-12-27;6;95.96
28;2025-12-27;7;224.65
28;2025-12-27;8;370.35
28;2025-12-27;9;454.42
28;2025-12-27;10;496.72
28;2025-12-27;11;487.25
28;2025-12-27;12;575.4
28;2025-12-27;13;597.75
28;2025-12-27;14;588.56
28;2025-12-27;15;583.7
28;2025-12-27;16;543.27
28;2025-12-27;17;561.5
28;2025-12-27;18;489.48
28;2025-12-27;19;392.33
28;2025-12-27;20;282.27
28;2025-12-27;21;260.03
28;2025-12-27;22;120.94
28;2025-12-27;23;15.07
28;2025-12-28;0;1.61
28;2025-12-28;1;0.15
28;2025-12-28;2;0.0
28;2025-12-28;3;0.0
28;2025-12-28;4;0.68
28;2025-12-28;5;28.93
28;2025-12-28;6;80.32
28;2025-12-28;7;140.66
28;2025-12-28;8;240.79
28;2025-12-28;9;329.85
28;2025-12-28;10;369.72
28;2025-12-28;11;412.46
28;2025-12-28;12;445.05
28;2025-12-28;13;526.79
28;2025-12-28;14;500.33
28;2025-12-28;15;508.2
28;2025-12-28;16;456.57
28;2025-12-28;17;482.6
28;2025-12-28;18;411.87
28;2025-12-28;19;366.39
28;2025-12-28;20;284.11
28;2025-12-28;21;232.22
28;2025-12-28;22;104.46
28;2025-12-28;23;11.89
28;2025-12-29;0;1.73
28;2025-12-29;1;0.34
28;2025-12-29;2;0.0
28;2025-12-29;3;0.0
28;2025-12-29;4;1.61
28;2025-12-29;5;68.34
28;2025-12-29;6;233.88
28;2025-12-29;7;711.01
28;2025-12-29;8;1122.91
28;2025-12-29;9;760.72
28;2025-12-29;10;550.53
28;2025-12-29;11;495.76
28;2025-12-29;12;603.04
28;2025-12-29;13;613.07
28;2025-12-29;14;554.53
28;2025-12-29;15;581.44
28;2025-12-29;16;764.06
28;2025-12-29;17;876.39
28;2025-12-29;18;860.54
28;2025-12-29;19;641.16
28;2025-12-29;20;442.65
28;2025-12-29;21;267.02
28;2025-12-29;22;111.21
28;2025-12-29;23;14.74
28;2025-12-30;0;1.68
28;2025-12-30;1;0.33
28;2025-12-30;2;0.0
28;2025-12-30;3;0.0
28;2025-12-30;4;1.56
28;2025-12-30;5;66.32
28;2025-12-30;6;226.99
28;2025-12-30;7;690.06
28;2025-12-30;8;1089.83
28;2025-12-30;9;738.31
28;2025-12-30;10;534.31
28;2025-12-30;11;481.15
28;2025-12-30;12;585.27
28;2025-12-30;13;595.0
28;2025-12-30;14;538.19
28;2025-12-30;15;564.31
28;2025-12-30;16;741.55
28;2025-12-30;17;850.57
28;2025-12-30;18;835.19
28;2025-12-30;19;622.27
28;2025-12-30;20;429.61
28;2025-12-30;21;259.15
28;2025-12-30;22;107.93
28;2025-12-30;23;14.31
28;2025-12-31;0;2.27
28;2025-12-31;1;0.82
28;2025-12-31;2;0.0
28;2025-12-31;3;0.0
28;2025-12-31;4;1.04
28;2025-12-31;5;30.09
28;2025-12-31;6;82.2
28;2025-12-31;7;192.43
28;2025-12-31;8;317.25
28;2025-12-31;9;389.26
28;2025-12-31;10;425.49
28;2025-12-31;11;417.38
28;2025-12-31;12;492.89
28;2025-12-31;13;512.03
28;2025-12-31;14;504.16
28;2025-12-31;15;500.0
28;2025-12-31;16;465.36
28;2025-12-31;17;480.98
28;2025-12-31;18;419.29
28;2025-12-31;19;336.07
28;2025-12-31;20;241.8
28;2025-12-31;21;133.65
28;2025-12-31;22;62.16
28;2025-12-31;23;7.75
50;2025-11-01;0;55.0
50;2025-11-01;1;6.0
50;2025-11-01;2;0.02
50;2025-11-01;3;14.26
50;2025-11-01;4;3.57
50;2025-11-01;5;99.59
50;2025-11-01;6;364.95
50;2025-11-01;7;1035.8
50;2025-11-01;8;1669.03
50;2025-11-01;9;1587.76
50;2025-11-01;10;1053.59
50;2025-11-01;11;1267.91
50;2025-11-01;12;1463.6
50;2025-11-01;13;1319.1
50;2025-11-01;14;1391.94
50;2025-11-01;15;1725.15
50;2025-11-01;16;1665.49
50;2025-11-01;17;1646.09
50;2025-11-01;18;1113.65
50;2025-11-01;19;850.7
50;2025-11-01;20;577.04
50;2025-11-01;21;451.71
50;2025-11-01;22;268.19
50;2025-11-01;23;137.7
50;2025-11-02;0;1.57
50;2025-11-02;1;0.11
50;2025-11-02;2;0.0
50;2025-11-02;3;0.07
50;2025-11-02;4;0.01
50;2025-11-02;5;0.29
50;2025-11-02;6;0.5
50;2025-11-02;7;0.63
50;2025-11-02;8;1.24
50;2025-11-02;9;2.15
50;2025-11-02;10;1.33
50;2025-11-02;11;3.58
50;2025-11-02;12;4.38
50;2025-11-02;13;3.7
50;2025-11-02;14;4.89
50;2025-11-02;15;5.16
50;2025-11-02;16;3.93
50;2025-11-02;17;3.96
50;2025-11-02;18;1.94
50;2025-11-02;19;2.1
50;2025-11-02;20;1.42
50;2025-11-02;21;1.04
50;2025-11-02;22;1.07
50;2025-11-02;23;0.35
50;2025-11-03;0;1.68
50;2025-11-03;1;0.12
50;2025-11-03;2;0.0
50;2025-11-03;3;0.07
50;2025-11-03;4;0.01
50;2025-11-03;5;0.3
50;2025-11-03;6;0.54
50;2025-11-03;7;0.68
50;2025-11-03;8;1.33
50;2025-11-03;9;2.29
50;2025-11-03;10;1.42
50;2025-11-03;11;3.82
50;2025-11-03;12;4.68
50;2025-11-03;13;3.95
50;2025-11-03;14;5.22
50;2025-11-03;15;5.5
50;2025-11-03;16;4.19
50;2025-11-03;17;4.22
50;2025-11-03;18;2.07
50;2025-11-03;19;2.24
50;2025-11-03;20;1.52
50;2025-11-03;21;1.11
50;2025-11-03;22;1.14
50;2025-11-03;23;0.38
50;2025-11-04;0;1.67
50;2025-11-04;1;0.12
50;2025-11-04;2;0.0
50;2025-11-04;3;0.07
50;2025-11-04;4;0.01
50;2025-11-04;5;0.3
50;2025-11-04;6;0.54
50;2025-11-04;7;0.67
50;2025-11-04;8;1.32
50;2025-11-04;9;2.28
50;2025-11-04;10;1.41
50;2025-11-04;11;3.81
50;2025-11-04;12;4.66
50;2025-11-04;13;3.94
50;2025-11-04;14;5.2
50;2025-11-04;15;5.48
50;2025-11-04;16;4.18
50;2025-11-04;17;4.21
50;2025-11-04;18;2.06
50;2025-11-04;19;2.24
50;2025-11-04;20;1.51
50;2025-11-04;21;1.11
50;2025-11-04;22;1.14
50;2025-11-04;23;0.38
50;2025-11-05;0;31.75
50;2025-11-05;1;2.91
50;2025-11-05;2;0.3
50;2025-11-05;3;0.04
50;2025-11-05;4;2.84
50;2025-11-05;5;68.17
50;2025-11-05;6;543.74
50;2025-11-05;7;1771.75
50;2025-11-05;8;2839.09
50;2025-11-05;9;2182.97
50;2025-11-05;10;1685.76
50;2025-11-05;11;1585.3
50;2025-11-05;12;1454.59
50;2025-11-05;13;1499.13
50;2025-11-05;14;1445.99
50;2025-11-05;15;1756.47
50;2025-11-05;16;1715.99
50;2025-11-05;17;2431.82
50;2025-11-05;18;2521.46
50;2025-11-05;19;1490.57
50;2025-11-05;20;940.32
50;2025-11-05;21;643.0
50;2025-11-05;22;279.5
50;2025-11-05;23;142.25
50;2025-11-06;0;31.81
50;2025-11-06;1;2.91
50;2025-11-06;2;0.3
50;2025-11-06;3;0.04
50;2025-11-06;4;2.84
50;2025-11-06;5;68.3
50;2025-11-06;6;544.78
50;2025-11-06;7;1775.16
50;2025-11-06;8;2844.55
50;2025-11-06;9;2187.17
50;2025-11-06;10;1689.0
50;2025-11-06;11;1588.34
50;2025-11-06;12;1457.38
50;2025-11-06;13;1502.01
50;2025-11-06;14;1448.77
50;2025-11-06;15;1759.85
50;2025-11-06;16;1719.29
50;2025-11-06;17;2436.5
50;2025-11-06;18;2526.31
50;2025-11-06;19;1493.43
50;2025-11-06;20;942.13
50;2025-11-06;21;644.24
50;2025-11-06;22;280.03
50;2025-11-06;23;142.53
50;2025-11-07;0;42.84
50;2025-11-07;1;2.33
50;2025-11-07;2;0.05
50;2025-11-07;3;0.0
50;2025-11-07;4;2.96
50;2025-11-07;5;65.43
50;2025-11-07;6;532.34
50;2025-11-07;7;1781.7
50;2025-11-07;8;2775.38
50;2025-11-07;9;2106.53
50;2025-11-07;10;1577.05
50;2025-11-07;11;1637.1
50;2025-11-07;12;1551.67
50;2025-11-07;13;1573.55
50;2025-11-07;14;1544.24
50;2025-11-07;15;1856.15
50;2025-11-07;16;2254.64
50;2025-11-07;17;2278.28
50;2025-11-07;18;1792.58
50;2025-11-07;19;1285.63
50;2025-11-07;20;848.47
50;2025-11-07;21;605.04
50;2025-11-07;22;311.79
50;2025-11-07;23;180.04
50;2025-11-08;0;12.04
50;2025-11-08;1;0.87
50;2025-11-08;2;0.0
50;2025-11-08;3;0.54
50;2025-11-08;4;0.07
50;2025-11-08;5;2.27
50;2025-11-08;6;2.81
50;2025-11-08;7;4.42
50;2025-11-08;8;8.83
50;2025-11-08;9;16.73
50;2025-11-08;10;5.95
50;2025-11-08;11;10.77
50;2025-11-08;12;19.74
50;2025-11-08;13;13.05
50;2025-11-08;14;16.06
50;2025-11-08;15;23.42
50;2025-11-08;16;14.99
50;2025-11-08;17;14.32
50;2025-11-08;18;3.48
50;2025-11-08;19;3.28
50;2025-11-08;20;2.07
50;2025-11-08;21;2.41
50;2025-11-08;22;2.27
50;2025-11-08;23;0.67
50;2025-11-09;0;0.14
50;2025-11-09;1;0.0
50;2025-11-09;2;0.0
50;2025-11-09;3;0.0
50;2025-11-09;4;0.0
50;2025-11-09;5;0.0
50;2025-11-09;6;0.34
50;2025-11-09;7;0.18
50;2025-11-09;8;0.31
50;2025-11-09;9;0.11
50;2025-11-09;10;1.32
50;2025-11-09;11;5.08
50;2025-11-09;12;4.34
50;2025-11-09;13;4.7
50;2025-11-09;14;6.54
50;2025-11-09;15;5.04
50;2025-11-09;16;4.66
50;2025-11-09;17;4.91
50;2025-11-09;18;3.41
50;2025-11-09;19;3.85
50;2025-11-09;20;2.64
50;2025-11-09;21;1.68
50;2025-11-09;22;1.79
50;2025-11-09;23;0.61
50;2025-11-10;0;30.61
50;2025-11-10;1;2.8
50;2025-11-10;2;0.29
50;2025-11-10;3;0.04
50;2025-11-10;4;2.74
50;2025-11-10;5;65.73
50;2025-11-10;6;524.28
50;2025-11-10;7;1708.35
50;2025-11-10;8;2737.49
50;2025-11-10;9;2104.85
50;2025-11-10;10;1625.43
50;2025-11-10;11;1528.57
50;2025-11-10;12;1402.53
50;2025-11-10;13;1445.48
50;2025-11-10;14;1394.25
50;2025-11-10;15;1693.61
50;2025-11-10;16;1654.58
50;2025-11-10;17;2344.8
50;2025-11-10;18;2431.23
50;2025-11-10;19;1437.23
50;2025-11-10;20;906.67
50;2025-11-10;21;619.99
50;2025-11-10;22;269.49
50;2025-11-10;23;137.16
50;2025-11-11;0;31.69
50;2025-11-11;1;2.9
50;2025-11-11;2;0.3
50;2025-11-11;3;0.04
50;2025-11-11;4;2.83
50;2025-11-11;5;68.03
50;2025-11-11;6;542.66
50;2025-11-11;7;1768.23
50;2025-11-11;8;2833.44
50;2025-11-11;9;2178.63
50;2025-11-11;10;1682.41
50;2025-11-11;11;1582.14
50;2025-11-11;12;1451.69
50;2025-11-11;13;1496.15
50;2025-11-11;14;1443.12
50;2025-11-11;15;1752.98
50;2025-11-11;16;1712.58
50;2025-11-11;17;2426.99
50;2025-11-11;18;2516.44
50;2025-11-11;19;1487.61
50;2025-11-11;20;938.45
50;2025-11-11;21;641.73
50;2025-11-11;22;278.94
50;2025-11-11;23;141.97
50;2025-11-12;0;31.62
50;2025-11-12;1;2.9
50;2025-11-12;2;0.3
50;2025-11-12;3;0.04
50;2025-11-12;4;2.83
50;2025-11-12;5;67.89
50;2025-11-12;6;541.57
50;2025-11-12;7;1764.68
50;2025-11-12;8;2827.75
50;2025-11-12;9;2174.26
50;2025-11-12;10;1679.03
50;2025-11-12;11;1578.97
50;2025-11-12;12;1448.78
50;2025-11-12;13;1493.15
50;2025-11-12;14;1440.22
50;2025-11-12;15;1749.46
50;2025-11-12;16;1709.14
50;2025-11-12;17;2422.11
50;2025-11-12;18;2511.39
50;2025-11-12;19;1484.62
50;2025-11-12;20;936.57
50;2025-11-12;21;640.44
50;2025-11-12;22;278.38
50;2025-11-12;23;141.69
50;2025-11-13;0;31.99
50;2025-11-13;1;2.93
50;2025-11-13;2;0.31
50;2025-11-13;3;0.04
50;2025-11-13;4;2.86
50;2025-11-13;5;68.68
50;2025-11-13;6;547.84
50;2025-11-13;7;1785.13
50;2025-11-13;8;2860.52
50;2025-11-13;9;2199.45
50;2025-11-13;10;1698.48
50;2025-11-13;11;1597.26
50;2025-11-13;12;1465.57
50;2025-11-13;13;1510.45
50;2025-11-13;14;1456.91
50;2025-11-13;15;1769.73
50;2025-11-13;16;1728.95
50;2025-11-13;17;2450.18
50;2025-11-13;18;2540.49
50;2025-11-13;19;1501.82
50;2025-11-13;20;947.42
50;2025-11-13;21;647.86
50;2025-11-13;22;281.61
50;2025-11-13;23;143.33
50;2025-11-14;0;42.86
50;2025-11-14;1;2.33
50;2025-11-14;2;0.05
50;2025-11-14;3;0.0
50;2025-11-14;4;2.96
50;2025-11-14;5;65.45
50;2025-11-14;6;532.55
50;2025-11-14;7;1782.41
50;2025-11-14;8;2776.49
50;2025-11-14;9;2107.38
50;2025-11-14;10;1577.68
50;2025-11-14;11;1637.76
50;2025-11-14;12;1552.29
50;2025-11-14;13;1574.18
50;2025-11-14;14;1544.86
50;2025-11-14;15;1856.89
50;2025-11-14;16;2255.54
50;2025-11-14;17;2279.2
50;2025-11-14;18;1793.3
50;2025-11-14;19;1286.14
50;2025-11-14;20;848.81
50;2025-11-14;21;605.28
50;2025-11-14;22;311.91
50;2025-11-14;23;180.11
50;2025-11-15;0;11.74
50;2025-11-15;1;0.85
50;2025-11-15;2;0.0
50;2025-11-15;3;0.52
50;2025-11-15;4;0.07
50;2025-11-15;5;2.22
50;2025-11-15;6;2.74
50;2025-11-15;7;4.31
50;2025-11-15;8;8.61
50;2025-11-15;9;16.31
50;2025-11-15;10;5.81
50;2025-11-15;11;10.5
50;2025-11-15;12;19.25
50;2025-11-15;13;12.72
50;2025-11-15;14;15.66
50;2025-11-15;15;22.83
50;2025-11-15;16;14.61
50;2025-11-15;17;13.96
50;2025-11-15;18;3.39
50;2025-11-15;19;3.2
50;2025-11-15;20;2.02
50;2025-11-15;21;2.35
50;2025-11-15;22;2.22
50;2025-11-15;23;0.65
50;2025-11-16;0;0.14
50;2025-11-16;1;0.0
50;2025-11-16;2;0.0
50;2025-11-16;3;0.0
50;2025-11-16;4;0.0
50;2025-11-16;5;0.0
50;2025-11-16;6;0.34
50;2025-11-16;7;0.18
50;2025-11-16;8;0.31
50;2025-11-16;9;0.11
50;2025-11-16;10;1.32
50;2025-11-16;11;5.08
50;2025-11-16;12;4.34
50;2025-11-16;13;4.7
50;2025-11-16;14;6.54
50;2025-11-16;15;5.04
50;2025-11-16;16;4.66
50;2025-11-16;17;4.91
50;2025-11-16;18;3.41
50;2025-11-16;19;3.85
50;2025-11-16;20;2.64
50;2025-11-16;21;1.68
50;2025-11-16;22;1.79
50;2025-11-16;23;0.61
50;2025-11-17;0;30.26
50;2025-11-17;1;2.77
50;2025-11-17;2;0.29
50;2025-11-17;3;0.04
50;2025-11-17;4;2.71
50;2025-11-17;5;64.97
50;2025-11-17;6;518.23
50;2025-11-17;7;1688.65
50;2025-11-17;8;2705.92
50;2025-11-17;9;2080.58
50;2025-11-17;10;1606.69
50;2025-11-17;11;1510.94
50;2025-11-17;12;1386.36
50;2025-11-17;13;1428.81
50;2025-11-17;14;1378.17
50;2025-11-17;15;1674.08
50;2025-11-17;16;1635.5
50;2025-11-17;17;2317.76
50;2025-11-17;18;2403.19
50;2025-11-17;19;1420.65
50;2025-11-17;20;896.21
50;2025-11-17;21;612.84
50;2025-11-17;22;266.39
50;2025-11-17;23;135.58
50;2025-11-18;0;31.1
50;2025-11-18;1;2.85
50;2025-11-18;2;0.3
50;2025-11-18;3;0.04
50;2025-11-18;4;2.78
50;2025-11-18;5;66.76
50;2025-11-18;6;532.55
50;2025-11-18;7;1735.3
50;2025-11-18;8;2780.67
50;2025-11-18;9;2138.06
50;2025-11-18;10;1651.07
50;2025-11-18;11;1552.68
50;2025-11-18;12;1424.66
50;2025-11-18;13;1468.28
50;2025-11-18;14;1416.24
50;2025-11-18;15;1720.33
50;2025-11-18;16;1680.68
50;2025-11-18;17;2381.79
50;2025-11-18;18;2469.58
50;2025-11-18;19;1459.9
50;2025-11-18;20;920.97
50;2025-11-18;21;629.77
50;2025-11-18;22;273.75
50;2025-11-18;23;139.33
50;2025-11-19;0;31.75
50;2025-11-19;1;2.91
50;2025-11-19;2;0.3
50;2025-11-19;3;0.04
50;2025-11-19;4;2.84
50;2025-11-19;5;68.17
50;2025-11-19;6;543.74
50;2025-11-19;7;1771.75
50;2025-11-19;8;2839.09
50;2025-11-19;9;2182.97
50;2025-11-19;10;1685.76
50;2025-11-19;11;1585.3
50;2025-11-19;12;1454.59
50;2025-11-19;13;1499.13
50;2025-11-19;14;1445.99
50;2025-11-19;15;1756.47
50;2025-11-19;16;1715.99
50;2025-11-19;17;2431.82
50;2025-11-19;18;2521.46
50;2025-11-19;19;1490.57
50;2025-11-19;20;940.32
50;2025-11-19;21;643.0
50;2025-11-19;22;279.5
50;2025-11-19;23;142.25
50;2025-11-20;0;32.0
50;2025-11-20;1;2.93
50;2025-11-20;2;0.31
50;2025-11-20;3;0.04
50;2025-11-20;4;2.86
50;2025-11-20;5;68.71
50;2025-11-20;6;548.06
50;2025-11-20;7;1785.84
50;2025-11-20;8;2861.67
50;2025-11-20;9;2200.33
50;2025-11-20;10;1699.16
50;2025-11-20;11;1597.9
50;2025-11-20;12;1466.15
50;2025-11-20;13;1511.05
50;2025-11-20;14;1457.49
50;2025-11-20;15;1770.44
50;2025-11-20;16;1729.64
50;2025-11-20;17;2451.16
50;2025-11-20;18;2541.51
50;2025-11-20;19;1502.42
50;2025-11-20;20;947.8
50;2025-11-20;21;648.12
50;2025-11-20;22;281.72
50;2025-11-20;23;143.39
50;2025-11-21;0;42.88
50;2025-11-21;1;2.34
50;2025-11-21;2;0.05
50;2025-11-21;3;0.0
50;2025-11-21;4;2.96
50;2025-11-21;5;65.48
50;2025-11-21;6;532.77
50;2025-11-21;7;1783.12
50;2025-11-21;8;2777.6
50;2025-11-21;9;2108.22
50;2025-11-21;10;1578.31
50;2025-11-21;11;1638.41
50;2025-11-21;12;1552.91
50;2025-11-21;13;1574.81
50;2025-11-21;14;1545.48
50;2025-11-21;15;1857.63
50;2025-11-21;16;2256.44
50;2025-11-21;17;2280.11
50;2025-11-21;18;1794.02
50;2025-11-21;19;1286.65
50;2025-11-21;20;849.15
50;2025-11-21;21;605.52
50;2025-11-21;22;312.04
50;2025-11-21;23;180.19
50;2025-11-22;0;11.97
50;2025-11-22;1;0.86
50;2025-11-22;2;0.0
50;2025-11-22;3;0.53
50;2025-11-22;4;0.07
50;2025-11-22;5;2.26
50;2025-11-22;6;2.79
50;2025-11-22;7;4.39
50;2025-11-22;8;8.78
50;2025-11-22;9;16.62
50;2025-11-22;10;5.92
50;2025-11-22;11;10.7
50;2025-11-22;12;19.61
50;2025-11-22;13;12.96
50;2025-11-22;14;15.95
50;2025-11-22;15;23.27
50;2025-11-22;16;14.89
50;2025-11-22;17;14.23
50;2025-11-22;18;3.46
50;2025-11-22;19;3.26
50;2025-11-22;20;2.06
50;2025-11-22;21;2.39
50;2025-11-22;22;2.26
50;2025-11-22;23;0.66
50;2025-11-23;0;0.14
50;2025-11-23;1;0.0
50;2025-11-23;2;0.0
50;2025-11-23;3;0.0
50;2025-11-23;4;0.0
50;2025-11-23;5;0.0
50;2025-11-23;6;0.34
50;2025-11-23;7;0.18
50;2025-11-23;8;0.31
50;2025-11-23;9;0.11
50;2025-11-23;10;1.32
50;2025-11-23;11;5.08
50;2025-11-23;12;4.34
50;2025-11-23;13;4.7
50;2025-11-23;14;6.54
50;2025-11-23;15;5.04
50;2025-11-23;16;4.66
50;2025-11-23;17;4.91
50;2025-11-23;18;3.41
50;2025-11-23;19;3.85
50;2025-11-23;20;2.64
50;2025-11-23;21;1.68
50;2025-11-23;22;1.79
50;2025-11-23;23;0.61
50;2025-11-24;0;30.1
50;2025-11-24;1;2.76
50;2025-11-24;2;0.29
50;2025-11-24;3;0.04
50;2025-11-24;4;2.69
50;2025-11-24;5;64.63
50;2025-11-24;6;515.54
50;2025-11-24;7;1679.89
50;2025-11-24;8;2691.88
50;2025-11-24;9;2069.79
50;2025-11-24;10;1598.35
50;2025-11-24;11;1503.1
50;2025-11-24;12;1379.17
50;2025-11-24;13;1421.4
50;2025-11-24;14;1371.02
50;2025-11-24;15;1665.4
50;2025-11-24;16;1627.02
50;2025-11-24;17;2305.74
50;2025-11-24;18;2390.72
50;2025-11-24;19;1413.28
50;2025-11-24;20;891.57
50;2025-11-24;21;609.66
50;2025-11-24;22;265.0
50;2025-11-24;23;134.88
50;2025-11-25;0;31.69
50;2025-11-25;1;2.9
50;2025-11-25;2;0.3
50;2025-11-25;3;0.04
50;2025-11-25;4;2.83
50;2025-11-25;5;68.03
50;2025-11-25;6;542.66
50;2025-11-25;7;1768.23
50;2025-11-25;8;2833.44
50;2025-11-25;9;2178.63
50;2025-11-25;10;1682.41
50;2025-11-25;11;1582.14
50;2025-11-25;12;1451.69
50;2025-11-25;13;1496.15
50;2025-11-25;14;1443.12
50;2025-11-25;15;1752.98
50;2025-11-25;16;1712.58
50;2025-11-25;17;2426.99
50;2025-11-25;18;2516.44
50;2025-11-25;19;1487.61
50;2025-11-25;20;938.45
50;2025-11-25;21;641.73
50;2025-11-25;22;278.94
50;2025-11-25;23;141.97
50;2025-11-26;0;31.15
50;2025-11-26;1;2.85
50;2025-11-26;2;0.3
50;2025-11-26;3;0.04
50;2025-11-26;4;2.78
50;2025-11-26;5;66.87
50;2025-11-26;6;533.4
50;2025-11-26;7;1738.06
50;2025-11-26;8;2785.1
50;2025-11-26;9;2141.46
50;2025-11-26;10;1653.7
50;2025-11-26;11;1555.15
50;2025-11-26;12;1426.92
50;2025-11-26;13;1470.62
50;2025-11-26;14;1418.5
50;2025-11-26;15;1723.07
50;2025-11-26;16;1683.36
50;2025-11-26;17;2385.58
50;2025-11-26;18;2473.51
50;2025-11-26;19;1462.22
50;2025-11-26;20;922.44
50;2025-11-26;21;630.78
50;2025-11-26;22;274.18
50;2025-11-26;23;139.55
50;2025-11-27;0;31.43
50;2025-11-27;1;2.88
50;2025-11-27;2;0.3
50;2025-11-27;3;0.04
50;2025-11-27;4;2.81
50;2025-11-27;5;67.48
50;2025-11-27;6;538.28
50;2025-11-27;7;1753.99
50;2025-11-27;8;2810.62
50;2025-11-27;9;2161.08
50;2025-11-27;10;1668.85
50;2025-11-27;11;1569.4
50;2025-11-27;12;1440.0
50;2025-11-27;13;1484.1
50;2025-11-27;14;1431.49
50;2025-11-27;15;1738.85
50;2025-11-27;16;1698.78
50;2025-11-27;17;2407.44
50;2025-11-27;18;2496.17
50;2025-11-27;19;1475.62
50;2025-11-27;20;930.89
50;2025-11-27;21;636.56
50;2025-11-27;22;276.69
50;2025-11-27;23;140.83
50;2025-11-28;0;42.93
50;2025-11-28;1;2.34
50;2025-11-28;2;0.05
50;2025-11-28;3;0.0
50;2025-11-28;4;2.97
50;2025-11-28;5;65.56
50;2025-11-28;6;533.41
50;2025-11-28;7;1785.26
50;2025-11-28;8;2780.94
50;2025-11-28;9;2110.75
50;2025-11-28;10;1580.2
50;2025-11-28;11;1640.38
50;2025-11-28;12;1554.78
50;2025-11-28;13;1576.7
50;2025-11-28;14;1547.33
50;2025-11-28;15;1859.86
50;2025-11-28;16;2259.15
50;2025-11-28;17;2282.85
50;2025-11-28;18;1796.17
50;2025-11-28;19;1288.2
50;2025-11-28;20;850.17
50;2025-11-28;21;606.25
50;2025-11-28;22;312.41
50;2025-11-28;23;180.4
50;2025-11-29;0;12.04
50;2025-11-29;1;0.87
50;2025-11-29;2;0.0
50;2025-11-29;3;0.54
50;2025-11-29;4;0.07
50;2025-11-29;5;2.27
50;2025-11-29;6;2.81
50;2025-11-29;7;4.42
50;2025-11-29;8;8.83
50;2025-11-29;9;16.73
50;2025-11-29;10;5.95
50;2025-11-29;11;10.77
50;2025-11-29;12;19.74
50;2025-11-29;13;13.05
50;2025-11-29;14;16.06
50;2025-11-29;15;23.42
50;2025-11-29;16;14.99
50;2025-11-29;17;14.32
50;2025-11-29;18;3.48
50;2025-11-29;19;3.28
50;2025-11-29;20;2.07
50;2025-11-29;21;2.41
50;2025-11-29;22;2.27
50;2025-11-29;23;0.67
50;2025-11-30;0;0.14
50;2025-11-30;1;0.0
50;2025-11-30;2;0.0
50;2025-11-30;3;0.0
50;2025-11-30;4;0.0
50;2025-11-30;5;0.0
50;2025-11-30;6;0.34
50;2025-11-30;7;0.18
50;2025-11-30;8;0.31
50;2025-11-30;9;0.11
50;2025-11-30;10;1.32
50;2025-11-30;11;5.08
50;2025-11-30;12;4.34
50;2025-11-30;13;4.7
50;2025-11-30;14;6.54
50;2025-11-30;15;5.04
50;2025-11-30;16;4.66
50;2025-11-30;17;4.91
50;2025-11-30;18;3.41
50;2025-11-30;19;3.85
50;2025-11-30;20;2.64
50;2025-11-30;21;1.68
50;2025-11-30;22;1.79
50;2025-11-30;23;0.61
50;2025-12-01;0;31.72
50;2025-12-01;1;2.95
50;2025-12-01;2;0.24
50;2025-12-01;3;0.03
50;2025-12-01;4;2.63
50;2025-12-01;5;65.51
50;2025-12-01;6;523.68
50;2025-12-01;7;1704.82
50;2025-12-01;8;2704.87
50;2025-12-01;9;2084.69
50;2025-12-01;10;1608.47
50;2025-12-01;11;1529.41
50;2025-12-01;12;1403.68
50;2025-12-01;13;1430.41
50;2025-12-01;14;1384.7
50;2025-12-01;15;1689.47
50;2025-12-01;16;1645.34
50;2025-12-01;17;2342.91
50;2025-12-01;18;2441.45
50;2025-12-01;19;1445.42
50;2025-12-01;20;898.61
50;2025-12-01;21;616.17
50;2025-12-01;22;272.11
50;2025-12-01;23;135.39
50;2025-12-02;0;32.83
50;2025-12-02;1;3.05
50;2025-12-02;2;0.25
50;2025-12-02;3;0.03
50;2025-12-02;4;2.73
50;2025-12-02;5;67.81
50;2025-12-02;6;542.04
50;2025-12-02;7;1764.57
50;2025-12-02;8;2799.68
50;2025-12-02;9;2157.76
50;2025-12-02;10;1664.85
50;2025-12-02;11;1583.01
50;2025-12-02;12;1452.88
50;2025-12-02;13;1480.54
50;2025-12-02;14;1433.23
50;2025-12-02;15;1748.69
50;2025-12-02;16;1703.02
50;2025-12-02;17;2425.03
50;2025-12-02;18;2527.03
50;2025-12-02;19;1496.08
50;2025-12-02;20;930.11
50;2025-12-02;21;637.77
50;2025-12-02;22;281.65
50;2025-12-02;23;140.14
50;2025-12-03;0;32.9
50;2025-12-03;1;3.06
50;2025-12-03;2;0.25
50;2025-12-03;3;0.03
50;2025-12-03;4;2.73
50;2025-12-03;5;67.94
50;2025-12-03;6;543.12
50;2025-12-03;7;1768.09
50;2025-12-03;8;2805.26
50;2025-12-03;9;2162.06
50;2025-12-03;10;1668.17
50;2025-12-03;11;1586.17
50;2025-12-03;12;1455.77
50;2025-12-03;13;1483.49
50;2025-12-03;14;1436.09
50;2025-12-03;15;1752.17
50;2025-12-03;16;1706.41
50;2025-12-03;17;2429.86
50;2025-12-03;18;2532.06
50;2025-12-03;19;1499.06
50;2025-12-03;20;931.96
50;2025-12-03;21;639.04
50;2025-12-03;22;282.21
50;2025-12-03;23;140.42
50;2025-12-04;0;33.16
50;2025-12-04;1;3.08
50;2025-12-04;2;0.25
50;2025-12-04;3;0.03
50;2025-12-04;4;2.75
50;2025-12-04;5;68.48
50;2025-12-04;6;547.44
50;2025-12-04;7;1782.15
50;2025-12-04;8;2827.56
50;2025-12-04;9;2179.25
50;2025-12-04;10;1681.43
50;2025-12-04;11;1598.78
50;2025-12-04;12;1467.35
50;2025-12-04;13;1495.29
50;2025-12-04;14;1447.51
50;2025-12-04;15;1766.1
50;2025-12-04;16;1719.98
50;2025-12-04;17;2449.19
50;2025-12-04;18;2552.2
50;2025-12-04;19;1510.98
50;2025-12-04;20;939.38
50;2025-12-04;21;644.12
50;2025-12-04;22;284.46
50;2025-12-04;23;141.53
50;2025-12-05;0;43.24
50;2025-12-05;1;2.53
50;2025-12-05;2;0.06
50;2025-12-05;3;0.0
50;2025-12-05;4;2.86
50;2025-12-05;5;64.75
50;2025-12-05;6;533.4
50;2025-12-05;7;1767.45
50;2025-12-05;8;2746.27
50;2025-12-05;9;2102.18
50;2025-12-05;10;1578.24
50;2025-12-05;11;1643.66
50;2025-12-05;12;1562.17
50;2025-12-05;13;1564.06
50;2025-12-05;14;1543.22
50;2025-12-05;15;1872.27
50;2025-12-05;16;2219.31
50;2025-12-05;17;2265.56
50;2025-12-05;18;1807.92
50;2025-12-05;19;1281.99
50;2025-12-05;20;844.11
50;2025-12-05;21;610.43
50;2025-12-05;22;316.07
50;2025-12-05;23;181.42
50;2025-12-06;0;70.28
50;2025-12-06;1;4.35
50;2025-12-06;2;0.0
50;2025-12-06;3;0.0
50;2025-12-06;4;1.38
50;2025-12-06;5;30.58
50;2025-12-06;6;158.09
50;2025-12-06;7;374.78
50;2025-12-06;8;578.73
50;2025-12-06;9;613.55
50;2025-12-06;10;586.37
50;2025-12-06;11;777.79
50;2025-12-06;12;786.18
50;2025-12-06;13;846.06
50;2025-12-06;14;867.83
50;2025-12-06;15;839.9
50;2025-12-06;16;812.3
50;2025-12-06;17;783.0
50;2025-12-06;18;699.23
50;2025-12-06;19;611.11
50;2025-12-06;20;459.71
50;2025-12-06;21;369.89
50;2025-12-06;22;225.08
50;2025-12-06;23;132.39
50;2025-12-07;0;49.16
50;2025-12-07;1;6.37
50;2025-12-07;2;0.0
50;2025-12-07;3;0.0
50;2025-12-07;4;1.06
50;2025-12-07;5;22.83
50;2025-12-07;6;106.91
50;2025-12-07;7;214.25
50;2025-12-07;8;325.83
50;2025-12-07;9;421.39
50;2025-12-07;10;466.93
50;2025-12-07;11;581.7
50;2025-12-07;12;678.42
50;2025-12-07;13;755.82
50;2025-12-07;14;775.03
50;2025-12-07;15;690.84
50;2025-12-07;16;708.78
50;2025-12-07;17;703.37
50;2025-12-07;18;623.11
50;2025-12-07;19;530.53
50;2025-12-07;20;424.36
50;2025-12-07;21;333.16
50;2025-12-07;22;205.54
50;2025-12-07;23;107.76
50;2025-12-08;0;31.72
50;2025-12-08;1;2.95
50;2025-12-08;2;0.24
50;2025-12-08;3;0.03
50;2025-12-08;4;2.63
50;2025-12-08;5;65.51
50;2025-12-08;6;523.68
50;2025-12-08;7;1704.82
50;2025-12-08;8;2704.87
50;2025-12-08;9;2084.69
50;2025-12-08;10;1608.47
50;2025-12-08;11;1529.41
50;2025-12-08;12;1403.68
50;2025-12-08;13;1430.41
50;2025-12-08;14;1384.7
50;2025-12-08;15;1689.47
50;2025-12-08;16;1645.34
50;2025-12-08;17;2342.91
50;2025-12-08;18;2441.45
50;2025-12-08;19;1445.42
50;2025-12-08;20;898.61
50;2025-12-08;21;616.17
50;2025-12-08;22;272.11
50;2025-12-08;23;135.39
50;2025-12-09;0;32.81
50;2025-12-09;1;3.05
50;2025-12-09;2;0.25
50;2025-12-09;3;0.03
50;2025-12-09;4;2.73
50;2025-12-09;5;67.75
50;2025-12-09;6;541.61
50;2025-12-09;7;1763.16
50;2025-12-09;8;2797.44
50;2025-12-09;9;2156.04
50;2025-12-09;10;1663.52
50;2025-12-09;11;1581.75
50;2025-12-09;12;1451.72
50;2025-12-09;13;1479.36
50;2025-12-09;14;1432.09
50;2025-12-09;15;1747.29
50;2025-12-09;16;1701.65
50;2025-12-09;17;2423.09
50;2025-12-09;18;2525.01
50;2025-12-09;19;1494.89
50;2025-12-09;20;929.37
50;2025-12-09;21;637.26
50;2025-12-09;22;281.43
50;2025-12-09;23;140.02
50;2025-12-10;0;32.79
50;2025-12-10;1;3.05
50;2025-12-10;2;0.25
50;2025-12-10;3;0.03
50;2025-12-10;4;2.72
50;2025-12-10;5;67.73
50;2025-12-10;6;541.39
50;2025-12-10;7;1762.44
50;2025-12-10;8;2796.29
50;2025-12-10;9;2155.15
50;2025-12-10;10;1662.84
50;2025-12-10;11;1581.1
50;2025-12-10;12;1451.12
50;2025-12-10;13;1478.75
50;2025-12-10;14;1431.5
50;2025-12-10;15;1746.57
50;2025-12-10;16;1700.96
50;2025-12-10;17;2422.1
50;2025-12-10;18;2523.97
50;2025-12-10;19;1494.27
50;2025-12-10;20;928.99
50;2025-12-10;21;636.99
50;2025-12-10;22;281.31
50;2025-12-10;23;139.97
50;2025-12-11;0;32.61
50;2025-12-11;1;3.03
50;2025-12-11;2;0.25
50;2025-12-11;3;0.03
50;2025-12-11;4;2.71
50;2025-12-11;5;67.34
50;2025-12-11;6;538.32
50;2025-12-11;7;1752.46
50;2025-12-11;8;2780.46
50;2025-12-11;9;2142.95
50;2025-12-11;10;1653.42
50;2025-12-11;11;1572.15
50;2025-12-11;12;1442.9
50;2025-12-11;13;1470.38
50;2025-12-11;14;1423.39
50;2025-12-11;15;1736.68
50;2025-12-11;16;1691.32
50;2025-12-11;17;2408.38
50;2025-12-11;18;2509.68
50;2025-12-11;19;1485.81
50;2025-12-11;20;923.73
50;2025-12-11;21;633.39
50;2025-12-11;22;279.72
50;2025-12-11;23;139.17
50;2025-12-12;0;42.64
50;2025-12-12;1;2.49
50;2025-12-12;2;0.06
50;2025-12-12;3;0.0
50;2025-12-12;4;2.82
50;2025-12-12;5;63.85
50;2025-12-12;6;525.99
50;2025-12-12;7;1742.88
50;2025-12-12;8;2708.09
50;2025-12-12;9;2072.95
50;2025-12-12;10;1556.3
50;2025-12-12;11;1620.81
50;2025-12-12;12;1540.46
50;2025-12-12;13;1542.31
50;2025-12-12;14;1521.76
50;2025-12-12;15;1846.24
50;2025-12-12;16;2188.45
50;2025-12-12;17;2234.06
50;2025-12-12;18;1782.79
50;2025-12-12;19;1264.17
50;2025-12-12;20;832.38
50;2025-12-12;21;601.94
50;2025-12-12;22;311.67
50;2025-12-12;23;178.9
50;2025-12-13;0;70.17
50;2025-12-13;1;4.35
50;2025-12-13;2;0.0
50;2025-12-13;3;0.0
50;2025-12-13;4;1.38
50;2025-12-13;5;30.53
50;2025-12-13;6;157.83
50;2025-12-13;7;374.18
50;2025-12-13;8;577.8
50;2025-12-13;9;612.57
50;2025-12-13;10;585.43
50;2025-12-13;11;776.55
50;2025-12-13;12;784.93
50;2025-12-13;13;844.71
50;2025-12-13;14;866.44
50;2025-12-13;15;838.56
50;2025-12-13;16;811.0
50;2025-12-13;17;781.75
50;2025-12-13;18;698.11
50;2025-12-13;19;610.13
50;2025-12-13;20;458.98
50;2025-12-13;21;369.3
50;2025-12-13;22;224.72
50;2025-12-13;23;132.18
50;2025-12-14;0;49.14
50;2025-12-14;1;6.37
50;2025-12-14;2;0.0
50;2025-12-14;3;0.0
50;2025-12-14;4;1.06
50;2025-12-14;5;22.82
50;2025-12-14;6;106.87
50;2025-12-14;7;214.16
50;2025-12-14;8;325.7
50;2025-12-14;9;421.22
50;2025-12-14;10;466.74
50;2025-12-14;11;581.47
50;2025-12-14;12;678.15
50;2025-12-14;13;755.52
50;2025-12-14;14;774.72
50;2025-12-14;15;690.57
50;2025-12-14;16;708.5
50;2025-12-14;17;703.09
50;2025-12-14;18;622.86
50;2025-12-14;19;530.31
50;2025-12-14;20;424.19
50;2025-12-14;21;333.03
50;2025-12-14;22;205.46
50;2025-12-14;23;107.72
50;2025-12-15;0;31.71
50;2025-12-15;1;2.94
50;2025-12-15;2;0.24
50;2025-12-15;3;0.03
50;2025-12-15;4;2.63
50;2025-12-15;5;65.49
50;2025-12-15;6;523.48
50;2025-12-15;7;1704.13
50;2025-12-15;8;2703.79
50;2025-12-15;9;2083.86
50;2025-12-15;10;1607.83
50;2025-12-15;11;1528.79
50;2025-12-15;12;1403.12
50;2025-12-15;13;1429.83
50;2025-12-15;14;1384.14
50;2025-12-15;15;1688.79
50;2025-12-15;16;1644.69
50;2025-12-15;17;2341.97
50;2025-12-15;18;2440.48
50;2025-12-15;19;1444.84
50;2025-12-15;20;898.25
50;2025-12-15;21;615.92
50;2025-12-15;22;272.0
50;2025-12-15;23;135.34
50;2025-12-16;0;32.65
50;2025-12-16;1;3.03
50;2025-12-16;2;0.25
50;2025-12-16;3;0.03
50;2025-12-16;4;2.71
50;2025-12-16;5;67.43
50;2025-12-16;6;539.01
50;2025-12-16;7;1754.72
50;2025-12-16;8;2784.04
50;2025-12-16;9;2145.71
50;2025-12-16;10;1655.55
50;2025-12-16;11;1574.17
50;2025-12-16;12;1444.76
50;2025-12-16;13;1472.28
50;2025-12-16;14;1425.23
50;2025-12-16;15;1738.92
50;2025-12-16;16;1693.51
50;2025-12-16;17;2411.49
50;2025-12-16;18;2512.92
50;2025-12-16;19;1487.73
50;2025-12-16;20;924.92
50;2025-12-16;21;634.2
50;2025-12-16;22;280.08
50;2025-12-16;23;139.35
50;2025-12-17;0;32.9
50;2025-12-17;1;3.06
50;2025-12-17;2;0.25
50;2025-12-17;3;0.03
50;2025-12-17;4;2.73
50;2025-12-17;5;67.94
50;2025-12-17;6;543.12
50;2025-12-17;7;1768.09
50;2025-12-17;8;2805.26
50;2025-12-17;9;2162.06
50;2025-12-17;10;1668.17
50;2025-12-17;11;1586.17
50;2025-12-17;12;1455.77
50;2025-12-17;13;1483.49
50;2025-12-17;14;1436.09
50;2025-12-17;15;1752.17
50;2025-12-17;16;1706.41
50;2025-12-17;17;2429.86
50;2025-12-17;18;2532.06
50;2025-12-17;19;1499.06
50;2025-12-17;20;931.96
50;2025-12-17;21;639.04
50;2025-12-17;22;282.21
50;2025-12-17;23;140.42
50;2025-12-18;0;33.16
50;2025-12-18;1;3.08
50;2025-12-18;2;0.25
50;2025-12-18;3;0.03
50;2025-12-18;4;2.75
50;2025-12-18;5;68.48
50;2025-12-18;6;547.44
50;2025-12-18;7;1782.15
50;2025-12-18;8;2827.56
50;2025-12-18;9;2179.25
50;2025-12-18;10;1681.43
50;2025-12-18;11;1598.78
50;2025-12-18;12;1467.35
50;2025-12-18;13;1495.29
50;2025-12-18;14;1447.51
50;2025-12-18;15;1766.1
50;2025-12-18;16;1719.98
50;2025-12-18;17;2449.19
50;2025-12-18;18;2552.2
50;2025-12-18;19;1510.98
50;2025-12-18;20;939.38
50;2025-12-18;21;644.12
50;2025-12-18;22;284.46
50;2025-12-18;23;141.53
50;2025-12-19;0;43.21
50;2025-12-19;1;2.52
50;2025-12-19;2;0.06
50;2025-12-19;3;0.0
50;2025-12-19;4;2.86
50;2025-12-19;5;64.69
50;2025-12-19;6;532.97
50;2025-12-19;7;1766.04
50;2025-12-19;8;2744.07
50;2025-12-19;9;2100.5
50;2025-12-19;10;1576.98
50;2025-12-19;11;1642.35
50;2025-12-19;12;1560.92
50;2025-12-19;13;1562.8
50;2025-12-19;14;1541.98
50;2025-12-19;15;1870.77
50;2025-12-19;16;2217.53
50;2025-12-19;17;2263.75
50;2025-12-19;18;1806.47
50;2025-12-19;19;1280.97
50;2025-12-19;20;843.44
50;2025-12-19;21;609.94
50;2025-12-19;22;315.82
50;2025-12-19;23;181.28
50;2025-12-20;0;70.28
50;2025-12-20;1;4.35
50;2025-12-20;2;0.0
50;2025-12-20;3;0.0
50;2025-12-20;4;1.38
50;2025-12-20;5;30.58
50;2025-12-20;6;158.09
50;2025-12-20;7;374.78
50;2025-12-20;8;578.73
50;2025-12-20;9;613.55
50;2025-12-20;10;586.37
50;2025-12-20;11;777.79
50;2025-12-20;12;786.18
50;2025-12-20;13;846.06
50;2025-12-20;14;867.83
50;2025-12-20;15;839.9
50;2025-12-20;16;812.3
50;2025-12-20;17;783.0
50;2025-12-20;18;699.23
50;2025-12-20;19;611.11
50;2025-12-20;20;459.71
50;2025-12-20;21;369.89
50;2025-12-20;22;225.08
50;2025-12-20;23;132.39
50;2025-12-21;0;49.06
50;2025-12-21;1;6.36
50;2025-12-21;2;0.0
50;2025-12-21;3;0.0
50;2025-12-21;4;1.06
50;2025-12-21;5;22.78
50;2025-12-21;6;106.7
50;2025-12-21;7;213.82
50;2025-12-21;8;325.18
50;2025-12-21;9;420.54
50;2025-12-21;10;466.0
50;2025-12-21;11;580.54
50;2025-12-21;12;677.06
50;2025-12-21;13;754.31
50;2025-12-21;14;773.49
50;2025-12-21;15;689.46
50;2025-12-21;16;707.37
50;2025-12-21;17;701.96
50;2025-12-21;18;621.86
50;2025-12-21;19;529.47
50;2025-12-21;20;423.51
50;2025-12-21;21;332.49
50;2025-12-21;22;205.13
50;2025-12-21;23;107.55
50;2025-12-22;0;30.97
50;2025-12-22;1;2.88
50;2025-12-22;2;0.24
50;2025-12-22;3;0.03
50;2025-12-22;4;2.57
50;2025-12-22;5;63.97
50;2025-12-22;6;511.37
50;2025-12-22;7;1664.72
50;2025-12-22;8;2641.25
50;2025-12-22;9;2035.65
50;2025-12-22;10;1570.64
50;2025-12-22;11;1493.43
50;2025-12-22;12;1370.66
50;2025-12-22;13;1396.76
50;2025-12-22;14;1352.13
50;2025-12-22;15;1649.73
50;2025-12-22;16;1606.64
50;2025-12-22;17;2287.8
50;2025-12-22;18;2384.03
50;2025-12-22;19;1411.42
50;2025-12-22;20;877.48
50;2025-12-22;21;601.67
50;2025-12-22;22;265.71
50;2025-12-22;23;132.21
50;2025-12-23;0;32.18
50;2025-12-23;1;2.99
50;2025-12-23;2;0.25
50;2025-12-23;3;0.03
50;2025-12-23;4;2.67
50;2025-12-23;5;66.45
50;2025-12-23;6;531.2
50;2025-12-23;7;1729.28
50;2025-12-23;8;2743.69
50;2025-12-23;9;2114.61
50;2025-12-23;10;1631.55
50;2025-12-23;11;1551.35
50;2025-12-23;12;1423.82
50;2025-12-23;13;1450.93
50;2025-12-23;14;1404.57
50;2025-12-23;15;1713.71
50;2025-12-23;16;1668.96
50;2025-12-23;17;2376.53
50;2025-12-23;18;2476.49
50;2025-12-23;19;1466.16
50;2025-12-23;20;911.51
50;2025-12-23;21;625.01
50;2025-12-23;22;276.02
50;2025-12-23;23;137.33
50;2025-12-24;0;32.16
50;2025-12-24;1;2.99
50;2025-12-24;2;0.25
50;2025-12-24;3;0.03
50;2025-12-24;4;2.67
50;2025-12-24;5;66.42
50;2025-12-24;6;530.98
50;2025-12-24;7;1728.57
50;2025-12-24;8;2742.56
50;2025-12-24;9;2113.74
50;2025-12-24;10;1630.89
50;2025-12-24;11;1550.72
50;2025-12-24;12;1423.24
50;2025-12-24;13;1450.34
50;2025-12-24;14;1403.99
50;2025-12-24;15;1713.01
50;2025-12-24;16;1668.27
50;2025-12-24;17;2375.56
50;2025-12-24;18;2475.47
50;2025-12-24;19;1465.56
50;2025-12-24;20;911.14
50;2025-12-24;21;624.75
50;2025-12-24;22;275.9
50;2025-12-24;23;137.28
50;2025-12-25;0;32.21
50;2025-12-25;1;2.99
50;2025-12-25;2;0.25
50;2025-12-25;3;0.03
50;2025-12-25;4;2.68
50;2025-12-25;5;66.53
50;2025-12-25;6;531.79
50;2025-12-25;7;1731.2
50;2025-12-25;8;2746.74
50;2025-12-25;9;2116.96
50;2025-12-25;10;1633.37
50;2025-12-25;11;1553.08
50;2025-12-25;12;1425.4
50;2025-12-25;13;1452.55
50;2025-12-25;14;1406.13
50;2025-12-25;15;1715.62
50;2025-12-25;16;1670.81
50;2025-12-25;17;2379.17
50;2025-12-25;18;2479.24
50;2025-12-25;19;1467.79
50;2025-12-25;20;912.52
50;2025-12-25;21;625.71
50;2025-12-25;22;276.32
50;2025-12-25;23;137.49
50;2025-12-26;0;41.51
50;2025-12-26;1;2.43
50;2025-12-26;2;0.06
50;2025-12-26;3;0.0
50;2025-12-26;4;2.75
50;2025-12-26;5;62.15
50;2025-12-26;6;511.97
50;2025-12-26;7;1696.45
50;2025-12-26;8;2635.94
50;2025-12-26;9;2017.72
50;2025-12-26;10;1514.83
50;2025-12-26;11;1577.63
50;2025-12-26;12;1499.42
50;2025-12-26;13;1501.22
50;2025-12-26;14;1481.22
50;2025-12-26;15;1797.05
50;2025-12-26;16;2130.15
50;2025-12-26;17;2174.54
50;2025-12-26;18;1735.29
50;2025-12-26;19;1230.49
50;2025-12-26;20;810.2
50;2025-12-26;21;585.9
50;2025-12-26;22;303.37
50;2025-12-26;23;174.13
50;2025-12-27;0;70.14
50;2025-12-27;1;4.34
50;2025-12-27;2;0.0
50;2025-12-27;3;0.0
50;2025-12-27;4;1.38
50;2025-12-27;5;30.52
50;2025-12-27;6;157.77
50;2025-12-27;7;374.03
50;2025-12-27;8;577.57
50;2025-12-27;9;612.33
50;2025-12-27;10;585.2
50;2025-12-27;11;776.24
50;2025-12-27;12;784.61
50;2025-12-27;13;844.37
50;2025-12-27;14;866.09
50;2025-12-27;15;838.23
50;2025-12-27;16;810.68
50;2025-12-27;17;781.43
50;2025-12-27;18;697.83
50;2025-12-27;19;609.89
50;2025-12-27;20;458.79
50;2025-12-27;21;369.15
50;2025-12-27;22;224.63
50;2025-12-27;23;132.13
50;2025-12-28;0;48.76
50;2025-12-28;1;6.32
50;2025-12-28;2;0.0
50;2025-12-28;3;0.0
50;2025-12-28;4;1.05
50;2025-12-28;5;22.64
50;2025-12-28;6;106.06
50;2025-12-28;7;212.54
50;2025-12-28;8;323.24
50;2025-12-28;9;418.03
50;2025-12-28;10;463.21
50;2025-12-28;11;577.07
50;2025-12-28;12;673.01
50;2025-12-28;13;749.8
50;2025-12-28;14;768.86
50;2025-12-28;15;685.34
50;2025-12-28;16;703.14
50;2025-12-28;17;697.77
50;2025-12-28;18;618.14
50;2025-12-28;19;526.3
50;2025-12-28;20;420.98
50;2025-12-28;21;330.5
50;2025-12-28;22;203.91
50;2025-12-28;23;106.9
50;2025-12-29;0;28.35
50;2025-12-29;1;2.63
50;2025-12-29;2;0.22
50;2025-12-29;3;0.03
50;2025-12-29;4;2.36
50;2025-12-29;5;58.56
50;2025-12-29;6;468.12
50;2025-12-29;7;1523.94
50;2025-12-29;8;2417.88
50;2025-12-29;9;1863.51
50;2025-12-29;10;1437.81
50;2025-12-29;11;1367.14
50;2025-12-29;12;1254.75
50;2025-12-29;13;1278.64
50;2025-12-29;14;1237.78
50;2025-12-29;15;1510.22
50;2025-12-29;16;1470.77
50;2025-12-29;17;2094.33
50;2025-12-29;18;2182.42
50;2025-12-29;19;1292.06
50;2025-12-29;20;803.27
50;2025-12-29;21;550.79
50;2025-12-29;22;243.24
50;2025-12-29;23;121.03
50;2025-12-30;0;27.52
50;2025-12-30;1;2.56
50;2025-12-30;2;0.21
50;2025-12-30;3;0.03
50;2025-12-30;4;2.29
50;2025-12-30;5;56.84
50;2025-12-30;6;454.33
50;2025-12-30;7;1479.03
50;2025-12-30;8;2346.64
50;2025-12-30;9;1808.6
50;2025-12-30;10;1395.45
50;2025-12-30;11;1326.86
50;2025-12-30;12;1217.78
50;2025-12-30;13;1240.97
50;2025-12-30;14;1201.31
50;2025-12-30;15;1465.72
50;2025-12-30;16;1427.44
50;2025-12-30;17;2032.62
50;2025-12-30;18;2118.11
50;2025-12-30;19;1253.99
50;2025-12-30;20;779.6
50;2025-12-30;21;534.56
50;2025-12-30;22;236.07
50;2025-12-30;23;117.46
50;2025-12-31;0;60.84
50;2025-12-31;1;3.77
50;2025-12-31;2;0.0
50;2025-12-31;3;0.0
50;2025-12-31;4;1.19
50;2025-12-31;5;26.47
50;2025-12-31;6;136.84
50;2025-12-31;7;324.41
50;2025-12-31;8;500.95
50;2025-12-31;9;531.1
50;2025-12-31;10;507.57
50;2025-12-31;11;673.27
50;2025-12-31;12;680.53
50;2025-12-31;13;732.36
50;2025-12-31;14;751.2
50;2025-12-31;15;727.03
50;2025-12-31;16;703.14
50;2025-12-31;17;677.77
50;2025-12-31;18;605.26
50;2025-12-31;19;528.98
50;2025-12-31;20;397.93
50;2025-12-31;21;192.11
50;2025-12-31;22;116.9
50;2025-12-31;23;68.76
